t,theta_rad,omega_sc,omega_rw,T_dist,T_applied,T_des,yaw_err_deg
0.0,0.08726746260640984,5.000033466827595e-05,-0.01,3.34668275949428e-10,5e-05,5e-05,24.999942703836982
0.02,0.08726946273018363,0.0001000061886892118,-0.02,5.854020935851225e-09,5e-05,5e-05,24.99982810518624
0.04,0.08727246290955346,0.00015000896849142083,-0.03,2.7798022090377346e-09,5e-05,5e-05,24.999656207570567
0.06,0.08727646319283766,0.00020001416421027292,-0.04,5.195718852098068e-09,5e-05,5e-05,24.999427008221527
0.08,0.08728146355524315,0.00025001812027396355,-0.05,3.956063690611707e-09,5e-05,5e-05,24.999140508559655
0.1,0.08728746389893996,0.0003000171848405736,-0.060000000000000005,-9.354333899768056e-10,5e-05,5e-05,24.998796714190203
0.12,0.08729446426893382,0.0003500184996933763,-0.07,1.3148528027292453e-09,5e-05,5e-05,24.99839562253452
0.14,0.08730246475215096,0.0004000241608569091,-0.08,5.661163532749031e-09,5e-05,5e-05,24.997937228612113
0.16,0.08731146521548568,0.00045002316673545164,-0.09,-9.941214574499974e-10,5e-05,5e-05,24.997421540049373
0.18,0.08732146572254569,0.0005000253530006612,-0.09999999999999999,2.1862652095856575e-09,5e-05,5e-05,24.996848553201843
0.2,0.08733246621445036,0.0005500245952334013,-0.10999999999999999,-7.577672598978378e-10,5e-05,5e-05,24.99621827144314
0.22,0.0873444666911107,0.0006000238330173342,-0.11999999999999998,-7.622160670222627e-10,5e-05,5e-05,24.995530694778353
0.24,0.08735746704681209,0.0006500177850692835,-0.12999999999999998,-6.047948050800495e-09,5e-05,5e-05,24.994785829264497
0.26,0.08737146735949658,0.0007000156342243755,-0.13999999999999999,-2.1508449079144975e-09,5e-05,5e-05,24.993983670435814
0.28,0.08738646769560364,0.0007500168053532534,-0.15,1.171128877961498e-09,5e-05,5e-05,24.9931242144856
0.3,0.08740246807571594,0.0008000190056155729,-0.16,2.2002623194576867e-09,5e-05,5e-05,24.99220746023456
0.32,0.08741946842155411,0.0008500172919081665,-0.17,-1.713707406433051e-09,5e-05,5e-05,24.99123341216777
0.34,0.08743746874356842,0.0009000161007155232,-0.18000000000000002,-1.1911926432884835e-09,5e-05,5e-05,24.990202069686475
0.36,0.08745646910825852,0.0009500182345052858,-0.19000000000000003,2.133789762652632e-09,5e-05,5e-05,24.98911342898052
0.38,0.08747646955256425,0.0010000222152859914,-0.20000000000000004,3.980780705737058e-09,5e-05,5e-05,24.987967487933417
0.4,0.08749746999213276,0.0010500219784256352,-0.21000000000000005,-2.368603563637392e-10,5e-05,5e-05,24.986764251378222
0.42,0.08751947041544117,0.0011000211654204302,-0.22000000000000006,-8.130052049977388e-10,5e-05,5e-05,24.98550371997515
0.44,0.08754247081438664,0.0011500199472737,-0.23000000000000007,-1.2181467302349363e-09,5e-05,5e-05,24.984185894188457
0.46,0.08756647125612894,0.0012000220871151177,-0.24000000000000007,2.1398414177029323e-09,5e-05,5e-05,24.982810770170175
0.48,0.08759147165625772,0.0012500200064385993,-0.25000000000000006,-2.0806765183688243e-09,5e-05,5e-05,24.981378352756657
0.5,0.08761747205597874,0.0013000199860510272,-0.26000000000000006,-2.038757209292202e-11,5e-05,5e-05,24.97988863958699
0.52,0.08764447245053837,0.0013500197279817242,-0.2700000000000001,-2.5806930304449584e-10,5e-05,5e-05,24.978341630933535
0.54,0.08767247281451361,0.0014000181987619698,-0.2800000000000001,-1.5292197543678575e-09,5e-05,5e-05,24.97673732825292
0.56,0.08770147314085458,0.001450016317048378,-0.2900000000000001,-1.8817135918783127e-09,5e-05,5e-05,24.975075731949083
0.58,0.08773147342671762,0.0015000142931524806,-0.3000000000000001,-2.023895897403169e-09,5e-05,5e-05,24.973356842184945
0.6,0.08776247381823332,0.0015500195757849038,-0.3100000000000001,5.282632423265133e-09,5e-05,5e-05,24.971580650587843
0.62,0.08779447429567148,0.0016000238719083768,-0.3200000000000001,4.296123472881041e-09,5e-05,5e-05,24.96974715828823
0.64,0.08782747482991726,0.0016500267122885597,-0.3300000000000001,2.84038018295647e-09,5e-05,5e-05,24.967856366954273
0.66,0.08786147536356667,0.001700026682470651,-0.34000000000000014,-2.981790874002127e-11,5e-05,5e-05,24.965908279874967
0.68,0.08789647591870074,0.0017500277567034572,-0.35000000000000014,1.0742328062042345e-09,5e-05,5e-05,24.963902895785168
0.7000000000000001,0.08793247646006713,0.0018000270683193066,-0.36000000000000015,-6.883841505285998e-10,5e-05,5e-05,24.96184021670469
0.72,0.08796947694816078,0.0018500244046825171,-0.37000000000000016,-2.6636367895868503e-09,5e-05,5e-05,24.959720244897
0.74,0.08800747743807302,0.0019000244956120203,-0.38000000000000017,9.092950311861834e-11,5e-05,5e-05,24.9575429772056
0.76,0.08804647792053273,0.001950024122985416,-0.3900000000000002,-3.7262660426512707e-10,5e-05,5e-05,24.955308414161685
0.78,0.08808647839085837,0.0020000235162819916,-0.4000000000000002,-6.067034242359556e-10,5e-05,5e-05,24.953016556033486
0.8,0.08812747884106874,0.00205002251051846,-0.4100000000000002,-1.0057635317294422e-09,5e-05,5e-05,24.950667403278295
0.8200000000000001,0.08816947929163926,0.0021000225285262206,-0.4200000000000002,1.8007760681921742e-11,5e-05,5e-05,24.948260954722958
0.84,0.08821247964256539,0.002150017546306176,-0.4300000000000002,-4.982220044624236e-09,5e-05,5e-05,24.945797216097308
0.86,0.08825647999419071,0.002200017581266131,-0.4400000000000002,3.4959955378884284e-11,5e-05,5e-05,24.943276181652084
0.88,0.08830148034067523,0.0022500173242252855,-0.45000000000000023,-2.570408455305886e-10,5e-05,5e-05,24.940697851721897
0.9,0.08834748056872575,0.002300011402526237,-0.46000000000000024,-5.921699048622996e-09,5e-05,5e-05,24.93806223279796
0.92,0.08839448083583949,0.0023500133556867706,-0.47000000000000025,1.9531605336451314e-09,5e-05,5e-05,24.935369315856356
0.9400000000000001,0.08844248102874794,0.002400009645422538,-0.48000000000000026,-3.710264232645657e-09,5e-05,5e-05,24.932619107386888
0.96,0.08849148122345267,0.0024500097352362802,-0.49000000000000027,8.981374200298408e-11,5e-05,5e-05,24.929811603034988
0.98,0.08854148140925105,0.0025000092899191404,-0.5000000000000002,-4.453171399579216e-10,5e-05,5e-05,24.926946803413873
1.0,0.08859248154152372,0.002550006613633279,-0.5100000000000002,-2.6762858614480237e-09,5e-05,5e-05,24.92402471108004
1.02,0.08864448168566175,0.0026000072069013724,-0.5200000000000002,5.932680935060831e-10,5e-05,5e-05,24.921045322286858
1.04,0.08869748189763627,0.0026500105987256597,-0.5300000000000002,3.3918242871441542e-09,5e-05,5e-05,24.91800863382742
1.06,0.08875148212030713,0.0027000111335430147,-0.5400000000000003,5.348173551673665e-10,5e-05,5e-05,24.91491464897561
1.08,0.08880648244527596,0.0027500162484412794,-0.5500000000000003,5.114898264489216e-09,5e-05,5e-05,24.91176336248305
1.1,0.08886248278769777,0.0028000171210909542,-0.5600000000000003,8.726496747205891e-10,5e-05,5e-05,24.908554779210995
1.12,0.08891948317760695,0.002850019495459021,-0.5700000000000003,2.374368066975318e-09,5e-05,5e-05,24.9052888974386
1.1400000000000001,0.08897748361485366,0.0029000218623353854,-0.5800000000000003,2.366876364395949e-09,5e-05,5e-05,24.901965717174445
1.16,0.08903648412626768,0.0029500255707006094,-0.5900000000000003,3.708365224037662e-09,5e-05,5e-05,24.89858523688131
1.18,0.08909648458809225,0.003000023091228215,-0.6000000000000003,-2.4794723940030955e-09,5e-05,5e-05,24.895147463649927
1.2,0.08915748506387323,0.0030500237890493612,-0.6100000000000003,6.978211459921709e-10,5e-05,5e-05,24.891652393839387
1.22,0.08921948556392896,0.00310002500278624,-0.6200000000000003,1.2137368789613686e-09,5e-05,5e-05,24.888100026858492
1.24,0.08928248611452971,0.00315002753003735,-0.6300000000000003,2.527251110015394e-09,5e-05,5e-05,24.88449036120207
1.26,0.08934648667086557,0.0032000278167929664,-0.6400000000000003,2.86755616486698e-10,5e-05,5e-05,24.880823399437535
1.28,0.08941148729680488,0.0032500312969652597,-0.6500000000000004,3.480172293118824e-09,5e-05,5e-05,24.877099137905503
1.3,0.08947748795637896,0.0033000329787036056,-0.6600000000000004,1.6817383460296579e-09,5e-05,5e-05,24.873317578666832
1.32,0.08954448862518448,0.0033500334402764577,-0.6700000000000004,4.615728522130153e-10,5e-05,5e-05,24.86947872311972
1.34,0.08961248929817296,0.003400033649424238,-0.6800000000000004,2.0914778032057827e-10,5e-05,5e-05,24.865582571553432
1.36,0.08968148998277196,0.0034500342299499318,-0.6900000000000004,5.80525693512487e-10,5e-05,5e-05,24.861629123542393
1.3800000000000001,0.08975149070259121,0.0035000359909625966,-0.7000000000000004,1.7610126647089837e-09,5e-05,5e-05,24.857618377733875
1.4000000000000001,0.08982249142394023,0.003550036067450959,-0.7100000000000004,7.6488362012332e-11,5e-05,5e-05,24.85355033605819
1.42,0.0898944921822997,0.0036000379179727936,-0.7200000000000004,1.8505218348419476e-09,5e-05,5e-05,24.84942499648245
1.44,0.08996749278182363,0.003650029976197037,-0.7300000000000004,-7.941775756645137e-09,5e-05,5e-05,24.845242370227805
1.46,0.09004149333322425,0.00370002757003107,-0.7400000000000004,-2.406165967095505e-09,5e-05,5e-05,24.84100245095091
1.48,0.09011649382616138,0.003750024646856241,-0.7500000000000004,-2.9231748288104586e-09,5e-05,5e-05,24.83670523924421
1.5,0.09019249425580952,0.0038000214824068495,-0.7600000000000005,-3.1644493914599673e-09,5e-05,5e-05,24.83235073538419
1.52,0.09026949471989905,0.0038500232044760808,-0.7700000000000005,1.7220692313781426e-09,5e-05,5e-05,24.827938933771314
1.54,0.09034749516619427,0.0039000223147605518,-0.7800000000000005,-8.897155291475562e-10,5e-05,5e-05,24.82346983739846
1.56,0.09042649567122604,0.003950025251588885,-0.7900000000000005,2.936828333813949e-09,5e-05,5e-05,24.818943441880737
1.58,0.09050649614058719,0.004000023468057048,-0.8000000000000005,-1.783531837296211e-09,5e-05,5e-05,24.814359752627276
1.6,0.090587496690873,0.004050027514290981,-0.8100000000000005,4.046233932513264e-09,5e-05,5e-05,24.80971876295766
1.62,0.09066949725235436,0.004100028074067677,-0.8200000000000005,5.597766957799408e-10,5e-05,5e-05,24.805020476867078
1.6400000000000001,0.09075249779134838,0.004150026949700635,-0.8300000000000005,-1.124367041227159e-09,5e-05,5e-05,24.800264896285412
1.6600000000000001,0.09083649839066231,0.004200029965696931,-0.8400000000000005,3.015996296003616e-09,5e-05,5e-05,24.79545201646815
1.68,0.09092149902635564,0.00425003178466658,-0.8500000000000005,1.8189696486407407e-09,5e-05,5e-05,24.790581838786995
1.7,0.09100749966004923,0.0043000316846790515,-0.8600000000000005,-9.998752840154851e-11,5e-05,5e-05,24.7856543654409
1.72,0.09109450032218691,0.004350033106884412,-0.8700000000000006,1.4222053598165084e-09,5e-05,5e-05,24.78066959468557
1.74,0.09118250097405803,0.004400032593556171,-0.8800000000000006,-5.133282408095892e-10,5e-05,5e-05,24.775627528738955
1.76,0.09127150159969098,0.004450031281647902,-0.8900000000000006,-1.3119082689543732e-09,5e-05,5e-05,24.77052816851616
1.78,0.0913615021721099,0.004500028620946152,-0.9000000000000006,-2.6607017505275947e-09,5e-05,5e-05,24.765371515562794
1.8,0.09145250275713117,0.004550029251063293,-0.9100000000000006,6.301171415500725e-10,5e-05,5e-05,24.760157566107857
1.82,0.09154450335597848,0.004600029942365801,-0.9200000000000006,6.913025081274288e-10,5e-05,5e-05,24.75488632008123
1.84,0.09163750404862578,0.004650034632364812,-0.9300000000000006,4.6899990110801445e-09,5e-05,5e-05,24.749557772900744
1.86,0.09173150478236003,0.004700036686712689,-0.9400000000000006,2.0543478760969844e-09,5e-05,5e-05,24.744171927586642
1.8800000000000001,0.09182650553774316,0.004750037769156592,-0.9500000000000006,1.0824439033312477e-09,5e-05,5e-05,24.738728785252633
1.9000000000000001,0.09192250629286723,0.004800037756203838,-0.9600000000000006,-1.29527538568279e-11,5e-05,5e-05,24.733228347153954
1.92,0.09201950710598308,0.004850040655792272,-0.9700000000000006,2.8995884332564944e-09,5e-05,5e-05,24.72767060995308
1.94,0.09211750789098937,0.004900039250314121,-0.9800000000000006,-1.4054781510731841e-09,5e-05,5e-05,24.722055578583248
1.96,0.09221650866526439,0.004950038713751237,-0.9900000000000007,-5.365628834387177e-10,5e-05,5e-05,24.716383252048765
1.98,0.0923165094752133,0.005000040497445773,-1.0000000000000007,1.7836945356419274e-09,5e-05,5e-05,24.7106536276908
2.0,0.09241751037854141,0.005050045166405372,-1.0100000000000007,4.668959599198659e-09,5e-05,5e-05,24.70486670220309
2.02,0.09251951120306436,0.005100041226146842,-1.0200000000000007,-3.94025852931387e-09,5e-05,5e-05,24.699022485451074
2.04,0.09262251194214892,0.005150036954228106,-1.0300000000000007,-4.2719187364051955e-09,5e-05,5e-05,24.693120977814797
2.06,0.09272651270817292,0.005200038301200313,-1.0400000000000007,1.346972207408836e-09,5e-05,5e-05,24.687162172855498
2.08,0.09283151351213614,0.005250040198161427,-1.0500000000000007,1.8969611135684756e-09,5e-05,5e-05,24.681146069942923
2.1,0.09293751420749524,0.005300034767954756,-1.0600000000000007,-5.430206671265339e-09,5e-05,5e-05,24.675072677473395
2.12,0.09304451493893735,0.005350036572105263,-1.0700000000000007,1.804150507827362e-09,5e-05,5e-05,24.66894198715695
2.14,0.0931525156149664,0.0054000338014526614,-1.0800000000000007,-2.7706526015033434e-09,5e-05,5e-05,24.662754004235925
2.16,0.09326151631834634,0.00545003516899653,-1.0900000000000007,1.3675438682330883e-09,5e-05,5e-05,24.656508723968297
2.18,0.09337151706829729,0.005500037497547278,-1.1000000000000008,2.3285507477981875e-09,5e-05,5e-05,24.650206145252834
2.2,0.09348251780759151,0.005550036964711349,-1.1100000000000008,-5.328359287855084e-10,5e-05,5e-05,24.643846271368442
2.22,0.09359451857153381,0.005600038197114796,-1.1200000000000008,1.2324034462221366e-09,5e-05,5e-05,24.63742910029231
2.24,0.09370751931178066,0.005650037012342295,-1.1300000000000008,-1.1847725006803437e-09,5e-05,5e-05,24.630954634794307
2.2600000000000002,0.09382152009307136,0.0057000390645350904,-1.1400000000000008,2.0521927955235287e-09,5e-05,5e-05,24.62442287116516
2.2800000000000002,0.0939365208405234,0.005750037372601808,-1.1500000000000008,-1.6919332820262882e-09,5e-05,5e-05,24.617833813695306
2.3000000000000003,0.09405252163511472,0.005800039729566118,-1.1600000000000008,2.356964310252446e-09,5e-05,5e-05,24.611187457745057
2.32,0.09416952245184335,0.0058500408364308325,-1.1700000000000008,1.1068647137548304e-09,5e-05,5e-05,24.604483804746927
2.34,0.09428752333865312,0.005900044340488248,-1.1800000000000008,3.504057415523955e-09,5e-05,5e-05,24.597722851953925
2.36,0.09440652420801608,0.005950043468147942,-1.1900000000000008,-8.723403058578041e-10,5e-05,5e-05,24.590904604381038
2.38,0.09452652507025135,0.006000043111763407,-1.2000000000000008,-3.563845354111815e-10,5e-05,5e-05,24.58402906143703
2.4,0.09464752595872472,0.006050044423668436,-1.2100000000000009,1.311905029468988e-09,5e-05,5e-05,24.57709622121017
2.42,0.09476952679140403,0.0061000416339653816,-1.2200000000000009,-2.7897030548689316e-09,5e-05,5e-05,24.570106088400564
2.44,0.09489252758874461,0.006150039867029263,-1.2300000000000009,-1.766936118166686e-09,5e-05,5e-05,24.563058661836205
2.46,0.0950165284211839,0.006200041621964434,-1.2400000000000009,1.7549351707998974e-09,5e-05,5e-05,24.555953937481323
2.48,0.09514152925294392,0.006250041588000777,-1.2500000000000009,-3.396365668140601e-11,5e-05,5e-05,24.54879191738585
2.5,0.09526752988061257,0.006300031383432416,-1.260000000000001,-1.0204568360745607e-08,5e-05,5e-05,24.541572613204437
2.52,0.09539453039917911,0.0063500259283268265,-1.270000000000001,-5.45510558942474e-09,5e-05,5e-05,24.5342960194946
2.54,0.09552253089042007,0.006400024562047812,-1.280000000000001,-1.3662790148982926e-09,5e-05,5e-05,24.526962131570894
2.56,0.09565153140036275,0.006450025497134594,-1.290000000000001,9.350867822844618e-10,5e-05,5e-05,24.519570946796144
2.58,0.09578153182439064,0.006500021201394296,-1.300000000000001,-4.295740297671895e-09,5e-05,5e-05,24.512122471164435
2.6,0.09591253223771075,0.0065500206660052225,-1.310000000000001,-5.353890733662503e-10,5e-05,5e-05,24.50461670036672
2.62,0.09604453263050013,0.0066000196394690805,-1.320000000000001,-1.0265361423948432e-09,5e-05,5e-05,24.497053634965823
2.64,0.09617753298402756,0.0066500176763718746,-1.330000000000001,-1.963097206192234e-09,5e-05,5e-05,24.489433276034955
2.66,0.09631153334715252,0.006700018156247841,-1.340000000000001,4.798759665502655e-10,5e-05,5e-05,24.48175562077467
2.68,0.09644653375112627,0.006750020198687699,-1.350000000000001,2.0424398572783707e-09,5e-05,5e-05,24.474020667394413
2.7,0.09658253414350622,0.006800019618996954,-1.360000000000001,-5.796907446412962e-10,5e-05,5e-05,24.466228418898922
2.72,0.09671953456973821,0.006850021311599833,-1.370000000000001,1.6926028790840337e-09,5e-05,5e-05,24.458378872684335
2.74,0.0968575349982696,0.006900021426569743,-1.380000000000001,1.1496990998575104e-10,5e-05,5e-05,24.450472030558487
2.7600000000000002,0.09699653539694582,0.00695001993381102,-1.390000000000001,-1.4927587235348763e-09,5e-05,5e-05,24.442507894363708
2.7800000000000002,0.09713653576889539,0.007000018597478188,-1.400000000000001,-1.3363328322029014e-09,5e-05,5e-05,24.434486463920734
2.8000000000000003,0.0972775361631421,0.007050019712335662,-1.410000000000001,1.1148574745197e-09,5e-05,5e-05,24.426407736420714
2.82,0.09741953648079685,0.0071000158827376,-1.420000000000001,-3.829598061857309e-09,5e-05,5e-05,24.418271717529585
2.84,0.09756253668822128,0.007150010371221375,-1.430000000000001,-5.5115162257315445e-09,5e-05,5e-05,24.410078409174666
2.86,0.09770653689349479,0.007200010263675864,-1.440000000000001,-1.0754551095811193e-10,5e-05,5e-05,24.401827805163478
2.88,0.09785153706942747,0.0072500087966339355,-1.450000000000001,-1.467041927950148e-09,5e-05,5e-05,24.393519907053882
2.9,0.09799753726950516,0.007300010003885167,-1.460000000000001,1.2072512317185313e-09,5e-05,5e-05,24.38515471178136
2.92,0.09814453749764222,0.007350011406852835,-1.470000000000001,1.4029676676478446e-09,5e-05,5e-05,24.37673221912165
2.94,0.09829253779324425,0.007400014780101064,-1.480000000000001,3.3732482293857393e-09,5e-05,5e-05,24.368252426816962
2.96,0.09844153820640296,0.0074500206579352765,-1.490000000000001,5.877834212173712e-09,5e-05,5e-05,24.359715331997265
2.98,0.09859153859405627,0.007500019382665292,-1.500000000000001,-1.2752699848887303e-09,5e-05,5e-05,24.351120942859403
3.0,0.09874253894506743,0.0075500175505582865,-1.5100000000000011,-1.832107005758136e-09,5e-05,5e-05,24.34246926004147
3.02,0.09889453939324942,0.007600022409099487,-1.5200000000000011,4.858541200088666e-09,5e-05,5e-05,24.333760275876543
3.04,0.09904753983668856,0.007650022171956812,-1.5300000000000011,-2.371426750454857e-10,5e-05,5e-05,24.32499399620385
3.06,0.099201540289927,0.007700022661922165,-1.5400000000000011,4.899653529836376e-10,5e-05,5e-05,24.316170420190186
3.08,0.09935654098253734,0.007750034630516634,-1.5500000000000012,1.1968594468958818e-08,5e-05,5e-05,24.307289534682013
3.1,0.0995125416831483,0.007800035030548349,-1.5600000000000012,4.000317145999019e-10,5e-05,5e-05,24.29835135293592
3.12,0.09966954243357455,0.00785003752131261,-1.5700000000000012,2.490764261804284e-09,5e-05,5e-05,24.289355872556108
3.14,0.09982754315654738,0.007900036148641279,-1.5800000000000012,-1.3726713317248921e-09,5e-05,5e-05,24.280303097969746
3.16,0.09998654386697656,0.007950035521458851,-1.5900000000000012,-6.271824286329012e-10,5e-05,5e-05,24.271193028322575
3.18,0.10014654467130892,0.00800004021661799,-1.6000000000000012,4.6951591404462445e-09,5e-05,5e-05,24.262025657515633
3.2,0.10030754545978053,0.008050039423580466,-1.6100000000000012,-7.930375256289348e-10,5e-05,5e-05,24.25280099183793
3.22,0.10046954628744054,0.008100041383000519,-1.6200000000000012,1.959420053487134e-09,5e-05,5e-05,24.243519028135385
3.24,0.1006325470688775,0.00815003907184831,-1.6300000000000012,-2.311152209659978e-09,5e-05,5e-05,24.234179771301715
3.2600000000000002,0.10079654797682484,0.008200045397367193,-1.6400000000000012,6.325518882432911e-09,5e-05,5e-05,24.224783211440016
3.2800000000000002,0.10096154887182807,0.008250044750161252,-1.6500000000000012,-6.472059407899339e-10,5e-05,5e-05,24.21532935654045
3.3000000000000003,0.1011275497374811,0.008300043282651602,-1.6600000000000013,-1.4675096504485572e-09,5e-05,5e-05,24.205818207543015
3.3200000000000003,0.10129455058232419,0.008350042242153933,-1.6700000000000013,-1.0404976694471861e-09,5e-05,5e-05,24.196249763958388
3.34,0.10146255139894109,0.008400040830845276,-1.6800000000000013,-1.4113086564197696e-09,5e-05,5e-05,24.186624026211486
3.36,0.10163155220554285,0.008450040330088053,-1.6900000000000013,-5.007572216863689e-10,5e-05,5e-05,24.1769409932589
3.38,0.10180155299837636,0.008500039641675217,-1.7000000000000013,-6.884128354114419e-10,5e-05,5e-05,24.16720066531566
3.4,0.10197255388650953,0.008550044406658255,-1.7100000000000013,4.764983038076644e-09,5e-05,5e-05,24.157403036132642
3.42,0.10214455482873039,0.00860004711104297,-1.7200000000000013,2.7043847133467502e-09,5e-05,5e-05,24.14754810807111
3.44,0.10231755573116742,0.008650045121851623,-1.7300000000000013,-1.9891913472132263e-09,5e-05,5e-05,24.137635886509518
3.46,0.102491556585595,0.008700042721378818,-1.7400000000000013,-2.400472805121275e-09,5e-05,5e-05,24.127666371919148
3.48,0.10266655746016032,0.008750043728265683,-1.7500000000000013,1.006886865599382e-09,5e-05,5e-05,24.117639560395457
3.5,0.10284255829839979,0.008800041911973418,-1.7600000000000013,-1.8162922646249501e-09,5e-05,5e-05,24.107555455173568
3.52,0.10301955907292247,0.008850038726133663,-1.7700000000000014,-3.185839754903875e-09,5e-05,5e-05,24.09741405782287
3.54,0.10319755977116832,0.008900034912292364,-1.7800000000000014,-3.813841298454533e-09,5e-05,5e-05,24.087215369063006
3.56,0.10337656049472997,0.008950036178082566,-1.7900000000000014,1.2657902011705345e-09,5e-05,5e-05,24.07695938307313
3.58,0.10355656121862036,0.009000036194519756,-1.8000000000000014,1.6437190438091916e-11,5e-05,5e-05,24.066646101284917
3.6,0.10373756205470984,0.009050041804473944,-1.8100000000000014,5.609954189020395e-09,5e-05,5e-05,24.056275517288647
3.62,0.1039195628602493,0.009100040276973032,-1.8200000000000014,-1.5275009119229183e-09,5e-05,5e-05,24.045847639263258
3.64,0.10410256369941502,0.009150041958286143,-1.8300000000000014,1.6813131104735947e-09,5e-05,5e-05,24.03536246353171
3.66,0.1042865646232582,0.009200046192158546,-1.8400000000000014,4.233872403290572e-09,5e-05,5e-05,24.024819987168986
3.68,0.10447156565336645,0.0092500515054126,-1.8500000000000014,5.313254053226958e-09,5e-05,5e-05,24.01422020893821
3.7,0.10465756666405472,0.009300050534414024,-1.8600000000000014,-9.709985745716532e-10,5e-05,5e-05,24.003563136040604
3.72,0.1048445676494223,0.009350049268378943,-1.8700000000000014,-1.2660350810502873e-09,5e-05,5e-05,23.992848768814255
3.74,0.105032568667303,0.00940005089403528,-1.8800000000000014,1.6256563361708054e-09,5e-05,5e-05,23.982077103945528
3.7600000000000002,0.10522156971195522,0.009450052232610825,-1.8900000000000015,1.338575546023456e-09,5e-05,5e-05,23.97124814176339
3.7800000000000002,0.10541157082326323,0.009500055565400557,-1.9000000000000015,3.3327897308199455e-09,5e-05,5e-05,23.960361879982646
3.8000000000000003,0.10560257194124643,0.0095500558991598,-1.9100000000000015,3.3375924361680806e-10,5e-05,5e-05,23.94941832203993
3.8200000000000003,0.10579457305723564,0.00960005579946014,-1.9200000000000015,-9.969966100691172e-11,5e-05,5e-05,23.938417468431947
3.84,0.10598757422723243,0.00965005849983936,-1.9300000000000015,2.7003792201069056e-09,5e-05,5e-05,23.927359315950042
3.86,0.10618157538795234,0.009700058035995327,-1.9400000000000015,-4.6384403354904715e-10,5e-05,5e-05,23.91624386822015
3.88,0.10637657642579477,0.009750051892122198,-1.9500000000000015,-6.143873130158464e-09,5e-05,5e-05,23.905071131751107
3.9,0.10657257743286622,0.00980005035357222,-1.9600000000000015,-1.5385499783736754e-09,5e-05,5e-05,23.893841101265604
3.92,0.10676957852082676,0.009850054398027367,-1.9700000000000015,4.044455147244592e-09,5e-05,5e-05,23.882553770365977
3.94,0.1069675795327671,0.009900050597016931,-1.9800000000000015,-3.80101043622724e-09,5e-05,5e-05,23.871209148042478
3.96,0.10716658054367666,0.009950050545477648,-1.9900000000000015,-5.1539282735246037e-11,5e-05,5e-05,23.85980722999852
3.98,0.10736658151359055,0.010000048495694474,-2.0000000000000013,-2.049783173754861e-09,5e-05,5e-05,23.848348018523932
4.0,0.10756758249845824,0.010050049243384993,-2.010000000000001,7.47690519202678e-10,5e-05,5e-05,23.83683151041304
4.0200000000000005,0.10776958342829203,0.010100046491689522,-2.020000000000001,-2.7516954710224897e-09,5e-05,5e-05,23.82525770967585
4.04,0.10797258436731344,0.010150046951070666,-2.0300000000000007,4.5938114408839604e-10,5e-05,5e-05,23.813626612632728
4.0600000000000005,0.10817658547178499,0.010200055223577866,-2.0400000000000005,8.27250719943385e-09,5e-05,5e-05,23.8019382103305
4.08,0.10838158656760506,0.010250054791003672,-2.0500000000000003,-4.325741941667779e-10,5e-05,5e-05,23.790192512744454
4.1,0.10858758767356194,0.010300055297844285,-2.06,5.068406125110562e-10,5e-05,5e-05,23.778389518798097
4.12,0.10879458882154441,0.010350057399123562,-2.07,2.1012792763834254e-09,5e-05,5e-05,23.76652922666434
4.14,0.10900258996843239,0.010400057344398833,-2.0799999999999996,-5.472472790871597e-11,5e-05,5e-05,23.754611638813778
4.16,0.10921159107246585,0.010450055201672836,-2.0899999999999994,-2.1427259963683885e-09,5e-05,5e-05,23.742636757639083
4.18,0.10942159225419576,0.010500059086495274,-2.099999999999999,3.884822436596806e-09,5e-05,5e-05,23.730604576233198
4.2,0.10963259337235853,0.010550055908138992,-2.109999999999999,-3.178356281209377e-09,5e-05,5e-05,23.71851510268993
4.22,0.10984459451288928,0.010600057026537286,-2.1199999999999988,1.118398293649974e-09,5e-05,5e-05,23.70636833208556
4.24,0.11005759566679499,0.010650057695285339,-2.1299999999999986,6.687480532127994e-10,5e-05,5e-05,23.69416426493535
4.26,0.11027159681369679,0.010700057345090296,-2.1399999999999983,-3.501950434334549e-10,5e-05,5e-05,23.681902902406915
4.28,0.11048659796522035,0.010750057576178015,-2.149999999999998,2.3108771930979042e-10,5e-05,5e-05,23.669584243834162
4.3,0.11070259918148537,0.010800060813250998,-2.159999999999998,3.2370729829475765e-09,5e-05,5e-05,23.657208285772484
4.32,0.11091960035131217,0.01085005849134031,-2.1699999999999977,-2.3219106890256452e-09,5e-05,5e-05,23.64477503459201
4.34,0.11113760149509684,0.010900057189233951,-2.1799999999999975,-1.302106359152713e-09,5e-05,5e-05,23.63228448912412
4.36,0.11135660267590937,0.010950059040626112,-2.1899999999999973,1.8513921615589417e-09,5e-05,5e-05,23.619736645755182
4.38,0.11157660394542898,0.01100006347598094,-2.199999999999997,4.435354827689474e-09,5e-05,5e-05,23.607131501524186
4.4,0.11179760515281637,0.01105006036936902,-2.209999999999997,-3.106611919889935e-09,5e-05,5e-05,23.594469065073596
4.42,0.11201960630737927,0.011100057728145365,-2.2199999999999966,-2.6412236547323313e-09,5e-05,5e-05,23.581749335870107
4.44,0.11224260739176127,0.011150054219100322,-2.2299999999999964,-3.5090450432194554e-09,5e-05,5e-05,23.56897231490818
4.46,0.11246660853875236,0.011200057349554699,-2.239999999999996,3.1304543757155474e-09,5e-05,5e-05,23.5561379945795
4.48,0.11269160967031165,0.011250056577964573,-2.249999999999996,-7.715901247672645e-10,5e-05,5e-05,23.543246379355484
4.5,0.11291761076572637,0.011300054770735842,-2.259999999999996,-1.807228730880248e-09,5e-05,5e-05,23.530297470422887
4.5200000000000005,0.11314461182166051,0.011350052796707012,-2.2699999999999956,-1.974028829892706e-09,5e-05,5e-05,23.517291267972848
4.54,0.11337261289825137,0.011400053829542922,-2.2799999999999954,1.0328359106474354e-09,5e-05,5e-05,23.50422776855975
4.5600000000000005,0.11360161396043597,0.011450053109229627,-2.289999999999995,-7.203132955977312e-10,5e-05,5e-05,23.49110697419256
4.58,0.11383161506698686,0.011500055327544332,-2.299999999999995,2.218314704393792e-09,5e-05,5e-05,23.47792888150386
4.6000000000000005,0.114062616197543,0.011550056527806996,-2.3099999999999947,1.2002626640121827e-09,5e-05,5e-05,23.464693491660242
4.62,0.11429461736941102,0.011600058593400625,-2.3199999999999945,2.0655936290351897e-09,5e-05,5e-05,23.451400803670115
4.64,0.11452761849205674,0.01165005613228613,-2.3299999999999943,-2.4611144942220534e-09,5e-05,5e-05,23.438050822720705
4.66,0.11476161954683116,0.01170005273872105,-2.339999999999994,-3.393565079786479e-09,5e-05,5e-05,23.42464354988052
4.68,0.11499662049886591,0.011750047601738126,-2.349999999999994,-5.136982925087334e-09,5e-05,5e-05,23.411178987147373
4.7,0.11523262140812747,0.011800045463077615,-2.3599999999999937,-2.138660512002422e-09,5e-05,5e-05,23.397657131085438
4.72,0.11546962234033496,0.011850046610374651,-2.3699999999999934,1.147297036115357e-09,5e-05,5e-05,23.38407797792928
4.74,0.11570762322797562,0.011900044382032616,-2.3799999999999932,-2.2283420355868216e-09,5e-05,5e-05,23.370441531547105
4.76,0.11594662408083177,0.011950042642807815,-2.389999999999993,-1.7392248009419583e-09,5e-05,5e-05,23.356747791378417
4.78,0.11618662495243248,0.012000043580035907,-2.399999999999993,9.372280924570154e-10,5e-05,5e-05,23.342996754356236
4.8,0.11642762582382891,0.012050043569821551,-2.4099999999999926,-1.0214356181306407e-11,5e-05,5e-05,23.329188421566247
4.82,0.11666962676379161,0.012100046998134556,-2.4199999999999924,3.428313004210391e-09,5e-05,5e-05,23.315322789068187
4.84,0.11691262771012109,0.012150047316473872,-2.429999999999992,3.1833931607980215e-10,5e-05,5e-05,23.301399860425818
4.86,0.11715662866584364,0.012200047786127368,-2.439999999999992,4.696534968090488e-10,5e-05,5e-05,23.28741963546576
4.88,0.11740162965004004,0.012250049209819857,-2.4499999999999917,1.4236924886075163e-09,5e-05,5e-05,23.273382113094755
4.9,0.11764763068334817,0.012300051665406165,-2.4599999999999915,2.4555863094780864e-09,5e-05,5e-05,23.25928729213034
4.92,0.11789463171041649,0.012350051353415803,-2.4699999999999913,-3.1199036330288243e-10,5e-05,5e-05,23.245135175743933
4.94,0.11814263278189645,0.0124000535739981,-2.479999999999991,2.2205822980404965e-09,5e-05,5e-05,23.230925761033408
4.96,0.11839163383586997,0.012450052698676238,-2.489999999999991,-8.753218628663392e-10,5e-05,5e-05,23.216659051546415
4.98,0.11864163484138397,0.012500050275700454,-2.4999999999999907,-2.4229757832114175e-09,5e-05,5e-05,23.202335049056437
5.0,0.11889263587750545,0.012550051806073981,-2.5099999999999905,1.5303735264754638e-09,5e-05,5e-05,23.187953749033266
5.0200000000000005,0.11914463692269263,0.012600052259359031,-2.5199999999999902,4.5328504990547664e-10,5e-05,5e-05,23.173515152711154
5.04,0.11939763796102004,0.01265005191637065,-2.52999999999999,-3.4298838043488353e-10,5e-05,5e-05,23.159019261002566
5.0600000000000005,0.11965163895275578,0.012700049586786841,-2.53999999999999,-2.3295838083309927e-09,5e-05,5e-05,23.14446607618397
5.08,0.11990664000812491,0.012750052768456333,-2.5499999999999896,3.1816694909847224e-09,5e-05,5e-05,23.129855591939936
5.1000000000000005,0.12016264112698506,0.012800055943007647,-2.5599999999999894,3.1745513140368343e-09,5e-05,5e-05,23.115187808278623
5.12,0.12041964225243827,0.012850056272660608,-2.569999999999989,3.2965296145445943e-10,5e-05,5e-05,23.10046272846004
5.14,0.12067764330678728,0.012900052717450029,-2.579999999999989,-3.555210579591567e-09,5e-05,5e-05,23.08568035693592
5.16,0.12093664438047663,0.012950053684467446,-2.5899999999999888,9.670174173483966e-10,5e-05,5e-05,23.07084068852416
5.18,0.12119664538339589,0.01300005014596268,-2.5999999999999885,-3.538504764795593e-09,5e-05,5e-05,23.055943728387717
5.2,0.1214576463682871,0.013050049244560165,-2.6099999999999883,-9.014025161429753e-10,5e-05,5e-05,23.040989473504695
5.22,0.12171964738091708,0.013100050631498886,-2.619999999999988,1.3869387211326905e-09,5e-05,5e-05,23.025977921252846
5.24,0.12198264834710519,0.0131500483094059,-2.629999999999988,-2.3220929873850233e-09,5e-05,5e-05,23.010909075882402
5.26,0.12224664934965485,0.013200050127482498,-2.6399999999999877,1.8180765988374555e-09,5e-05,5e-05,22.995782932649085
5.28,0.12251165037075488,0.013250051055002246,-2.6499999999999875,9.275197477873763e-10,5e-05,5e-05,22.980599492573393
5.3,0.12277765140498405,0.013300051711457947,-2.6599999999999873,6.564557004211432e-10,5e-05,5e-05,22.96535875596595
5.32,0.12304465240261696,0.013350049881645776,-2.669999999999987,-1.8298121706639047e-09,5e-05,5e-05,22.9500607256758
5.34,0.12331265337602237,0.013400048670270632,-2.679999999999987,-1.2113751450945294e-09,5e-05,5e-05,22.93470540099427
5.36,0.12358165434930381,0.013450048664071483,-2.6899999999999866,-6.199148505593885e-12,5e-05,5e-05,22.919292780540335
5.38,0.12385165530498735,0.013500047784176747,-2.6999999999999864,-8.798947349232962e-10,5e-05,5e-05,22.90382286531517
5.4,0.12412265626747684,0.013550048124474644,-2.709999999999986,3.40297897036528e-10,5e-05,5e-05,22.888295653920537
5.42,0.12439465729444611,0.01360005134846329,-2.719999999999986,3.2239886460178935e-09,5e-05,5e-05,22.872711143051976
5.44,0.12466765835801312,0.013650053178350304,-2.7299999999999858,1.8298870143282485e-09,5e-05,5e-05,22.857069334307003
5.46,0.12494165952976585,0.013700058587636512,-2.7399999999999856,5.409286207708252e-09,5e-05,5e-05,22.84137022358393
5.48,0.125216660759601,0.013750061491757521,-2.7499999999999853,2.9041210087822845e-09,5e-05,5e-05,22.82561381375347
5.5,0.12549266199662504,0.013800061851201738,-2.759999999999985,3.5944421627751884e-10,5e-05,5e-05,22.809800107731604
5.5200000000000005,0.12576966304503243,0.013850052420369168,-2.769999999999985,-9.430832569466105e-09,5e-05,5e-05,22.79392911673716
5.54,0.12604766405078305,0.01390005028753136,-2.7799999999999847,-2.132837808215281e-09,5e-05,5e-05,22.77800083240726
5.5600000000000005,0.12632666506545812,0.01395005073375374,-2.7899999999999845,4.4622238076157086e-10,5e-05,5e-05,22.76201525178651
5.58,0.12660666609421398,0.014000051437793594,-2.7999999999999843,7.040398544632279e-10,5e-05,5e-05,22.745972374579477
5.6000000000000005,0.12688766721997435,0.014050056288019351,-2.809999999999984,4.8502257572157335e-09,5e-05,5e-05,22.729872196034982
5.62,0.12716966829944906,0.01410005397373545,-2.819999999999984,-2.3142839024597444e-09,5e-05,5e-05,22.713714724362948
5.64,0.12745266945478176,0.014150057766635183,-2.8299999999999836,3.7928997340304824e-09,5e-05,5e-05,22.69749995256506
5.66,0.12773667061773047,0.014200058147436327,-2.8399999999999834,3.808011433413046e-10,5e-05,5e-05,22.68122788455129
5.68,0.128021671708493,0.014250054538125922,-2.849999999999983,-3.6093104041589164e-09,5e-05,5e-05,22.664898524893974
5.7,0.12830767271364713,0.014300050257706884,-2.859999999999983,-4.280419038972373e-09,5e-05,5e-05,22.648511874362143
5.72,0.12859467370310343,0.014350049472815794,-2.869999999999983,-7.848910894824507e-10,5e-05,5e-05,22.63206792895022
5.74,0.12888267476246731,0.014400052968194637,-2.8799999999999826,3.4953788434483925e-09,5e-05,5e-05,22.61556668375337
5.76,0.12917167583269878,0.014450053511573004,-2.8899999999999824,5.433783666873114e-10,5e-05,5e-05,22.599008142154343
5.78,0.12946167693488553,0.014500055109337598,-2.899999999999982,1.5977645936906463e-09,5e-05,5e-05,22.5823923029449
5.8,0.12975267802590032,0.0145500545507396,-2.909999999999982,-5.585979979258477e-10,5e-05,5e-05,22.565719168596054
5.82,0.13004467918240648,0.0146000578253075,-2.9199999999999817,3.274567900396502e-09,5e-05,5e-05,22.54898873471531
5.84,0.1303376803393016,0.014650057844756075,-2.9299999999999815,1.94485735420472e-11,5e-05,5e-05,22.532201005032768
5.86,0.13063168148099025,0.014700057084432259,-2.9399999999999813,-7.603238159922546e-10,5e-05,5e-05,22.51535598044198
5.88,0.1309266825470929,0.014750053305131952,-2.949999999999981,-3.779300307029101e-09,5e-05,5e-05,22.49845366440244
5.9,0.1312226835971714,0.014800052503925675,-2.959999999999981,-8.012062766460839e-10,5e-05,5e-05,22.481494053501503
5.92,0.13151968458652621,0.014850049467740316,-2.9699999999999807,-3.03618535975109e-09,5e-05,5e-05,22.46447715030026
5.94,0.1318176855713233,0.014900049239855453,-2.9799999999999804,-2.278848628338808e-10,5e-05,5e-05,22.447402951580642
5.96,0.13211668646619085,0.014950044743376235,-2.9899999999999802,-4.496479218942697e-09,5e-05,5e-05,22.4302714622341
5.98,0.1324166873881764,0.015000046099277778,-2.99999999999998,1.3559015437676004e-09,5e-05,5e-05,22.413082675554293
6.0,0.13271768831194983,0.015050046188670629,-3.00999999999998,8.939284985158082e-11,5e-05,5e-05,22.395836592992534
6.0200000000000005,0.13301968925546476,0.015100047175746723,-3.0199999999999796,9.870760945706308e-10,5e-05,5e-05,22.378533213520164
6.04,0.1333226901682819,0.015150045640857975,-3.0299999999999794,-1.5348887475940222e-09,5e-05,5e-05,22.36117254002713
6.0600000000000005,0.13362669119037915,0.015200051104861476,-3.039999999999979,5.464003500879365e-09,5e-05,5e-05,22.343754564493292
6.08,0.13393169219463166,0.01525005021262595,-3.049999999999979,-8.922355266345608e-10,5e-05,5e-05,22.326279294202376
6.1000000000000005,0.13423769315647752,0.015300048092293293,-3.0599999999999787,-2.120332655693533e-09,5e-05,5e-05,22.308746730561662
6.12,0.13454469417659798,0.015350051006023354,-3.0699999999999785,2.9137300610341837e-09,5e-05,5e-05,22.29115686780255
6.140000000000001,0.1348526952143252,0.01540005188636088,-3.0799999999999783,8.803375268032286e-10,5e-05,5e-05,22.27350970825513
6.16,0.13516169618077603,0.01545004832254218,-3.089999999999978,-3.5638187009141212e-09,5e-05,5e-05,22.255805257012035
6.18,0.13547169704900536,0.01550004341146581,-3.099999999999978,-4.9110763701061985e-09,5e-05,5e-05,22.2380435156171
6.2,0.13578269796065387,0.015550045582425755,-3.1099999999999777,2.1709599461357986e-09,5e-05,5e-05,22.220224475954918
6.22,0.13609469890806825,0.015600047370718469,-3.1199999999999775,1.7882927134345078e-09,5e-05,5e-05,22.202348138463993
6.24,0.13640769993650217,0.015650051421696867,-3.1299999999999772,4.050978397145818e-09,5e-05,5e-05,22.184414500551476
6.26,0.1367217008367324,0.01570004501151123,-3.139999999999977,-6.410185639329083e-09,5e-05,5e-05,22.166423574204973
6.28,0.13703670163662218,0.01575003999448821,-3.149999999999977,-5.017023018087214e-09,5e-05,5e-05,22.148375357828044
6.3,0.13735270244727385,0.015800040532584,-3.1599999999999766,5.380957883667195e-10,5e-05,5e-05,22.130269845054993
6.32,0.13766970328911013,0.01585004209181439,-3.1699999999999764,1.5592303930306273e-09,5e-05,5e-05,22.11210703471568
6.34,0.13798770416247563,0.015900043668274584,-3.179999999999976,1.5764601929958668e-09,5e-05,5e-05,22.09388692679036
6.36,0.13830670505937967,0.015950044845201773,-3.189999999999976,1.1769271897699887e-09,5e-05,5e-05,22.075609521736872
6.38,0.1386267059704429,0.016000045553162454,-3.1999999999999758,7.079606815965937e-10,5e-05,5e-05,22.05727482009261
6.4,0.13894770695422154,0.01605004918893134,-3.2099999999999755,3.6357688867345866e-09,5e-05,5e-05,22.038882818502547
6.42,0.13926970786281276,0.016100045429561432,-3.2199999999999753,-3.75936990788201e-09,5e-05,5e-05,22.02043352544089
6.44,0.13959270878441243,0.01615004607998364,-3.229999999999975,6.504222054874167e-10,5e-05,5e-05,22.001926935854392
6.46,0.13991670973012013,0.016200047285385384,-3.239999999999975,1.2054017464342053e-09,5e-05,5e-05,21.983363049107094
6.48,0.14024171065935273,0.016250046461629353,-3.2499999999999747,-8.237560310340923e-10,5e-05,5e-05,21.964741867524236
6.5,0.1405677115980641,0.01630004693556939,-3.2599999999999745,4.739400388119164e-10,5e-05,5e-05,21.94606338961877
6.5200000000000005,0.1408947125629703,0.01635004824530879,-3.2699999999999743,1.3097393976324208e-09,5e-05,5e-05,21.927327614432944
6.54,0.141222713553241,0.016400049513536182,-3.279999999999974,1.2682273935947475e-09,5e-05,5e-05,21.90853454201432
6.5600000000000005,0.14155171451300363,0.016450047988131537,-3.289999999999974,-1.5254046457198908e-09,5e-05,5e-05,21.889684175564167
6.58,0.1418817154189588,0.016500045297758774,-3.2999999999999736,-2.6903727638310134e-09,5e-05,5e-05,21.870776516417443
6.6000000000000005,0.14221271635185298,0.01655004664470859,-3.3099999999999734,1.3469498167862433e-09,5e-05,5e-05,21.851811559947713
6.62,0.14254471726673304,0.016600045744003082,-3.319999999999973,-9.007055075720635e-10,5e-05,5e-05,21.832789308730604
6.640000000000001,0.14287771816935158,0.016650045130926504,-3.329999999999973,-6.130765768110604e-10,5e-05,5e-05,21.813709762436513
6.66,0.14321171913511613,0.01670004828822718,-3.3399999999999728,3.157300677410437e-09,5e-05,5e-05,21.79457291674491
6.68,0.143546720147308,0.01675005060959248,-3.3499999999999726,2.3213652983910563e-09,5e-05,5e-05,21.77537877261371
6.7,0.1438827211504306,0.01680005015613062,-3.3599999999999723,-4.534618615974618e-10,5e-05,5e-05,21.75612733322262
6.72,0.1442197221354892,0.01685004925292975,-3.369999999999972,-9.03200871477981e-10,5e-05,5e-05,21.736818599087012
6.74,0.1445577231460564,0.01690005052835995,-3.379999999999972,1.2754302007979037e-09,5e-05,5e-05,21.717452567710353
6.76,0.14489672411153495,0.01695004827392847,-3.3899999999999717,-2.2544314803027287e-09,5e-05,5e-05,21.69802924313757
6.78,0.14523672504997595,0.017000046922049733,-3.3999999999999715,-1.3518787367083471e-09,5e-05,5e-05,21.678548624334415
6.8,0.14557772606894645,0.017050050948524423,-3.4099999999999713,4.026474688907697e-09,5e-05,5e-05,21.659010705137742
6.82,0.14591972701018088,0.017100047061721982,-3.419999999999971,-3.8868024411572765e-09,5e-05,5e-05,21.639415494615513
6.84,0.14626272798341383,0.017150048661648033,-3.429999999999971,1.5999260508057612e-09,5e-05,5e-05,21.61976298648038
6.86,0.14660672900241561,0.01720005095008915,-3.4399999999999706,2.288441118358011e-09,5e-05,5e-05,21.60005317994338
6.88,0.14695173005012982,0.017250052385710538,-3.4499999999999704,1.43562138567352e-09,5e-05,5e-05,21.580286075981764
6.9,0.14729773105623206,0.01730005030511247,-3.45999999999997,-2.0805980661710115e-09,5e-05,5e-05,21.560461678624826
6.92,0.14764473198016684,0.017350046196739254,-3.46999999999997,-4.108373216947778e-09,5e-05,5e-05,21.540579990196225
6.94,0.14799273299761756,0.01740005087253629,-3.47999999999997,4.6757970352805714e-09,5e-05,5e-05,21.52064100063004
6.96,0.1483417339673296,0.017450048485603088,-3.4899999999999696,-2.386933201715074e-09,5e-05,5e-05,21.500644718019565
6.98,0.14869173492239873,0.017500047753455854,-3.4999999999999694,-7.32147232629485e-10,5e-05,5e-05,21.480591140468558
7.0,0.14904273583378067,0.017550045569096097,-3.509999999999969,-2.1843597569901713e-09,5e-05,5e-05,21.460480269641124
7.0200000000000005,0.14939473670244646,0.017600043433289487,-3.519999999999969,-2.135806609807147e-09,5e-05,5e-05,21.440312105481638
7.04,0.1497477375533853,0.017650042546942243,-3.5299999999999687,-8.863472440611385e-10,5e-05,5e-05,21.420086646558314
7.0600000000000005,0.15010173848218294,0.017700046439882045,-3.5399999999999685,3.892939800984341e-09,5e-05,5e-05,21.3998038873945
7.08,0.15045673930897566,0.017750041339635234,-3.5499999999999683,-5.100246810438522e-09,5e-05,5e-05,21.379463838295624
7.1000000000000005,0.15081274012772608,0.017800040937520894,-3.559999999999968,-4.0211434017881227e-10,5e-05,5e-05,21.35906649387802
7.12,0.1511697409415256,0.01785004068997643,-3.569999999999968,-2.475444623185514e-10,5e-05,5e-05,21.338611853964576
7.140000000000001,0.15152774178390774,0.01790004211910651,-3.5799999999999677,1.4291300786453523e-09,5e-05,5e-05,21.31809991663395
7.16,0.1518867425377603,0.01795003769262779,-3.5899999999999674,-4.426478720276603e-09,5e-05,5e-05,21.297530688596183
7.18,0.15224674321736173,0.018000033980070843,-3.5999999999999672,-3.712556948055899e-09,5e-05,5e-05,21.276904169033177
7.2,0.15260774387611067,0.01805003293744772,-3.609999999999967,-1.042623121086222e-09,5e-05,5e-05,21.25622035488542
7.22,0.15296974453271656,0.018100032830294686,-3.619999999999967,-1.0715303631325634e-10,5e-05,5e-05,21.23547924508094
7.24,0.15333274514930417,0.01815003082938139,-3.6299999999999666,-2.0009132962804394e-09,5e-05,5e-05,21.21468084178982
7.26,0.15369674573752984,0.018200029411283753,-3.6399999999999664,-1.4180976391083943e-09,5e-05,5e-05,21.193825144344213
7.28,0.15406174636083003,0.018250031165008982,-3.649999999999966,1.7537252303670663e-09,5e-05,5e-05,21.172912149109468
7.3,0.1544277469656234,0.01830003023966782,-3.659999999999966,-9.253411624637961e-10,5e-05,5e-05,21.15194185915557
7.32,0.15479474746713703,0.018350025075681765,-3.6699999999999657,-5.1639860549289745e-09,5e-05,5e-05,21.130914279339656
7.34,0.15516274800208724,0.018400026747510154,-3.6799999999999655,1.6718283891071099e-09,5e-05,5e-05,21.109829401828453
7.36,0.1555317485261712,0.018450026204197275,-3.6899999999999653,-5.433128802297586e-10,5e-05,5e-05,21.08868722916033
7.38,0.15590174898900264,0.018500023141572185,-3.699999999999965,-3.062625088119773e-09,5e-05,5e-05,21.067487764222196
7.4,0.15627274944838276,0.01855002296900592,-3.709999999999965,-1.7256626489111973e-10,5e-05,5e-05,21.046231003702303
7.42,0.15664474990306643,0.018600022734183392,-3.7199999999999647,-2.3482252856922996e-10,5e-05,5e-05,21.02491694767198
7.44,0.15701775034825463,0.018650022259409975,-3.7299999999999645,-4.747734162527158e-10,5e-05,5e-05,21.003545596406198
7.46,0.1573917508659709,0.01870002588581418,-3.7399999999999642,3.6264042051300864e-09,5e-05,5e-05,20.982116945205345
7.48,0.15776675138840307,0.01875002612160819,-3.749999999999964,2.3579400717037575e-10,5e-05,5e-05,20.96063099795478
7.5,0.15814275186895219,0.01880002402745595,-3.759999999999964,-2.0941522392603114e-09,5e-05,5e-05,20.939087757324423
7.5200000000000005,0.15851975240698019,0.01885002690139984,-3.7699999999999636,2.8739438896437373e-09,5e-05,5e-05,20.91748721762126
7.54,0.1588977529812007,0.01890002871102591,-3.7799999999999634,1.8096260707691332e-09,5e-05,5e-05,20.895829380064903
7.5600000000000005,0.15927675362062915,0.018950031971422584,-3.789999999999963,3.2603966744872223e-09,5e-05,5e-05,20.874114242992892
7.58,0.15965675421772607,0.019000029854845252,-3.799999999999963,-2.1165773319848088e-09,5e-05,5e-05,20.852341812566788
7.6000000000000005,0.16003775490290953,0.019050034259172385,-3.8099999999999627,4.404327132728942e-09,5e-05,5e-05,20.830512081314186
7.62,0.1604197556391853,0.019100036813788725,-3.8199999999999625,2.5546163405835398e-09,5e-05,5e-05,20.808625051354692
7.640000000000001,0.1608027563860809,0.01915003734477909,-3.8299999999999623,5.309903654241828e-10,5e-05,5e-05,20.786680725007216
7.66,0.1611867571654685,0.01920003896938095,-3.839999999999962,1.6246018610966988e-09,5e-05,5e-05,20.764679101018572
7.68,0.1615717580030611,0.019250041879628418,-3.849999999999962,2.9102474671005864e-09,5e-05,5e-05,20.742620177915512
7.7,0.16195775888272382,0.019300043983136915,-3.8599999999999617,2.103508496414503e-09,5e-05,5e-05,20.720503956622505
7.72,0.16234475977283788,0.019350044505703046,-3.8699999999999615,5.225661290743958e-10,5e-05,5e-05,20.69833043895116
7.74,0.1627327606625959,0.019400044487900486,-3.8799999999999613,-1.7802560619513463e-11,5e-05,5e-05,20.676099625520706
7.76,0.16312176157484487,0.019450045612448248,-3.889999999999961,1.1245477634974097e-09,5e-05,5e-05,20.653811515022102
7.78,0.16351176252935892,0.01950004772570247,-3.899999999999961,2.113254221473987e-09,5e-05,5e-05,20.63146610632237
7.8,0.16390276343864546,0.019550045464326274,-3.9099999999999606,-2.261376194716892e-09,5e-05,5e-05,20.609063404434476
7.82,0.1642947643642844,0.019600046281945963,-3.9199999999999604,8.17619690181471e-10,5e-05,5e-05,20.586603405830147
7.84,0.1646877653124645,0.01965004740900618,-3.92999999999996,1.1270602185018222e-09,5e-05,5e-05,20.564086110154783
7.86,0.16508176620061385,0.019700044407467195,-3.93999999999996,-3.0015389851288647e-09,5e-05,5e-05,20.54151152213942
7.88,0.1654767670720856,0.019750043573588626,-3.9499999999999598,-8.338785701940124e-10,5e-05,5e-05,20.518879639300103
7.9,0.16587276794220218,0.01980004350582819,-3.9599999999999596,-6.776043353909196e-11,5e-05,5e-05,20.49619046075891
7.92,0.16626976884655326,0.01985004521755437,-3.9699999999999593,1.7117261796293439e-09,5e-05,5e-05,20.473443984476717
7.94,0.1666677698041205,0.01990004787836282,-3.979999999999959,2.6608084491176704e-09,5e-05,5e-05,20.45064020936595
7.96,0.16706677072297196,0.019950045942571836,-3.989999999999959,-1.9357909847051835e-09,5e-05,5e-05,20.42777914069392
7.98,0.16746677169257435,0.020000048480118666,-3.9999999999999587,2.537546831924277e-09,5e-05,5e-05,20.404860773334562
8.0,0.16786777266551212,0.02005004864688826,-4.009999999999959,1.6676959223695985e-10,5e-05,5e-05,20.38188511000459
8.02,0.16826977366007986,0.020100049728387,-4.019999999999959,1.0814987405301343e-09,5e-05,5e-05,20.358852149655792
8.040000000000001,0.1686727746244105,0.020150048216531585,-4.0299999999999585,-1.5118554138357507e-09,5e-05,5e-05,20.335761895259946
8.06,0.16907677562777562,0.020200050168257058,-4.039999999999958,1.9517254724222877e-09,5e-05,5e-05,20.312614342848075
8.08,0.16948177661522457,0.02025004937244774,-4.049999999999958,-7.958093201327662e-10,5e-05,5e-05,20.28940949556862
8.1,0.1698877776038554,0.020300049431541976,-4.059999999999958,5.909423697456882e-11,5e-05,5e-05,20.266147352441934
8.120000000000001,0.1702947785427099,0.020350046942725568,-4.069999999999958,-2.4888164076985987e-09,5e-05,5e-05,20.242827916387707
8.14,0.1707027795359148,0.020400049660245438,-4.079999999999957,2.7175198701273233e-09,5e-05,5e-05,20.21945118143992
8.16,0.17111178060859114,0.020450053633816672,-4.089999999999957,3.973571233428157e-09,5e-05,5e-05,20.196017146159246
8.18,0.1715217815964916,0.02050004939502224,-4.099999999999957,-4.2387944324224175e-09,5e-05,5e-05,20.172525819956356
8.2,0.17193278261681993,0.020550051016416986,-4.109999999999957,1.621394745148227e-09,5e-05,5e-05,20.14897719611597
8.22,0.17234478355766852,0.02060004704242928,-4.119999999999957,-3.973987707574142e-09,5e-05,5e-05,20.125371281049926
8.24,0.17275778452509127,0.02065004837113817,-4.129999999999956,1.3287088895950993e-09,5e-05,5e-05,20.101708068681784
8.26,0.1731717855176251,0.020700049626691374,-4.139999999999956,1.2555532038837363e-09,5e-05,5e-05,20.077987559095366
8.28,0.17358678651273465,0.02075004975547742,-4.149999999999956,1.2878604625892685e-10,5e-05,5e-05,20.054209753581862
8.3,0.17400278753034917,0.020800050880726357,-4.159999999999956,1.1252489372277202e-09,5e-05,5e-05,20.030374650999402
8.32,0.17441978858812152,0.020850052888617486,-4.1699999999999555,2.0078911294107315e-09,5e-05,5e-05,20.006482250336553
8.34,0.174837789624299,0.02090005180887399,-4.179999999999955,-1.0797434944461203e-09,5e-05,5e-05,19.982532555131492
8.36,0.17525679060609622,0.020950049089861818,-4.189999999999955,-2.719012175387655e-09,5e-05,5e-05,19.958525567262672
8.38,0.17567679159363805,0.021000049377091226,-4.199999999999955,2.872294083569049e-10,5e-05,5e-05,19.9344612832852
8.4,0.1760977925661975,0.021050048627973307,-4.209999999999955,-7.491179191102487e-10,5e-05,5e-05,19.910339704386637
8.42,0.17651979358702147,0.021100051041198123,-4.2199999999999545,2.4132248142695177e-09,5e-05,5e-05,19.88616082694321
8.44,0.17694279461593393,0.021150051445623423,-4.229999999999954,4.0442530119296543e-10,5e-05,5e-05,19.86192465325684
8.46,0.17736679562788177,0.0212000505973913,-4.239999999999954,-8.482321213675121e-10,5e-05,5e-05,19.83763118476295
8.48,0.17779179658546118,0.021250047878971032,-4.249999999999954,-2.7184202692589905e-09,5e-05,5e-05,19.81328042360463
8.5,0.1782177975323512,0.021300047344500663,-4.259999999999954,-5.344703692376221e-10,5e-05,5e-05,19.788872367279254
8.52,0.17864479842053385,0.021350044409132036,-4.269999999999953,-2.9353686268237314e-09,5e-05,5e-05,19.764407018538055
8.540000000000001,0.17907279934456652,0.02140004620163302,-4.279999999999953,1.7925009821612873e-09,5e-05,5e-05,19.73988437196328
8.56,0.17950180031804436,0.021450048673892354,-4.289999999999953,2.4722593371916704e-09,5e-05,5e-05,19.715304426775997
8.58,0.17993180126191471,0.021500047193518237,-4.299999999999953,-1.480374118218183e-09,5e-05,5e-05,19.690667187505586
8.6,0.18036280222764037,0.02155004828628286,-4.3099999999999525,1.0927646216042895e-09,5e-05,5e-05,19.665972651203443
8.620000000000001,0.1807948032143458,0.021600049335271553,-4.319999999999952,1.0489886912614658e-09,5e-05,5e-05,19.64122081791973
8.64,0.18122780418049864,0.02165004830764159,-4.329999999999952,-1.0276299608249037e-09,5e-05,5e-05,19.616411690034088
8.66,0.18166180512416755,0.021700047183446224,-4.339999999999952,-1.1241953661882952e-09,5e-05,5e-05,19.591545267657168
8.68,0.182096806054189,0.02175004650107136,-4.349999999999952,-6.823748620504171e-10,5e-05,5e-05,19.566621550282672
8.700000000000001,0.18253280704232536,0.021800049406818955,-4.3599999999999515,2.905747594281656e-09,5e-05,5e-05,19.541640533798926
8.72,0.18296980798904347,0.021850047335905443,-4.369999999999951,-2.0709135132206405e-09,5e-05,5e-05,19.51660222390875
8.74,0.1834078089139844,0.02190004624704574,-4.379999999999951,-1.0888597028197985e-09,5e-05,5e-05,19.491506619486813
8.76,0.18384680986471402,0.021950047536481256,-4.389999999999951,1.2894355161816832e-09,5e-05,5e-05,19.466353717807774
8.78,0.18428681082422274,0.022000047975435765,-4.399999999999951,4.3895450996737625e-10,5e-05,5e-05,19.44114351984622
8.8,0.1847278118805818,0.02205005281795269,-4.40999999999995,4.8425169234538185e-09,5e-05,5e-05,19.415876020556034
8.82,0.18516981282399408,0.022100047170614354,-4.41999999999995,-5.647338335098584e-09,5e-05,5e-05,19.39055123195771
8.84,0.1856128137588696,0.02215004674377496,-4.42999999999995,-4.268393914323072e-10,5e-05,5e-05,19.36516914806899
8.86,0.18605681471391286,0.02220004775216273,-4.43999999999995,1.008387767346936e-09,5e-05,5e-05,19.339729767245235
8.88,0.18650181568785282,0.022250048696998533,-4.4499999999999496,9.44835805741887e-10,5e-05,5e-05,19.314233089559263
8.9,0.1869478166196912,0.022300046591919063,-4.459999999999949,-2.105079469609544e-09,5e-05,5e-05,19.288679118506025
8.92,0.18739481751673195,0.02235004485203747,-4.469999999999949,-1.739881591983718e-09,5e-05,5e-05,19.263067853667028
8.94,0.1878428183681504,0.0224000425709217,-4.479999999999949,-2.2811157704302713e-09,5e-05,5e-05,19.23739929566248
8.96,0.1882918192572978,0.02245004445736964,-4.489999999999949,1.8864479389323648e-09,5e-05,5e-05,19.211673439716716
8.98,0.18874182017040766,0.022500045655494117,-4.4999999999999485,1.1981244759115346e-09,5e-05,5e-05,19.185890286618488
9.0,0.18919282108667526,0.022550045813379327,-4.509999999999948,1.5788521085388616e-10,5e-05,5e-05,19.16004983755982
9.02,0.18964482201064828,0.022600046198650896,-4.519999999999948,3.8527157023110854e-10,5e-05,5e-05,19.134152092280154
9.040000000000001,0.19009782291587618,0.022650045261394844,-4.529999999999948,-9.372560512853027e-10,5e-05,5e-05,19.108197052294987
9.06,0.19055182381377586,0.022700044894984246,-4.539999999999948,-3.664105999141861e-10,5e-05,5e-05,19.082184716950184
9.08,0.19100682475052377,0.022750046837396,-4.549999999999947,1.94241175420197e-09,5e-05,5e-05,19.056115083600034
9.1,0.19146282567476364,0.02280004621199274,-4.559999999999947,-6.254032605752009e-10,5e-05,5e-05,19.029988155187024
9.120000000000001,0.19191982661732526,0.022850047128080968,-4.569999999999947,9.16088227978163e-10,5e-05,5e-05,19.00380392994474
9.14,0.1923778275765799,0.02290004796273145,-4.579999999999947,8.346504835098139e-10,5e-05,5e-05,18.97756240796651
9.16,0.1928368285257784,0.02295004745992529,-4.589999999999947,-5.028061608729927e-10,5e-05,5e-05,18.951263590784933
9.18,0.19329682947804416,0.023000047613288267,-4.599999999999946,1.5336297536516637e-10,5e-05,5e-05,18.92490747764811
9.200000000000001,0.19375783045762598,0.023050048979091756,-4.609999999999946,1.3658034900350514e-09,5e-05,5e-05,18.898494067166673
9.22,0.1942198314586891,0.023100050053155057,-4.619999999999946,1.0740633018034245e-09,5e-05,5e-05,18.872023359674937
9.24,0.19468283248073584,0.02315005110233682,-4.629999999999946,1.0491817638155344e-09,5e-05,5e-05,18.845495355201418
9.26,0.19514683346757675,0.023200049342045767,-4.6399999999999455,-1.7602910531229927e-09,5e-05,5e-05,18.818910056965525
9.28,0.19561183452809133,0.02325005302572928,-4.649999999999945,3.6836835122033787e-09,5e-05,5e-05,18.792267458728933
9.3,0.19607783558847627,0.023300053019247438,-4.659999999999945,-6.4818398859767365e-12,5e-05,5e-05,18.765567564720257
9.32,0.1965448367487796,0.02335005801516546,-4.669999999999945,4.995918019954584e-09,5e-05,5e-05,18.73881036920716
9.34,0.19701283794032495,0.023400059577267512,-4.679999999999945,1.562102051591688e-09,5e-05,5e-05,18.71199587612452
9.36,0.19748183909620207,0.023450057793854995,-4.689999999999944,-1.7834125181006562e-09,5e-05,5e-05,18.685124089306
9.38,0.19795184024245274,0.0235000573125344,-4.699999999999944,-4.813205966321927e-10,5e-05,5e-05,18.65819500725953
9.4,0.1984228413556484,0.023550055659782965,-4.709999999999944,-1.6527514337278913e-09,5e-05,5e-05,18.631208631327457
9.42,0.19889484246578681,0.023600055506920722,-4.719999999999944,-1.528622405362515e-10,5e-05,5e-05,18.604164959791035
9.44,0.19936784370311741,0.023650061866530236,-4.729999999999944,6.35960951246157e-09,5e-05,5e-05,18.57706398518752
9.46,0.19984184487499118,0.02370005859368904,-4.739999999999943,-3.27284119768639e-09,5e-05,5e-05,18.549905718554903
9.48,0.20031684608155845,0.02375006032836348,-4.749999999999943,1.7346744399256465e-09,5e-05,5e-05,18.52269015415498
9.5,0.20079284734980832,0.023800063412493536,-4.759999999999943,3.0841300558626635e-09,5e-05,5e-05,18.495417290441384
9.52,0.201269848575566,0.02385006128788513,-4.769999999999943,-2.124608404047746e-09,5e-05,5e-05,18.4680871333829
9.540000000000001,0.20174784971921245,0.02390005718232218,-4.7799999999999425,-4.10556295193418e-09,5e-05,5e-05,18.440699685249534
9.56,0.20222685089872697,0.02395005897572629,-4.789999999999942,1.793404110791679e-09,5e-05,5e-05,18.413254939281565
9.58,0.2027068520856745,0.02400005934737605,-4.799999999999942,3.716497559387546e-10,5e-05,5e-05,18.385752897108198
9.6,0.20318785333088238,0.024050062260394793,-4.809999999999942,2.9130187431338975e-09,5e-05,5e-05,18.358193555817248
9.620000000000001,0.20366985451896388,0.0241000594040756,-4.819999999999942,-2.856319192859148e-09,5e-05,5e-05,18.330576922019887
9.64,0.20415285557360277,0.024150052731944857,-4.8299999999999415,-6.672130743804176e-09,5e-05,5e-05,18.302903000088715
9.66,0.20463685661354702,0.024200051997212924,-4.839999999999941,-7.347319344853742e-10,5e-05,5e-05,18.275171783219964
9.68,0.205121857647848,0.02425005171504849,-4.849999999999941,-2.8216443356283644e-10,5e-05,5e-05,18.247383270895043
9.700000000000001,0.2056078585811462,0.02430004666491018,-4.859999999999941,-5.050138308684164e-09,5e-05,5e-05,18.219537468577634
9.72,0.20609485955747686,0.024350048816533455,-4.869999999999941,2.1516232750624503e-09,5e-05,5e-05,18.191634368015137
9.74,0.20658286051668187,0.02440004796025049,-4.87999999999994,-8.562829617983895e-10,5e-05,5e-05,18.163673972654355
9.76,0.20707186151953424,0.02445005014261816,-4.88999999999994,2.1823676694285563e-09,5e-05,5e-05,18.135656279013247
9.78,0.20756186240786834,0.024500044416704562,-4.89999999999994,-5.725913600277963e-09,5e-05,5e-05,18.10758129615404
9.8,0.20805286326197145,0.02455004270515562,-4.90999999999994,-1.7115489436479012e-09,5e-05,5e-05,18.079449019476616
9.82,0.20854486409349465,0.024600041576159894,-4.9199999999999395,-1.128995725311709e-09,5e-05,5e-05,18.05125944831341
9.84,0.20903786493525367,0.024650042087950654,-4.929999999999939,5.117907591276704e-10,5e-05,5e-05,18.023012580784222
9.86,0.2095318657589149,0.02470004118306041,-4.939999999999939,-9.048902453256779e-10,5e-05,5e-05,17.994708418512445
9.88,0.21002686657048797,0.024750040578654733,-4.949999999999939,-6.044056771023818e-10,5e-05,5e-05,17.966346961153757
9.9,0.2105228674979476,0.024800046372981527,-4.959999999999939,5.7943267948102874e-09,5e-05,5e-05,17.937928201375748
9.92,0.21101986846208656,0.024850048206948593,-4.9699999999999385,1.8339670678302029e-09,5e-05,5e-05,17.909452143716653
9.94,0.21151786940180342,0.024900046985843364,-4.979999999999938,-1.2211052286399579e-09,5e-05,5e-05,17.880918791677328
9.96,0.21201687043387227,0.024950051603442745,-4.989999999999938,4.6175993817418145e-09,5e-05,5e-05,17.85232813856711
9.98,0.21251687151488258,0.025000054050515627,-4.999999999999938,2.447072883789474e-09,5e-05,5e-05,17.82368018687324
10.0,0.21301787251122425,0.025050049817084124,-5.009999999999938,-4.233431504606712e-09,5e-05,5e-05,17.79497494425101
10.02,0.21351987350256169,0.025100049566870914,-5.019999999999937,-2.5021320815993976e-10,5e-05,5e-05,17.766212406135995
10.040000000000001,0.21402287447618715,0.025150048681272758,-5.029999999999937,-8.855981558710945e-10,5e-05,5e-05,17.737392573256283
10.06,0.2145268754147567,0.02520004692847868,-5.039999999999937,-1.7527940782316228e-09,5e-05,5e-05,17.708515446605617
10.08,0.2150318763708768,0.025250047806005513,-5.049999999999937,8.775268345737073e-10,5e-05,5e-05,17.679581023169863
10.1,0.21553787730815974,0.025300046864146036,-5.0599999999999365,-9.418594778455738e-10,5e-05,5e-05,17.650589305033886
10.120000000000001,0.2160448781933459,0.025350044259307265,-5.069999999999936,-2.6048387697847403e-09,5e-05,5e-05,17.621540294103326
10.14,0.21655287912102056,0.025400046383733842,-5.079999999999936,2.124426578729671e-09,5e-05,5e-05,17.592433984958834
10.16,0.21706188005033478,0.025450046465711498,-5.089999999999936,8.197765526595186e-11,5e-05,5e-05,17.563270379940892
10.18,0.21757188100079916,0.02550004752321912,-5.099999999999936,1.0575076218921034e-09,5e-05,5e-05,17.534049477931624
10.200000000000001,0.21808288197513195,0.025550048716639347,-5.1099999999999355,1.1934202289124084e-09,5e-05,5e-05,17.504771278775284
10.22,0.2185948829460343,0.02560004854511698,-5.119999999999935,-1.7152236639392112e-10,5e-05,5e-05,17.475435784035977
10.24,0.21910788386842134,0.025650046119351563,-5.129999999999935,-2.425765415276484e-09,5e-05,5e-05,17.44604299629688
10.26,0.21962188476152847,0.025700044655355834,-5.139999999999935,-1.46399572838218e-09,5e-05,5e-05,17.41659291445589
10.28,0.2201368857325481,0.025750048550982483,-5.149999999999935,3.895626649132284e-09,5e-05,5e-05,17.387085532371326
10.3,0.22065288659443313,0.025800043094251886,-5.159999999999934,-5.456730596595496e-09,5e-05,5e-05,17.357520860760197
10.32,0.22116988749911523,0.025850045234105005,-5.169999999999934,2.13985311802239e-09,5e-05,5e-05,17.327898890917467
10.34,0.22168788836712966,0.025900043400720857,-5.179999999999934,-1.8333841470291767e-09,5e-05,5e-05,17.29821962739613
10.36,0.22220688925409396,0.025950044348215535,-5.189999999999934,9.4749467703979e-10,5e-05,5e-05,17.26848306700953
10.38,0.22272689012555327,0.02600004357296571,-5.199999999999934,-7.752498260819573e-10,5e-05,5e-05,17.238689211731785
10.4,0.2232478909502501,0.026050041234841698,-5.209999999999933,-2.3381240118574585e-09,5e-05,5e-05,17.20883806335382
10.42,0.2237698916831542,0.026100036645204664,-5.219999999999933,-4.589637034284092e-09,5e-05,5e-05,17.17892962445568
10.44,0.22429289242950268,0.02615003731742416,-5.229999999999933,6.722194956787322e-10,5e-05,5e-05,17.14896388900772
10.46,0.22481689312558506,0.026200034804118557,-5.239999999999933,-2.513305603342319e-09,5e-05,5e-05,17.118940860660285
10.48,0.225341893856915,0.02625003656649636,-5.2499999999999325,1.7623778034828326e-09,5e-05,5e-05,17.088860534513795
10.5,0.22586789456446213,0.026300035377357225,-5.259999999999932,-1.1891391366835806e-09,5e-05,5e-05,17.05872291395045
10.52,0.2263948953030859,0.026350036931188883,-5.269999999999932,1.5538316595462045e-09,5e-05,5e-05,17.028527995827034
10.540000000000001,0.22692289606664617,0.026400038178013063,-5.279999999999932,1.2468241788504014e-09,5e-05,5e-05,16.998275780495344
10.56,0.2274518967489279,0.026450034114086016,-5.289999999999932,-4.06392704932227e-09,5e-05,5e-05,16.967966274041057
10.58,0.22798189746505326,0.026500035806268432,-5.299999999999931,1.6921824171151316e-09,5e-05,5e-05,16.937599469868164
10.6,0.22851289825703386,0.026550039599030146,-5.309999999999931,3.7927617139287824e-09,5e-05,5e-05,16.90717536556957
10.620000000000001,0.22904489906437017,0.026600040366815854,-5.319999999999931,7.677857074402672e-10,5e-05,5e-05,16.876693964611647
10.64,0.2295778999491334,0.026650044238162387,-5.329999999999931,3.871346534316994e-09,5e-05,5e-05,16.846155263437975
10.66,0.23011190084129587,0.026700044608123155,-5.339999999999931,3.6996076682561375e-10,5e-05,5e-05,16.81555926606085
10.68,0.23064690183856842,0.026750049863627525,-5.34999999999993,5.255504370712216e-09,5e-05,5e-05,16.78490596688184
10.700000000000001,0.23118290271404862,0.02680004377401027,-5.35999999999993,-6.089617252101004e-09,5e-05,5e-05,16.754195378901507
10.72,0.23171990363014966,0.026850045805052177,-5.36999999999993,2.0310419059950703e-09,5e-05,5e-05,16.72342749281426
10.74,0.23225790443918815,0.02690004045192393,-5.37999999999993,-5.353128248917415e-09,5e-05,5e-05,16.69260231708173
10.76,0.23279690525753446,0.02695004091731655,-5.3899999999999295,4.653926212614511e-10,5e-05,5e-05,16.661719845036387
10.78,0.23333690604877522,0.027000039562037406,-5.399999999999929,-1.3552791427230155e-09,5e-05,5e-05,16.63078007876457
10.8,0.2338779068228309,0.027050038702785023,-5.409999999999929,-8.592523820287406e-10,5e-05,5e-05,16.599783017697863
10.82,0.23441990751632366,0.027100034674637577,-5.419999999999929,-4.028147446564085e-09,5e-05,5e-05,16.568728665467567
10.84,0.23496290821730306,0.027150035048970435,-5.429999999999929,3.74332856569085e-10,5e-05,5e-05,16.537617017028804
10.86,0.23550690887491396,0.0272000328805454,-5.4399999999999284,-2.1684250347925464e-09,5e-05,5e-05,16.506448075295356
10.88,0.23605190962002878,0.027250037255740815,-5.449999999999928,4.375195415760766e-09,5e-05,5e-05,16.475221832768796
10.9,0.23659791032485092,0.027300035241106278,-5.459999999999928,-2.0146345360919307e-09,5e-05,5e-05,16.443938296771318
10.92,0.23714491108910726,0.027350038212817358,-5.469999999999928,2.97171107879143e-09,5e-05,5e-05,16.412597461588994
10.94,0.23769291180318936,0.027400035704104316,-5.479999999999928,-2.508713040463738e-09,5e-05,5e-05,16.381199333501936
10.96,0.23824191246072202,0.027450032876632863,-5.489999999999927,-2.8274714534246212e-09,5e-05,5e-05,16.349743912875407
10.98,0.2387919131415598,0.02750003404188783,-5.499999999999927,1.165254967755924e-09,5e-05,5e-05,16.318231195134082
11.0,0.23934291382883224,0.027550034363622387,-5.509999999999927,3.2173455875837846e-10,5e-05,5e-05,16.286661181244565
11.02,0.2398949145648845,0.027600036802612034,-5.519999999999927,2.4389896469926533e-09,5e-05,5e-05,16.255033868780654
11.040000000000001,0.24044791535191948,0.027650039351749835,-5.5299999999999265,2.5491378007352278e-09,5e-05,5e-05,16.22334925761614
11.06,0.24100191620751324,0.027700042779687576,-5.539999999999926,3.4279377400994547e-09,5e-05,5e-05,16.19160734674398
11.08,0.2415569170052817,0.027750039888422638,-5.549999999999926,-2.891264936254511e-09,5e-05,5e-05,16.159808143405453
11.1,0.24211291778822797,0.02780003914731255,-5.559999999999926,-7.411100878146165e-10,5e-05,5e-05,16.127951645136662
11.120000000000001,0.24266991853943565,0.0278500375603844,-5.569999999999926,-1.5869281486626938e-09,5e-05,5e-05,16.096037852906843
11.14,0.24322791931210885,0.027900038633660546,-5.5799999999999255,1.0732761468574785e-09,5e-05,5e-05,16.064066763667633
11.16,0.24378691996870383,0.027950032829748166,-5.589999999999925,-5.803912380309424e-09,5e-05,5e-05,16.032038385299696
11.18,0.24434692062689375,0.028000032909495733,-5.599999999999925,7.974756742273472e-11,5e-05,5e-05,15.999952711060864
11.200000000000001,0.24490792123557947,0.028050030434285802,-5.609999999999925,-2.475209931203416e-09,5e-05,5e-05,15.967809743878904
11.22,0.24546992189285888,0.028100032863969678,-5.619999999999925,2.4296838747990917e-09,5e-05,5e-05,15.935609478133216
11.24,0.24603292257452228,0.028150034083170315,-5.629999999999924,1.2192006385510635e-09,5e-05,5e-05,15.903351915210916
11.26,0.2465969232805452,0.028200035301145236,-5.639999999999924,1.2179749186312664e-09,5e-05,5e-05,15.871037055113405
11.28,0.2471619240316112,0.028250037553299353,-5.649999999999924,2.2521541182306413e-09,5e-05,5e-05,15.8386648966556
11.3,0.24772792480568914,0.028300038703898234,-5.659999999999924,1.1505988818022983e-09,5e-05,5e-05,15.806235441099794
11.32,0.24829492567386383,0.028350043408733934,-5.6699999999999235,4.704835699079216e-09,5e-05,5e-05,15.773748684373134
11.34,0.24886292647744854,0.028400040179235454,-5.679999999999923,-3.2294984801848462e-09,5e-05,5e-05,15.741204635567687
11.36,0.2494319273097667,0.028450041615908642,-5.689999999999923,1.436673188468991e-09,5e-05,5e-05,15.708603289336427
11.38,0.25000192807907917,0.028500038465622837,-5.699999999999923,-3.150285806350952e-09,5e-05,5e-05,15.675944650935612
11.4,0.2505729288511421,0.02855003860314623,-5.709999999999923,1.37523394653908e-10,5e-05,5e-05,15.643228716597697
11.42,0.2511449296589385,0.028600040389819104,-5.7199999999999225,1.7866728748743762e-09,5e-05,5e-05,15.61045548443289
11.44,0.25171793045462615,0.028650039784382558,-5.729999999999922,-6.054365468685691e-10,5e-05,5e-05,15.577624957182348
11.46,0.2522919311016276,0.028700032350074563,-5.739999999999922,-7.4343079935768825e-09,5e-05,5e-05,15.544737142671385
11.48,0.25286693174525876,0.02875003218155766,-5.749999999999922,-1.6851690406862244e-10,5e-05,5e-05,15.511792032574014
11.5,0.2534429323368907,0.028800029581597546,-5.759999999999922,-2.599960114460762e-09,5e-05,5e-05,15.478789629676466
11.52,0.2540199329311623,0.028850029713581166,-5.769999999999921,1.3198361840929988e-10,5e-05,5e-05,15.445729930848161
11.540000000000001,0.25459793355271276,0.028900031077523453,-5.779999999999921,1.3639422879455646e-09,5e-05,5e-05,15.412612934677384
11.56,0.25517693418149634,0.028950031439179003,-5.789999999999921,3.616555494931777e-10,5e-05,5e-05,15.379438642312664
11.58,0.25575693485088696,0.029000033469531655,-5.799999999999921,2.0303526528903276e-09,5e-05,5e-05,15.346207051841818
11.6,0.25633793547615685,0.02905003126349529,-5.809999999999921,-2.2060363674317553e-09,5e-05,5e-05,15.312918168119392
11.620000000000001,0.2569199361854783,0.029100035466072625,-5.81999999999992,4.202577336673613e-09,5e-05,5e-05,15.279571983801652
11.64,0.25750293688858933,0.02915003515555002,-5.82999999999992,-3.10522605223553e-10,5e-05,5e-05,15.24616850406023
11.66,0.2580869375640691,0.029200033773987128,-5.83999999999992,-1.381562891559466e-09,5e-05,5e-05,15.212707730122451
11.68,0.2586719381782575,0.02925003070942131,-5.84999999999992,-3.0645658187814057e-09,5e-05,5e-05,15.179189663916894
11.700000000000001,0.25925793878590697,0.029300030382473058,-5.8599999999999195,-3.269482507208214e-10,5e-05,5e-05,15.145614302306479
11.72,0.2598449393195892,0.029350026684110846,-5.869999999999919,-3.6983622121172426e-09,5e-05,5e-05,15.11198164915456
11.74,0.26043293987497157,0.029400027769118996,-5.879999999999919,1.0850081518753812e-09,5e-05,5e-05,15.078291698979802
11.76,0.26102194058590694,0.029450035546768605,-5.889999999999919,7.777649609235186e-09,5e-05,5e-05,15.044544444112999
11.78,0.26161194128866466,0.029500035137885895,-5.899999999999919,-4.0888270948955006e-10,5e-05,5e-05,15.010739893935229
11.8,0.26220294199698624,0.02955003541607901,-5.909999999999918,2.781931144198658e-10,5e-05,5e-05,14.976878047659161
11.82,0.2627949427179289,0.029600036047133692,-5.919999999999918,6.31054680810303e-10,5e-05,5e-05,14.942958904880443
11.84,0.2633879434488968,0.029650036548395816,-5.929999999999918,5.012621237673599e-10,5e-05,5e-05,14.90898246574781
11.86,0.26398194420959936,0.02970003803512714,-5.939999999999918,1.4867313236288517e-09,5e-05,5e-05,14.874948729131994
11.88,0.26457694491202194,0.029750035121129687,-5.949999999999918,-2.9139974527189117e-09,5e-05,5e-05,14.84085770007586
11.9,0.26517294539980557,0.029800024389182958,-5.959999999999917,-1.0731946730358757e-08,5e-05,5e-05,14.80670938753812
11.92,0.2657699458954754,0.029850024783492926,-5.969999999999917,3.943099663354378e-10,5e-05,5e-05,14.77250377876902
11.94,0.2663679463897385,0.029900024713154227,-5.979999999999917,-7.03387002342128e-11,5e-05,5e-05,14.73824087430101
11.96,0.2669669469592817,0.029950028477159486,-5.989999999999917,3.7640052578679905e-09,5e-05,5e-05,14.703920669740251
11.98,0.2675669475634294,0.030000030207386657,-5.9999999999999165,1.7302271705502568e-09,5e-05,5e-05,14.669543167417286
12.0,0.2681679482014588,0.03005003190146857,-6.009999999999916,1.6940819148610409e-09,5e-05,5e-05,14.635108367373533
12.02,0.2687699489129396,0.030100035574041163,-6.019999999999916,3.6725725907270616e-09,5e-05,5e-05,14.600616267341811
12.040000000000001,0.26937294962629543,0.030150035667793285,-6.029999999999916,9.375212186468248e-11,5e-05,5e-05,14.566066871423143
12.06,0.26997695033053626,0.0302000352120406,-6.039999999999916,-4.5575268298106483e-10,5e-05,5e-05,14.531460180247215
12.08,0.2705819510974472,0.030250038345547025,-6.0499999999999154,3.133506425802142e-09,5e-05,5e-05,14.496796189701039
12.1,0.27118795194463896,0.030300042359588844,-6.059999999999915,4.014041818264188e-09,5e-05,5e-05,14.4620748987756
12.120000000000001,0.2717949528593233,0.030350045734218376,-6.069999999999915,3.374629530392699e-09,5e-05,5e-05,14.427296308203605
12.14,0.27240295378476787,0.0304000462722269,-6.079999999999915,5.380085251706619e-10,5e-05,5e-05,14.392460421235585
12.16,0.27301195473749307,0.030450047636260934,-6.089999999999915,1.3640340314046452e-09,5e-05,5e-05,14.357567236924984
12.18,0.2736219556123995,0.030500043745320216,-6.099999999999914,-3.890940718840694e-09,5e-05,5e-05,14.322616761293558
12.200000000000001,0.2742329564898099,0.030550043870519388,-6.109999999999914,1.2519917247709452e-10,5e-05,5e-05,14.287608989739152
12.22,0.2748449573409269,0.030600042555850002,-6.119999999999914,-1.3146693845294747e-09,5e-05,5e-05,14.252543923911734
12.24,0.2754579581965973,0.030650042783518582,-6.129999999999914,2.276685797854651e-10,5e-05,5e-05,14.217421562043912
12.26,0.2760719590767032,0.03070004400529319,-6.1399999999999135,1.2217746057673252e-09,5e-05,5e-05,14.182241902996527
12.280000000000001,0.27668695997116416,0.03075004472304893,-6.149999999999913,7.177557417046844e-10,5e-05,5e-05,14.147004947347142
12.3,0.277302960864961,0.03080004468984141,-6.159999999999913,-3.320752349206362e-11,5e-05,5e-05,14.111710695956297
12.32,0.277919961772501,0.030850045377000482,-6.169999999999913,6.871590736457532e-10,5e-05,5e-05,14.076359147998513
12.34,0.27853796260796326,0.030900041773114176,-6.179999999999913,-3.6038863047936768e-09,5e-05,5e-05,14.040950308390967
12.36,0.2791569634084674,0.030950040025205985,-6.1899999999999125,-1.7479081908859837e-09,5e-05,5e-05,14.00548417500686
12.38,0.2797769642230651,0.0310000407298837,-6.199999999999912,7.046777160994763e-10,5e-05,5e-05,13.96996074503574
12.4,0.28039796503734005,0.031050040713747496,-6.209999999999912,-1.6136205265425294e-11,5e-05,5e-05,13.934380019303596
12.42,0.28101996586868105,0.03110004156705159,-6.219999999999912,8.533040971254946e-10,5e-05,5e-05,13.898741996814127
12.44,0.2816429667417128,0.031150043651588244,-6.229999999999912,2.0845366531619757e-09,5e-05,5e-05,13.863046676156443
12.46,0.2822669676300452,0.031200044416621563,-6.239999999999911,7.65033317964744e-10,5e-05,5e-05,13.827294058842583
12.48,0.28289196863190497,0.03125005009298827,-6.249999999999911,5.676366708373029e-09,5e-05,5e-05,13.79148413924457
12.5,0.28351796956373304,0.03130004659140239,-6.259999999999911,-3.501585883998352e-09,5e-05,5e-05,13.755616927879565
12.52,0.2841449704590399,0.03135004476534313,-6.269999999999911,-1.8260592594565471e-09,5e-05,5e-05,13.719692422827556
12.540000000000001,0.28477297126263473,0.03140004017974103,-6.2799999999999105,-4.585602096898959e-09,5e-05,5e-05,13.683710627250749
12.56,0.2854019720275347,0.031450038244998174,-6.28999999999991,-1.934742854219494e-09,5e-05,5e-05,13.647671538111481
12.58,0.28603197280199594,0.031500038723062444,-6.29999999999991,4.780642690759461e-10,5e-05,5e-05,13.611575152644878
12.6,0.2866629735627074,0.03155003803557443,-6.30999999999991,-6.874880136584184e-10,5e-05,5e-05,13.575421472186566
12.620000000000001,0.28729497443800833,0.031600043765044356,-6.31999999999991,5.729469925893689e-09,5e-05,5e-05,13.539210489383251
12.64,0.2879279752616765,0.03165004118340811,-6.3299999999999095,-2.5816362461928994e-09,5e-05,5e-05,13.50294221375876
12.66,0.2885619762177179,0.031700047802069975,-6.339999999999909,6.61866186440015e-09,5e-05,5e-05,13.466616634770329
12.68,0.28919697714905107,0.03175004656665749,-6.349999999999909,-1.2354124854864812e-09,5e-05,5e-05,13.43023376141806
12.700000000000001,0.2898329780792757,0.031800046511233235,-6.359999999999909,-5.5424253919712494e-11,5e-05,5e-05,13.393793592349795
12.72,0.2904699791003388,0.03185005105315359,-6.369999999999909,4.5419203552701e-09,5e-05,5e-05,13.357296122297356
12.74,0.2911079800930379,0.03190004963495679,-6.379999999999908,-1.4181967992192686e-09,5e-05,5e-05,13.32074135809054
12.76,0.2917469811937316,0.031950055034684094,-6.389999999999908,5.399727303080872e-09,5e-05,5e-05,13.284129291916576
12.780000000000001,0.29238698233199156,0.03200005691299864,-6.399999999999908,1.878314547985963e-09,5e-05,5e-05,13.247459927810713
12.8,0.2930279834837564,0.03205005758824228,-6.409999999999908,6.752436393624482e-10,5e-05,5e-05,13.210733267151562
12.82,0.2936699846188724,0.03210005675579894,-6.419999999999908,-8.324433391885108e-10,5e-05,5e-05,13.173949311666808
12.84,0.29431298574416503,0.03215005626463305,-6.429999999999907,-4.91165891126217e-10,5e-05,5e-05,13.137108060965376
12.86,0.29495698689520866,0.03220005755218075,-6.439999999999907,1.2875477052778326e-09,5e-05,5e-05,13.10020951300901
12.88,0.2956019880366167,0.03225005707040235,-6.449999999999907,-4.81778397907903e-10,5e-05,5e-05,13.06325366982521
12.9,0.29624798915844414,0.03230005609137356,-6.459999999999907,-9.790287858260498e-10,5e-05,5e-05,13.02624053198378
12.92,0.29689499024863486,0.03235005450953718,-6.4699999999999065,-1.581836380582962e-09,5e-05,5e-05,12.989170100175489
12.94,0.2975429911846654,0.032400046801525646,-6.479999999999906,-7.708011534960667e-09,5e-05,5e-05,12.952042381420414
12.96,0.29819199212586134,0.03245004705979714,-6.489999999999906,2.5827149580092726e-10,5e-05,5e-05,12.914857366589866
12.98,0.29884199305914344,0.032500046664104755,-6.499999999999906,-3.956923843283157e-10,5e-05,5e-05,12.877615056433237
13.0,0.299492994011516,0.032550047618629015,-6.509999999999906,9.545242620988503e-10,5e-05,5e-05,12.840315449403292
13.02,0.30014499497656716,0.032600048252556364,-6.519999999999905,6.339273465777462e-10,5e-05,5e-05,12.802958545867405
13.040000000000001,0.30079799597729984,0.03265005003663417,-6.529999999999905,1.7840778044803e-09,5e-05,5e-05,12.765544344507603
13.06,0.30145199706352505,0.03270005431125965,-6.539999999999905,4.274625479319868e-09,5e-05,5e-05,12.728072842469928
13.08,0.3021069981276371,0.03275005320560323,-6.549999999999905,-1.105656417836253e-09,5e-05,5e-05,12.69054404591973
13.1,0.3027629992671248,0.03280005697438679,-6.559999999999905,3.768783558040596e-09,5e-05,5e-05,12.652957949271311
13.120000000000001,0.3034200004132322,0.032850057305368746,-6.569999999999904,3.30981960876098e-10,5e-05,5e-05,12.6153145564641
13.14,0.30407800162215637,0.03290006044620755,-6.579999999999904,3.1408388086278674e-09,5e-05,5e-05,12.577613864278238
13.16,0.3047370027781013,0.03295005779724701,-6.589999999999904,-2.648960541547167e-09,5e-05,5e-05,12.539855879348352
13.18,0.30539700388856234,0.03300005552305232,-6.599999999999904,-2.2741946913678718e-09,5e-05,5e-05,12.502040601244985
13.200000000000001,0.3060580050347303,0.033050057308398356,-6.6099999999999035,1.7853460419370777e-09,5e-05,5e-05,12.464168025316251
13.22,0.306720006192776,0.033100057902284784,-6.619999999999903,5.938864283480784e-10,5e-05,5e-05,12.426238152927459
13.24,0.30738300735090457,0.033150057906428616,-6.629999999999903,4.1438332022284496e-12,5e-05,5e-05,12.388250984754407
13.26,0.3080470085361112,0.033200059260333196,-6.639999999999903,1.3539045793242718e-09,5e-05,5e-05,12.350206519250381
13.280000000000001,0.3087120097321319,0.033250059801035854,-6.649999999999903,5.407026555421076e-10,5e-05,5e-05,12.312104757347242
13.3,0.30937801093829514,0.03330006030816151,-6.659999999999902,5.071256526006112e-10,5e-05,5e-05,12.273945699083468
13.32,0.3100450121612258,0.0333500611465333,-6.669999999999902,8.383717925463688e-10,5e-05,5e-05,12.235729344079475
13.34,0.31071301333900164,0.03340005888879031,-6.679999999999902,-2.2577429890434152e-09,5e-05,5e-05,12.197455695883153
13.36,0.3113820144602191,0.03345005606087384,-6.689999999999902,-2.827916470517315e-09,5e-05,5e-05,12.159124755147872
13.38,0.3120520155265224,0.033500053315162905,-6.699999999999902,-2.745710937875745e-09,5e-05,5e-05,12.12073652177943
13.4,0.3127230165960383,0.03355005347579523,-6.709999999999901,1.6063232842037628e-10,5e-05,5e-05,12.082290992447403
13.42,0.3133950176493709,0.033600052666628376,-6.719999999999901,-8.091668592935417e-10,5e-05,5e-05,12.0437881682631
13.44,0.3140680186072328,0.033650047893096925,-6.729999999999901,-4.773531452897287e-09,5e-05,5e-05,12.005228053769349
13.46,0.3147420195301177,0.03370004614424532,-6.739999999999901,-1.748851605267226e-09,5e-05,5e-05,11.966610645500124
13.48,0.31541702044817455,0.03375004590284084,-6.7499999999999005,-2.414044777289558e-10,5e-05,5e-05,11.92793594172801
13.5,0.31609302136681156,0.03380004593184952,-6.7599999999999,2.900868103901035e-11,5e-05,5e-05,11.889203942143144
13.52,0.3167700222445532,0.03385004388708319,-6.7699999999999,-2.0447663361193736e-09,5e-05,5e-05,11.850414649121895
13.540000000000001,0.3174480231403201,0.03390004478834567,-6.7799999999999,9.012624812778819e-10,5e-05,5e-05,11.811568059288362
13.56,0.3181270240433804,0.0339500451530141,-6.7899999999999,3.6466843072701217e-10,5e-05,5e-05,11.772664173257436
13.58,0.3188070249011239,0.03400004288717577,-6.7999999999998995,-2.2658383264629367e-09,5e-05,5e-05,11.733702994043458
13.6,0.31948802590693137,0.03405005029037306,-6.809999999999899,7.403197289257927e-09,5e-05,5e-05,11.694684510566525
13.620000000000001,0.3201700269293444,0.03410005112064923,-6.819999999999899,8.302761748723916e-10,5e-05,5e-05,11.655608730358653
13.64,0.3208530280130737,0.03415005418646488,-6.829999999999899,3.0658156416631493e-09,5e-05,5e-05,11.616475650858101
13.66,0.32153702909538173,0.03420005411540223,-6.839999999999899,-7.106265083501254e-11,5e-05,5e-05,11.57728527565947
13.68,0.3222220301701332,0.034250053737571694,-6.849999999999898,-3.7783053289121804e-10,5e-05,5e-05,11.538037605114287
13.700000000000001,0.32290803123081246,0.03430005303396518,-6.859999999999898,-7.036065146315399e-10,5e-05,5e-05,11.498732639595866
13.72,0.3235950323028509,0.03435005360192299,-6.869999999999898,5.679578098437387e-10,5e-05,5e-05,11.4593703776471
13.74,0.3242830333046436,0.034400050089634135,-6.879999999999898,-3.512288853978589e-09,5e-05,5e-05,11.419950823943607
13.76,0.32497203429854343,0.03445004969499101,-6.8899999999998975,-3.9464312300931464e-10,5e-05,5e-05,11.380473974912826
13.780000000000001,0.32566203535254035,0.03450005269984586,-6.899999999999897,3.0048548481252393e-09,5e-05,5e-05,11.340939826659225
13.8,0.3263530363625155,0.034550050498758096,-6.909999999999897,-2.2010877589382118e-09,5e-05,5e-05,11.301348385148371
13.82,0.3270450374241457,0.034600053081509936,-6.919999999999897,2.5827518372045567e-09,5e-05,5e-05,11.261699644898389
13.84,0.3277380384719247,0.034650052388947555,-6.929999999999897,-6.92562383630061e-10,5e-05,5e-05,11.22199360966251
13.86,0.3284320394897284,0.03470005089018533,-6.9399999999998965,-1.4987622237331311e-09,5e-05,5e-05,11.182230280364575
13.88,0.32912704050316044,0.03475005067160249,-6.949999999999896,-2.1858284052924124e-10,5e-05,5e-05,11.142409655537602
13.9,0.32982304146194047,0.03480004793900157,-6.959999999999896,-2.7326009214557314e-09,5e-05,5e-05,11.102531738062448
13.92,0.3305200424332293,0.03485004856444166,-6.969999999999896,6.254400927473718e-10,5e-05,5e-05,11.062596524091079
13.94,0.3312180434505228,0.034900050864674126,-6.979999999999896,2.3002324669532813e-09,5e-05,5e-05,11.022604011704322
13.96,0.3319170444677315,0.034950050860435115,-6.989999999999895,-4.2390087375585e-12,5e-05,5e-05,10.982554203542913
13.98,0.33261704554484645,0.03500005385574692,-6.999999999999895,2.9953118049075003e-09,5e-05,5e-05,10.942447096169614
14.0,0.33331804660577335,0.03505005304634563,-7.009999999999895,-8.094012885417046e-10,5e-05,5e-05,10.90228269394431
14.02,0.33402004770163396,0.03510005479302896,-7.019999999999895,1.7466833289495922e-09,5e-05,5e-05,10.862060993937938
14.040000000000001,0.3347230487923222,0.03515005453441058,-7.0299999999998946,-2.586183840448234e-10,5e-05,5e-05,10.82178199844841
14.06,0.33542704993512773,0.035200057140279094,-7.039999999999894,2.6058685170436055e-09,5e-05,5e-05,10.781445704193265
14.08,0.3361320511221734,0.0352500593522852,-7.049999999999894,2.2120061056382852e-09,5e-05,5e-05,10.741052111623834
14.1,0.3368380523324043,0.03530006051154429,-7.059999999999894,1.1592590829826125e-09,5e-05,5e-05,10.700601221946474
14.120000000000001,0.33754505351256187,0.035350059007876716,-7.069999999999894,-1.503667573833065e-09,5e-05,5e-05,10.660093038212679
14.14,0.3382530548247598,0.035400065609897016,-7.0799999999998935,6.602020296980205e-09,5e-05,5e-05,10.619527551134013
14.16,0.33896205613289676,0.035450065406846844,-7.089999999999893,-2.0305017302171629e-10,5e-05,5e-05,10.578904768508512
14.18,0.3396720574377396,0.035500065242140964,-7.099999999999893,-1.6470587914946174e-10,5e-05,5e-05,10.538224690292235
14.200000000000001,0.34038305871918045,0.035550064072043544,-7.109999999999893,-1.170097417712681e-09,5e-05,5e-05,10.497487317637281
14.22,0.34109506005941603,0.03560006701177911,-7.119999999999893,2.9397355708715013e-09,5e-05,5e-05,10.456692645834124
14.24,0.34180806137940906,0.035650065999650996,-7.129999999999892,-1.0121281157354888e-09,5e-05,5e-05,10.415840679411268
14.26,0.3425220626891755,0.03570006548832166,-7.139999999999892,-5.113293391610055e-10,5e-05,5e-05,10.374931417794837
14.280000000000001,0.3432370639946634,0.03575006527439418,-7.149999999999892,-2.1392747590608878e-10,5e-05,5e-05,10.333964860644036
14.3,0.3439530653242129,0.035800066477472865,-7.159999999999892,1.2030786852051927e-09,5e-05,5e-05,10.292941006335095
14.32,0.344670066699804,0.035850068779555315,-7.169999999999892,2.302082448062132e-09,5e-05,5e-05,10.25185985360865
14.34,0.3453880680192812,0.03590006597385996,-7.179999999999891,-2.8056953538745224e-09,5e-05,5e-05,10.210721408317783
14.36,0.34610706932768753,0.03595006542031749,-7.189999999999891,-5.535424643620762e-10,5e-05,5e-05,10.169525667881715
14.38,0.3468270706078704,0.036000064009142775,-7.199999999999891,-1.4111747191260305e-09,5e-05,5e-05,10.128272633283222
14.4,0.3475480719060143,0.036050064907195985,-7.209999999999891,8.980532102799666e-10,5e-05,5e-05,10.086962301876122
14.42,0.34827007319486175,0.03610006444237258,-7.2199999999998905,-4.648234065307956e-10,5e-05,5e-05,10.045594675222157
14.44,0.3489930745504941,0.036150067781617494,-7.22999999999989,3.339244917071798e-09,5e-05,5e-05,10.004169748962186
14.46,0.34971707595296536,0.03620007012356225,-7.23999999999989,2.3419447594342932e-09,5e-05,5e-05,9.96268752423903
14.48,0.35044207741868605,0.0362500732860342,-7.24999999999989,3.162471947626897e-09,5e-05,5e-05,9.921148000112437
14.5,0.35116807881947043,0.036300070039219146,-7.25999999999989,-3.246815051621445e-09,5e-05,5e-05,9.879551183926905
14.52,0.35189508021381577,0.0363500697172663,-7.269999999999889,-3.2195284718775434e-10,5e-05,5e-05,9.837897072330792
14.540000000000001,0.3526230816033249,0.036400069475455196,-7.279999999999889,-2.4181110178005784e-10,5e-05,5e-05,9.79618566523226
14.56,0.35335208298366255,0.03645006901688288,-7.289999999999889,-4.5857231583049903e-10,5e-05,5e-05,9.7544169628797
14.58,0.3540820844370037,0.03650007266705532,-7.299999999999889,3.650172442040517e-09,5e-05,5e-05,9.712590960564837
14.6,0.3548130858667953,0.03655007148957906,-7.309999999999889,-1.1774762585525216e-09,5e-05,5e-05,9.67070766381975
14.620000000000001,0.35554508725390926,0.0366000693556999,-7.319999999999888,-2.133879159884583e-09,5e-05,5e-05,9.628767073740397
14.64,0.3562780886648925,0.03665007054916193,-7.329999999999888,1.1934620326784992e-09,5e-05,5e-05,9.586769186513921
14.66,0.3570120901414358,0.03670007382716326,-7.339999999999888,3.278001326992239e-09,5e-05,5e-05,9.54471399975162
14.68,0.35774709158661533,0.03675007225897546,-7.349999999999888,-1.568187798256493e-09,5e-05,5e-05,9.502601519006818
14.700000000000001,0.3584830930522582,0.03680007328214176,-7.3599999999998875,1.0231662948959699e-09,5e-05,5e-05,9.46043174131004
14.72,0.3592200944747229,0.03685007112323854,-7.369999999999887,-2.1589032166800725e-09,5e-05,5e-05,9.418204670307672
14.74,0.3599580958645845,0.036900069493079495,-7.379999999999887,-1.6301590513073532e-09,5e-05,5e-05,9.375920305393814
14.76,0.36069709720254717,0.03695006689813321,-7.389999999999887,-2.594946286556693e-09,5e-05,5e-05,9.333578647674033
14.780000000000001,0.3614370984885005,0.037000064297666536,-7.399999999999887,-2.600466673214018e-09,5e-05,5e-05,9.291179697154654
14.8,0.3621780997450208,0.03705006282601717,-7.4099999999998865,-1.4716493625803513e-09,5e-05,5e-05,9.24872345254215
14.82,0.3629201009693304,0.037100061215481824,-7.419999999999886,-1.6105353476818723e-09,5e-05,5e-05,9.206209913995668
14.84,0.3636631022358892,0.0371500633279406,-7.429999999999886,2.1124587753750433e-09,5e-05,5e-05,9.163639077248975
14.86,0.36440710358003675,0.03720006720737729,-7.439999999999886,3.879436689446064e-09,5e-05,5e-05,9.12101094027726
14.88,0.36515210492111955,0.03725006705413857,-7.449999999999886,-1.53238715919717e-10,5e-05,5e-05,9.07832550770163
14.9,0.36589810617806456,0.03730006284724981,-7.459999999999885,-4.206888768222953e-09,5e-05,5e-05,9.035582784167225
14.92,0.3666451074598023,0.03735006408688495,-7.469999999999885,1.2396351479189072e-09,5e-05,5e-05,8.99278276343279
14.94,0.36739310872262565,0.037400063141168526,-7.479999999999885,-9.457164261184353e-10,5e-05,5e-05,8.949925448002556
14.96,0.3681421099641118,0.037450062074305894,-7.489999999999885,-1.0668626332147451e-09,5e-05,5e-05,8.907010838015342
14.98,0.3688921112179273,0.0375000626907758,-7.4999999999998845,6.164699057062993e-10,5e-05,5e-05,8.864038931542192
15.0,0.3696431125272895,0.03755006546810981,-7.509999999999884,2.7773340102395236e-09,5e-05,5e-05,8.821009726106942
15.02,0.3703951138498498,0.03760006612801613,-7.519999999999884,6.599063211806616e-10,5e-05,5e-05,8.777923224135979
15.040000000000001,0.37114811518127633,0.03765006657132608,-7.529999999999884,4.433099513591468e-10,5e-05,5e-05,8.734779425877507
15.06,0.3719021164314169,0.03770006250702903,-7.539999999999884,-4.064297050175152e-09,5e-05,5e-05,8.691578336496864
15.08,0.372657117696201,0.037750063239205156,-7.5499999999998835,7.321761286138012e-10,5e-05,5e-05,8.648319950497696
15.1,0.37341311894868334,0.03780006262411459,-7.559999999999883,-6.150905672520429e-10,5e-05,5e-05,8.605004269423855
15.120000000000001,0.37417012019496776,0.03785006231422133,-7.569999999999883,-3.0989325232483506e-10,5e-05,5e-05,8.561631292925613
15.14,0.37492812140118725,0.03790006031097469,-7.579999999999883,-2.003246641792275e-09,5e-05,5e-05,8.518201022943412
15.16,0.37568712261075926,0.03795006047860005,-7.589999999999883,1.676253609251548e-10,5e-05,5e-05,8.47471345698961
15.18,0.37644712383128925,0.03800006102649969,-7.599999999999882,5.478996453122821e-10,5e-05,5e-05,8.431168594628451
15.200000000000001,0.3772081251016733,0.03805006351920271,-7.609999999999882,2.4927030207622313e-09,5e-05,5e-05,8.387566433631351
15.22,0.3779701263774555,0.03810006378910839,-7.619999999999882,2.6990567933996063e-10,5e-05,5e-05,8.343906976545448
15.24,0.3787331276550007,0.03815006387726366,-7.629999999999882,8.815526581239994e-11,5e-05,5e-05,8.300190223579015
15.26,0.3794971289820305,0.038200066351487094,-7.6399999999998816,2.4742234331294004e-09,5e-05,5e-05,8.256416171997817
15.280000000000001,0.38026213033048817,0.038250067422884684,-7.649999999999881,1.0713975900978839e-09,5e-05,5e-05,8.212584823409374
15.3,0.38102813166087357,0.038300066519271404,-7.659999999999881,-9.036132833372701e-10,5e-05,5e-05,8.168696180076884
15.32,0.3817951329804298,0.03835006597780888,-7.669999999999881,-5.414625240770668e-10,5e-05,5e-05,8.124750241585348
15.34,0.3825631342694232,0.03840006444967133,-7.679999999999881,-1.528137548954053e-09,5e-05,5e-05,8.08074700906542
15.36,0.38333213562429885,0.03845006774378404,-7.6899999999998805,3.2941127063640885e-09,5e-05,5e-05,8.036686476991202
15.38,0.38410213703439366,0.038500070504740996,-7.69999999999988,2.7609569587696876e-09,5e-05,5e-05,7.9925686459736465
15.4,0.3848731384254061,0.03855006955062324,-7.70999999999988,-9.541177563166482e-10,5e-05,5e-05,7.948393520269918
15.42,0.3856451398510387,0.03860007128163017,-7.71999999999988,1.7310069307465245e-09,5e-05,5e-05,7.904161096803087
15.44,0.38641814131630353,0.03865007326324056,-7.72999999999988,1.98161039245376e-09,5e-05,5e-05,7.859871375285984
15.46,0.3871921427868997,0.038700073529807824,-7.739999999999879,2.6656726050941963e-10,5e-05,5e-05,7.8155243576839055
15.48,0.3879671442188624,0.038750071598137835,-7.749999999999879,-1.931669989569823e-09,5e-05,5e-05,7.771120046515846
15.5,0.3887431456667187,0.03880007239281328,-7.759999999999879,7.94675447028856e-10,5e-05,5e-05,7.72665843865764
15.52,0.389520147149166,0.03885007412236568,-7.769999999999879,1.7295523980502485e-09,5e-05,5e-05,7.682139533038001
15.540000000000001,0.3902981486023014,0.03890007265676905,-7.779999999999879,-1.4655966265556303e-09,5e-05,5e-05,7.6375633333182975
15.56,0.3910771500138964,0.03895007057975198,-7.789999999999878,-2.077017073116219e-09,5e-05,5e-05,7.592929840199169
15.58,0.39185715141399474,0.03900007000491492,-7.799999999999878,-5.748370563434276e-10,5e-05,5e-05,7.54823905195924
15.6,0.39263815277164954,0.039050067882739826,-7.809999999999878,-2.1221750928822133e-09,5e-05,5e-05,7.503490970371633
15.620000000000001,0.3934201541178119,0.03910006730811872,-7.819999999999878,-5.746211056586563e-10,5e-05,5e-05,7.458685593662981
15.64,0.39420315543624107,0.03915006592145879,-7.8299999999998775,-1.3866599297263614e-09,5e-05,5e-05,7.41382292276381
15.66,0.39498715670740187,0.039200063558040545,-7.839999999999877,-2.36341824680975e-09,5e-05,5e-05,7.368902958793405
15.68,0.39577215790495285,0.039250059877549245,-7.849999999999877,-3.6804913000739036e-09,5e-05,5e-05,7.323925703261018
15.700000000000001,0.39655815902799746,0.03930005615223129,-7.859999999999877,-3.725317957545589e-09,5e-05,5e-05,7.278891156218019
15.72,0.39734516011422955,0.03935005431160535,-7.869999999999877,-1.8406259440235796e-09,5e-05,5e-05,7.233799315504709
15.74,0.39813316118962594,0.039400053769820045,-7.879999999999876,-5.417853037243079e-10,5e-05,5e-05,7.188650179632726
15.76,0.3989221623160974,0.039450056323572145,-7.889999999999876,2.553752100599808e-09,5e-05,5e-05,7.143443745054843
15.780000000000001,0.3997121635435266,0.039500061371461524,-7.899999999999876,5.047889375675234e-09,5e-05,5e-05,7.098180008912994
15.8,0.4005031647859254,0.039550062119939125,-7.909999999999876,7.484776005043448e-10,5e-05,5e-05,7.0528589761339395
15.82,0.40129516601775356,0.03960006159140841,-7.919999999999876,-5.285307201967788e-10,5e-05,5e-05,7.007480648181024
15.84,0.4020881673047783,0.03965006435123725,-7.929999999999875,2.7598288485995853e-09,5e-05,5e-05,6.962045021286063
15.860000000000001,0.40288216869347987,0.0397000694350783,-7.939999999999875,5.083841046051087e-09,5e-05,5e-05,6.916552092785937
15.88,0.4036771701376096,0.03975007220648653,-7.949999999999875,2.771408231742743e-09,5e-05,5e-05,6.871001865330498
15.9,0.40447317157135576,0.03980007168730644,-7.959999999999875,-5.191800859019004e-10,5e-05,5e-05,6.825394342690481
15.92,0.40527017301117185,0.03985007199080554,-7.9699999999998745,3.0349910302157664e-10,5e-05,5e-05,6.779729523923169
15.94,0.406068174360983,0.039900067490558085,-7.979999999999874,-4.500247455350416e-09,5e-05,5e-05,6.734007414533246
15.96,0.4068671757526524,0.03995006958346943,-7.989999999999874,2.0929113441536847e-09,5e-05,5e-05,6.688228006965511
15.98,0.407667177054961,0.040000065115430375,-7.999999999999874,-4.468039055633326e-09,5e-05,5e-05,6.642391308738258
16.0,0.4084681782946099,0.040050061982443506,-8.009999999999874,-3.132986867292655e-09,5e-05,5e-05,6.59649731832163
16.02,0.40927017953588213,0.040100062063610505,-8.019999999999873,8.116699654815492e-11,5e-05,5e-05,6.550546032032479
16.04,0.4100731807765028,0.04015006203103366,-8.029999999999873,-3.257684384468177e-11,5e-05,5e-05,6.504537450001146
16.06,0.41087718201536205,0.04020006194296251,-8.039999999999873,-8.807115565483173e-11,5e-05,5e-05,6.45847157229122
16.080000000000002,0.4116821831441124,0.040250056437517764,-8.049999999999873,-5.505444747502557e-09,5e-05,5e-05,6.412348405110556
16.1,0.4124881843335373,0.040300059471242836,-8.059999999999873,3.0337250725549067e-09,5e-05,5e-05,6.366167938673987
16.12,0.413295185493894,0.04035005801783597,-8.069999999999872,-1.453406863403012e-09,5e-05,5e-05,6.319930178123388
16.14,0.4141031867304092,0.04040006182576106,-8.079999999999872,3.807925089754403e-09,5e-05,5e-05,6.273635117429715
16.16,0.41491218793737145,0.04045006034811307,-8.089999999999872,-1.4776479856502405e-09,5e-05,5e-05,6.227282762649788
16.18,0.4157221891066832,0.04050005846558641,-8.099999999999872,-1.8825266601593205e-09,5e-05,5e-05,6.180873114247564
16.2,0.41653319027450886,0.04055005839128361,-8.109999999999872,-7.430280145501092e-11,5e-05,5e-05,6.134406170150972
16.22,0.41734519151279564,0.04060006191433965,-8.119999999999871,3.523056044202537e-09,5e-05,5e-05,6.087881926237743
16.240000000000002,0.4181581927131016,0.040650060015298646,-8.129999999999871,-1.8990410078389297e-09,5e-05,5e-05,6.04130038872114
16.26,0.4189721938865274,0.04070005867128937,-8.139999999999871,-1.3440092778909648e-09,5e-05,5e-05,5.994661556965147
16.28,0.41978719512892093,0.04075006211967761,-8.14999999999987,3.4483882459064806e-09,5e-05,5e-05,5.9479654254780785
16.3,0.420603196347412,0.040800060924554654,-8.15999999999987,-1.195122960435985e-09,5e-05,5e-05,5.901211999581007
16.32,0.42142019754046695,0.0408500596527478,-8.16999999999987,-1.2718068508417593e-09,5e-05,5e-05,5.854401279361806
16.34,0.4222381987049418,0.040900058223740515,-8.17999999999987,-1.4290072848996053e-09,5e-05,5e-05,5.807533265000611
16.36,0.42305719990081236,0.04095005979353048,-8.18999999999987,1.5697899629566835e-09,5e-05,5e-05,5.76060795306106
16.38,0.42387720104620225,0.04100005726949329,-8.19999999999987,-2.5240371946519823e-09,5e-05,5e-05,5.713625348234326
16.4,0.42469820213403464,0.04105005439161931,-8.20999999999987,-2.8778739812423153e-09,5e-05,5e-05,5.66658545092588
16.42,0.42552020329892326,0.041100058244430866,-8.21999999999987,3.852811556287276e-09,5e-05,5e-05,5.619488253422925
16.44,0.42634320444764484,0.04115005743607811,-8.229999999999869,-8.083527587834332e-10,5e-05,5e-05,5.57233376106676
16.46,0.42716720560138294,0.04120005768690384,-8.239999999999869,2.5082573172427857e-10,5e-05,5e-05,5.525121972643657
16.48,0.4279922067366708,0.041250056764394034,-8.249999999999869,-9.225098000169633e-10,5e-05,5e-05,5.47785288949816
16.5,0.4288182078583704,0.041300056084977006,-8.259999999999868,-6.79417024991648e-10,5e-05,5e-05,5.430526511351703
16.52,0.4296452089736326,0.041350055763111786,-8.269999999999868,-3.218652197532703e-10,5e-05,5e-05,5.383142837794565
16.54,0.4304732101398227,0.04140005830950493,-8.279999999999868,2.5463931487325084e-09,5e-05,5e-05,5.335701865539963
16.56,0.4313022113067417,0.041450058345949226,-8.289999999999868,3.644429375423963e-11,5e-05,5e-05,5.288203597464085
16.580000000000002,0.43213221258013146,0.04150006366948776,-8.299999999999867,5.323538536745936e-09,5e-05,5e-05,5.2406480275083664
16.6,0.43296321381220215,0.04155006160353509,-8.309999999999867,-2.0659526679556686e-09,5e-05,5e-05,5.193035164140544
16.62,0.4337952149484376,0.041600056811772645,-8.319999999999867,-4.791762445370641e-09,5e-05,5e-05,5.145365010484165
16.64,0.43462821609852165,0.04165005750420354,-8.329999999999867,6.924308911926187e-10,5e-05,5e-05,5.097637560254805
16.66,0.43546221724225154,0.04170005718649395,-8.339999999999867,-3.1770958900425943e-10,5e-05,5e-05,5.049852814609999
16.68,0.43629721839543656,0.04175005765925187,-8.349999999999866,4.727579206880013e-10,5e-05,5e-05,5.002010772643939
16.7,0.4371332195933497,0.04180005989565709,-8.359999999999866,2.2364052250906845e-09,5e-05,5e-05,4.954111432335635
16.72,0.43797022082242876,0.04185006145395315,-8.369999999999866,1.5582960553743338e-09,5e-05,5e-05,4.906154794462143
16.740000000000002,0.4388082220489179,0.041900061324457574,-8.379999999999866,-1.2949557438453247e-10,5e-05,5e-05,4.858140860957529
16.76,0.4396472234001677,0.04195006756248968,-8.389999999999866,6.2380321067543686e-09,5e-05,5e-05,4.810069624525141
16.78,0.44048722485893216,0.042000072938221146,-8.399999999999865,5.3757314671818376e-09,5e-05,5e-05,4.761941086153106
16.8,0.4413282263555235,0.042050074829567526,-8.409999999999865,1.8913463820793543e-09,5e-05,5e-05,4.713755249834237
16.82,0.44217022779648624,0.042100072048136795,-8.419999999999865,-2.781430732021165e-09,5e-05,5e-05,4.665512120923138
16.84,0.44301322916683883,0.04215006851763006,-8.429999999999865,-3.5305067293661197e-09,5e-05,5e-05,4.617211700278189
16.86,0.44385723048650894,0.0422000659835055,-8.439999999999864,-2.5341245606003507e-09,5e-05,5e-05,4.56885398675762
16.88,0.44470223177174734,0.0422500642619201,-8.449999999999864,-1.7215854013426327e-09,5e-05,5e-05,4.52043897943033
16.9,0.44554823305493,0.042300064159135,-8.459999999999864,-1.0278510072444171e-10,5e-05,5e-05,4.47196667644131
16.92,0.4463952343088752,0.04235006269725764,-8.469999999999864,-1.4618773637741672e-09,5e-05,5e-05,4.4234370793479645
16.94,0.4472432355367532,0.04240006139390299,-8.479999999999864,-1.303354655233945e-09,5e-05,5e-05,4.374850187968641
16.96,0.4480922368095855,0.04245006364161458,-8.489999999999863,2.2477115891173434e-09,5e-05,5e-05,4.326205998234117
16.98,0.44894223809119804,0.04250006408062894,-8.499999999999863,4.3901435928027113e-10,5e-05,5e-05,4.277504512217006
17.0,0.44979323938449617,0.042550064664905914,-8.509999999999863,5.842769754672118e-10,5e-05,5e-05,4.228745729750849
17.02,0.45064524067353656,0.04260006445202027,-8.519999999999863,-2.128856484060024e-10,5e-05,5e-05,4.179929651749129
17.04,0.4514982420930728,0.04265007097681417,-8.529999999999863,6.524793900769807e-09,5e-05,5e-05,4.131056270491033
17.06,0.4523522435645266,0.042700073572687895,-8.539999999999862,2.595873725890945e-09,5e-05,5e-05,4.08212559047877
17.080000000000002,0.4532072449901015,0.04275007127874663,-8.549999999999862,-2.293941265779295e-09,5e-05,5e-05,4.033137617315658
17.1,0.4540632462956672,0.04280006527828432,-8.559999999999862,-6.000462312851114e-09,5e-05,5e-05,3.984092355249057
17.12,0.4549202476373196,0.04285006708261889,-8.569999999999862,1.80433457291391e-09,5e-05,5e-05,3.9349897953353254
17.14,0.4557782488771961,0.04290006199382527,-8.579999999999862,-5.088793620093358e-09,5e-05,5e-05,3.88582994547341
17.16,0.45663725013825357,0.04295006305287272,-8.589999999999861,1.0590474458968123e-09,5e-05,5e-05,3.836612798618401
17.18,0.4574972513029235,0.04300005823349626,-8.599999999999861,-4.819376456254458e-09,5e-05,5e-05,3.7873383615064777
17.2,0.4583582525012378,0.04305005991571481,-8.60999999999986,1.6822185518671306e-09,5e-05,5e-05,3.738006626687363
17.22,0.45922025368814196,0.043100059345207505,-8.61999999999986,-5.705073097721793e-10,5e-05,5e-05,3.688617596742487
17.240000000000002,0.46008325483456236,0.043150057321021,-8.62999999999986,-2.024186504960598e-09,5e-05,5e-05,3.639171273337646
17.26,0.46094725601219066,0.043200058881415766,-8.63999999999986,1.560394767153941e-09,5e-05,5e-05,3.589667652365211
17.28,0.46181225723919767,0.04325006135035052,-8.64999999999986,2.4689347497101327e-09,5e-05,5e-05,3.5401067327840723
17.3,0.46267825840631843,0.04330005835603727,-8.65999999999986,-2.9943132453331454e-09,5e-05,5e-05,3.4904885208546492
17.32,0.46354525959500914,0.04335005943453635,-8.66999999999986,1.078499074326775e-09,5e-05,5e-05,3.440813011909846
17.34,0.4644132607402804,0.043400057263563045,-8.67999999999986,-2.1709733027598457e-09,5e-05,5e-05,3.3910802096732815
17.36,0.46528226185990346,0.04345005598115221,-8.68999999999986,-1.282410837491888e-09,5e-05,5e-05,3.3412901131267367
17.38,0.46615226299251455,0.043500056630553785,-8.699999999999859,6.494015780199253e-10,5e-05,5e-05,3.2914427200565193
17.400000000000002,0.46702326409651745,0.04355005520014514,-8.709999999999859,-1.4304086436865657e-09,5e-05,5e-05,3.241538032845918
17.42,0.467895265281434,0.043600059245826,-8.719999999999859,4.045680861885651e-09,5e-05,5e-05,3.191576045219793
17.44,0.4687682663841255,0.04365005513457656,-8.729999999999858,-4.1112494424180225e-09,5e-05,5e-05,3.1415567665253032
17.46,0.46964226751987903,0.04370005678767718,-8.739999999999858,1.653100621145246e-09,5e-05,5e-05,3.091480190156985
17.48,0.47051726869219995,0.043750058616046604,-8.749999999999858,1.8283694195225545e-09,5e-05,5e-05,3.041346315913997
17.5,0.4713932697517962,0.04380005297981278,-8.759999999999858,-5.636233825521e-09,5e-05,5e-05,2.991155152350145
17.52,0.47227027090882423,0.04385005785140295,-8.769999999999857,4.871590173856777e-09,5e-05,5e-05,2.9409066874243477
17.54,0.47314827206348214,0.04390005773289696,-8.779999999999857,-1.185059924041527e-10,5e-05,5e-05,2.8906009268548365
17.56,0.47402727323663824,0.04395005865780387,-8.789999999999857,9.249069109154442e-10,5e-05,5e-05,2.8402378694459443
17.580000000000002,0.47490727449575126,0.044000062955652404,-8.799999999999857,4.297848536593022e-09,5e-05,5e-05,2.7898175113325694
17.6,0.47578827576814686,0.04405006361977949,-8.809999999999857,6.64127088938514e-10,5e-05,5e-05,2.739339856678646
17.62,0.47667027709178417,0.04410006618186468,-8.819999999999856,2.5620851921327004e-09,5e-05,5e-05,2.6888049033092765
17.64,0.47755327840721273,0.04415006577142723,-8.829999999999856,-4.104374506191957e-10,5e-05,5e-05,2.6382126546307196
17.66,0.47843727970691713,0.044200064985218834,-8.839999999999856,-7.862083979212738e-10,5e-05,5e-05,2.587563111073578
17.68,0.47932228091931567,0.04425006061992593,-8.849999999999856,-4.365292903154414e-09,5e-05,5e-05,2.536856276739181
17.7,0.480208282097588,0.04430005891361615,-8.859999999999856,-1.7063097809033144e-09,5e-05,5e-05,2.4860921485805596
17.72,0.48109528329086926,0.04435005966406334,-8.869999999999855,7.504471908753152e-10,5e-05,5e-05,2.4352707237824744
17.740000000000002,0.48198328449932304,0.04440006042268927,-8.879999999999855,7.586259283597531e-10,5e-05,5e-05,2.3843920023355563
17.76,0.48287228570204394,0.04445006013604481,-8.889999999999855,-2.866444658651311e-10,5e-05,5e-05,2.3334559854375945
17.78,0.4837622869236064,0.04450006107812221,-8.899999999999855,9.420774063071365e-10,5e-05,5e-05,2.2824626716805776
17.8,0.4846532881326255,0.04455006045095452,-8.909999999999854,-6.271676942362456e-10,5e-05,5e-05,2.2314120628627307
17.82,0.485545289255304,0.044600056133925564,-8.919999999999854,-4.3170289524382695e-09,5e-05,5e-05,2.180304163212321
17.84,0.4864382905297414,0.04465006372187218,-8.929999999999854,7.587946609487667e-09,5e-05,5e-05,2.129138959087253
17.86,0.48733229181039744,0.04470006403280066,-8.939999999999854,3.1092848403543974e-10,5e-05,5e-05,2.0779164588263717
17.88,0.4882272930871429,0.044750063837274354,-8.949999999999854,-1.9552631206852244e-10,5e-05,5e-05,2.026636663010036
17.900000000000002,0.4891232943392762,0.0448000626066654,-8.959999999999853,-1.2306089516802377e-09,5e-05,5e-05,1.9752995728243612
17.92,0.4900202956728355,0.04485006667796506,-8.969999999999853,4.07129965793115e-09,5e-05,5e-05,1.923905182193807
17.94,0.49091829697210854,0.04490006496365248,-8.979999999999853,-1.7143125795073874e-09,5e-05,5e-05,1.8724534977481977
17.96,0.49181729825519316,0.04495006415423143,-8.989999999999853,-8.094210493814544e-10,5e-05,5e-05,1.8209445184506032
17.98,0.49271729953487414,0.04500006398404786,-8.999999999999853,-1.70183576291265e-10,5e-05,5e-05,1.7693782435685095
18.0,0.493618300841391,0.045050065325844234,-9.009999999999852,1.3417963746901263e-09,5e-05,5e-05,1.7177546713693193
18.02,0.49452030217112414,0.04510006648665448,-9.019999999999852,1.1608102481542423e-09,5e-05,5e-05,1.6660738020604235
18.04,0.4954233034722943,0.04515006505850696,-9.029999999999852,-1.4281475219723414e-09,5e-05,5e-05,1.6143356386085517
18.06,0.49632730478944137,0.04520006585735238,-9.039999999999852,7.988454200525417e-10,5e-05,5e-05,1.562540178461757
18.080000000000002,0.49723230608586727,0.045250064821295455,-9.049999999999851,-1.036056923305093e-09,5e-05,5e-05,1.510687423722685
18.1,0.49813830733352626,0.04530006238294983,-9.059999999999851,-2.4383456275080768e-09,5e-05,5e-05,1.4587773759982379
18.12,0.49904530855791746,0.04535006121955975,-9.069999999999851,-1.1633900788494091e-09,5e-05,5e-05,1.4068100338274243
18.14,0.4999533097883767,0.04540006152296252,-9.07999999999985,3.0340276690235656e-10,5e-05,5e-05,1.3547853955294236
18.16,0.5008623110904774,0.045450065105033646,-9.08999999999985,3.5820711282005907e-09,5e-05,5e-05,1.3027034573471572
18.18,0.5017723124411528,0.045500067533770845,-9.09999999999985,2.4287371967695768e-09,5e-05,5e-05,1.250564220602251
18.2,0.5026833137952886,0.045550067706791646,-9.10999999999985,1.7302079856970136e-10,5e-05,5e-05,1.1983676878795666
18.22,0.5035953150093797,0.045600060704555925,-9.11999999999985,-7.0022357218603804e-09,5e-05,5e-05,1.1461138674013411
18.240000000000002,0.5045083162279896,0.045650060930496256,-9.12999999999985,2.2594033305411426e-10,5e-05,5e-05,1.093802750884691
18.26,0.5054223174190439,0.04570005955271112,-9.13999999999985,-1.377785133057442e-09,5e-05,5e-05,1.0414343401673534
18.28,0.5063373185805101,0.04575005807331129,-9.14999999999985,-1.4793998317845137e-09,5e-05,5e-05,0.9890086353657686
18.3,0.5072533197683643,0.045800059392706455,-9.15999999999985,1.3193951673182265e-09,5e-05,5e-05,0.9365256332727542
18.32,0.5081703209770673,0.04585006043514816,-9.169999999999849,1.0424417050760868e-09,5e-05,5e-05,0.8839853342056787
18.34,0.5090883222172025,0.04590006200675698,-9.179999999999849,1.5716088258457138e-09,5e-05,5e-05,0.8313877375581566
18.36,0.5100073235083228,0.045950064556013984,-9.189999999999849,2.5492570017398477e-09,5e-05,5e-05,0.7787328422098886
18.38,0.510927324744314,0.04600006179956424,-9.199999999999848,-2.7564497434465026e-09,5e-05,5e-05,0.7260206542407718
18.400000000000002,0.5118483259597958,0.046050060774088006,-9.209999999999848,-1.0254762377052457e-09,5e-05,5e-05,0.6732511716672471
18.42,0.5127703273560239,0.04610006981140804,-9.219999999999848,9.037320030758052e-09,5e-05,5e-05,0.6204243829582072
18.44,0.5136933288183777,0.046150073117687984,-9.229999999999848,3.306279945512068e-09,5e-05,5e-05,0.5675402946809314
18.46,0.5146173302588779,0.04620007202500927,-9.239999999999847,-1.092678719523371e-09,5e-05,5e-05,0.5145989118762614
18.48,0.5155423317005245,0.046250072082330985,-9.249999999999847,5.732171831804771e-11,5e-05,5e-05,0.461600233226392
18.5,0.5164683331600032,0.046300072973934056,-9.259999999999847,8.916030694711166e-10,5e-05,5e-05,0.4085442577753119
18.52,0.5173947796086507,0.04632232243237514,-9.26445035581278,-2.3206235773479986e-09,2.225177906466341e-05,2.225177906466341e-05,0.3554627863229279
18.54,0.5183202261053478,0.046272324834854155,-9.25445035581278,2.402479010676007e-09,-5e-05,-5e-05,0.302438607897015
18.56,0.5192446726114937,0.046222325307291694,-9.24445035581278,4.724375421548579e-10,-5e-05,-5e-05,0.24947172470924187
18.580000000000002,0.5201681191888894,0.046172328869786616,-9.23445035581278,3.5624949260097353e-09,-5e-05,-5e-05,0.19656213321866522
18.6,0.5210905657407069,0.04612232759087644,-9.224450355812781,-1.2789101732836279e-09,-5e-05,-5e-05,0.14370983897312656
18.62,0.5220120122365273,0.046072324791020566,-9.214450355812781,-2.7998558747612333e-09,-5e-05,-5e-05,0.0909148437154999
18.64,0.5229324587856133,0.04602232745430127,-9.204450355812781,2.6632807043310554e-09,-5e-05,-5e-05,0.03817714118548673
18.66,0.5238519052551057,0.04597232347461936,-9.194450355812782,-3.979681908840696e-09,-5e-05,-5e-05,-0.014503261004630641
18.68,0.5247703517747722,0.04592232598332134,-9.184450355812782,2.5087019774816573e-09,-5e-05,-5e-05,-0.06712637028999671
18.7,0.5256877984012835,0.04587233132556951,-9.174450355812782,5.342248173012279e-09,-5e-05,-5e-05,-0.11969218991761431
18.72,0.5266042450721088,0.04582233354126146,-9.164450355812782,2.215691944971655e-09,-5e-05,-5e-05,-0.1722007163047158
18.740000000000002,0.5275196917793922,0.04577233536417126,-9.154450355812783,1.822909799372345e-09,-5e-05,-5e-05,-0.22465194900120186
18.76,0.5284341383748398,0.045722329772377,-9.144450355812783,-5.5917942557978085e-09,-5e-05,-5e-05,-0.27704587951045595
18.78,0.5293475849263839,0.045672327577208176,-9.134450355812783,-2.1951688243190654e-09,-5e-05,-5e-05,-0.3293825117247137
18.8,0.5302600313791583,0.04562232263872178,-9.124450355812783,-4.938486401119049e-09,-5e-05,-5e-05,-0.3816618425003721
18.82,0.5311714778742002,0.04557232475209099,-9.114450355812783,2.1133692138891217e-09,-5e-05,-5e-05,-0.4338838799182601
18.84,0.5320819244148566,0.045522327032819616,-9.104450355812784,2.2807286266761275e-09,-5e-05,-5e-05,-0.48604862417015876
18.86,0.5329913710146457,0.045472329989453816,-9.094450355812784,2.956634198545568e-09,-5e-05,-5e-05,-0.5381560760305968
18.88,0.5338998176732759,0.045422332931510885,-9.084450355812784,2.9420570662414866e-09,-5e-05,-5e-05,-0.5902062354828698
18.900000000000002,0.5348072642988747,0.04537233127994366,-9.074450355812784,-1.6515672272021548e-09,-5e-05,-5e-05,-0.6421990972630709
18.92,0.5357137109622744,0.045322333169983305,-9.064450355812784,1.890039645371694e-09,-5e-05,-5e-05,-0.6941346654295877
18.94,0.536619157549957,0.04527232938413436,-9.054450355812785,-3.785848938749309e-09,-5e-05,-5e-05,-0.746012933478326
18.96,0.5375236041763517,0.04522233131973508,-9.044450355812785,1.9356007201687466e-09,-5e-05,-5e-05,-0.7978339079655856
18.98,0.5384270508276434,0.04517233256458598,-9.034450355812785,1.2448508953470977e-09,-5e-05,-5e-05,-0.8495975880998284
19.0,0.5393294974240531,0.04512232982048327,-9.024450355812785,-2.7441027112856975e-09,-5e-05,-5e-05,-0.9013039693100503
19.02,0.5402309440352052,0.04507233055760522,-9.014450355812786,7.371219519117617e-10,-5e-05,-5e-05,-0.9529530555854363
19.04,0.5411313906313658,0.045022329808031634,-9.004450355812786,-7.495735835308305e-10,-5e-05,-5e-05,-1.0045448452223606
19.06,0.5420308371745446,0.04497232715893536,-8.994450355812786,-2.6490962767384437e-09,-5e-05,-5e-05,-1.0560793360441345
19.080000000000002,0.5429292837346671,0.04492232800612723,-8.984450355812786,8.471918727954109e-10,-5e-05,-5e-05,-1.1075565320572005
19.1,0.543826730318063,0.04487232916979124,-8.974450355812786,1.1636640099689795e-09,-5e-05,-5e-05,-1.1589764336242185
19.12,0.5447231768693066,0.04482232756218325,-8.964450355812787,-1.6076079822811814e-09,-5e-05,-5e-05,-1.2103390375695382
19.14,0.5456186233352471,0.04477232329702481,-8.954450355812787,-4.265158441132876e-09,-5e-05,-5e-05,-1.2616443408478355
19.16,0.5465130697626535,0.04472232137031694,-8.944450355812787,-1.9267078687381042e-09,-5e-05,-5e-05,-1.3128923461387725
19.18,0.5474065162041689,0.04467232207577485,-8.934450355812787,7.054579108453612e-10,-5e-05,-5e-05,-1.3640830564585902
19.2,0.5482989626469661,0.04462232213985963,-8.924450355812787,6.408477725847476e-11,-5e-05,-5e-05,-1.4152164710723318
19.22,0.549190409060602,0.04457232068179565,-8.914450355812788,-1.4580639752255943e-09,-5e-05,-5e-05,-1.4662925882357436
19.240000000000002,0.5500808555048057,0.04452232221018095,-8.904450355812788,1.5283852958932045e-09,-5e-05,-5e-05,-1.5173114113710449
19.26,0.5509703019403029,0.044472321774864335,-8.894450355812788,-4.3531661908223907e-10,-5e-05,-5e-05,-1.5682729382279932
19.28,0.5518587483080073,0.04442231838521496,-8.884450355812788,-3.3896493742493042e-09,-5e-05,-5e-05,-1.6191771654211806
19.3,0.552746194636511,0.04437231642518685,-8.874450355812789,-1.9600281042514173e-09,-5e-05,-5e-05,-1.670024094588822
19.32,0.5536326410061583,0.0443223184823662,-8.864450355812789,2.0571793458468324e-09,-5e-05,-5e-05,-1.720813730334306
19.34,0.554518087397428,0.0442723195634879,-8.854450355812789,1.081121697166845e-09,-5e-05,-5e-05,-1.771546071539152
19.36,0.5554025338481184,0.04422232253451925,-8.84445035581279,2.9710313505735685e-09,-5e-05,-5e-05,-1.8222211203690382
19.38,0.5562859802937775,0.04417232228295455,-8.83445035581279,-2.5156469909734376e-10,-5e-05,-5e-05,-1.8728388731311367
19.400000000000002,0.5571684266884007,0.04412231973116232,-8.82445035581279,-2.551792227335658e-09,-5e-05,-5e-05,-1.9233993271895824
19.42,0.558049873036319,0.04407231739591644,-8.81445035581279,-2.335245879443312e-09,-5e-05,-5e-05,-1.9739024827925216
19.44,0.5589303194362522,0.04402231999665559,-8.80445035581279,2.6007391496309033e-09,-5e-05,-5e-05,-2.024348345596177
19.46,0.559809765864388,0.04397232140679108,-8.79445035581279,1.410135493851282e-09,-5e-05,-5e-05,-2.074736914236217
19.48,0.5606882123572803,0.04392232464461254,-8.78445035581279,3.2378214624006326e-09,-5e-05,-5e-05,-2.1250681908070126
19.5,0.5615656588681162,0.0438723255417942,-8.77445035581279,8.971816623684979e-10,-5e-05,-5e-05,-2.1753421726263884
19.52,0.5624421053774288,0.04382232546563318,-8.76445035581279,-7.616102344692397e-11,-5e-05,-5e-05,-2.225558858578975
19.54,0.5633175518902651,0.04377232564181747,-8.754450355812791,1.7618428465600517e-10,-5e-05,-5e-05,-2.2757182489539423
19.56,0.5641919984456764,0.043722327770564964,-8.744450355812791,2.128747496296728e-09,-5e-05,-5e-05,-2.325820345988759
19.580000000000002,0.5650654450550836,0.04367233047036082,-8.734450355812791,2.6997958607992917e-09,-5e-05,-5e-05,-2.3758651503378063
19.6,0.5659378916423414,0.043622329362893925,-8.724450355812792,-1.1074668972476934e-09,-5e-05,-5e-05,-2.4258526576382717
19.62,0.5668093382229192,0.04357232902889206,-8.714450355812792,-3.34001861552747e-10,-5e-05,-5e-05,-2.4757828687764873
19.64,0.5676797847151106,0.043522324609566884,-8.704450355812792,-4.41932517856219e-09,-5e-05,-5e-05,-2.5256557790710197
19.66,0.5685492312805474,0.0434723282718396,-8.694450355812792,3.662272714127383e-09,-5e-05,-5e-05,-2.5754713977826906
19.68,0.5694176778837435,0.04342233015980998,-8.684450355812793,1.8879703840913016e-09,-5e-05,-5e-05,-2.6252297228783044
19.7,0.570285124414724,0.043372326549021456,-8.674450355812793,-3.610788526714024e-09,-5e-05,-5e-05,-2.6749307480567497
19.72,0.5711515709357626,0.04332232605193052,-8.664450355812793,-4.970909395187148e-10,-5e-05,-5e-05,-2.724574476886056
19.740000000000002,0.5720170174984782,0.043272328135780976,-8.654450355812793,2.083850458531037e-09,-5e-05,-5e-05,-2.7741609123237634
19.76,0.5728814640696414,0.04322232855815507,-8.644450355812793,4.2237408931549334e-10,-5e-05,-5e-05,-2.8236900524659663
19.78,0.5737449104932346,0.04317232117966215,-8.634450355812794,-7.378492915776705e-09,-5e-05,-5e-05,-2.873161888373525
19.8,0.574607356924935,0.043122321585021654,-8.624450355812794,4.05359501626585e-10,-5e-05,-5e-05,-2.9225764289660767
19.82,0.5754688034363818,0.04307232557234064,-8.614450355812794,3.987318984354381e-09,-5e-05,-5e-05,-2.9719336783482477
19.84,0.5763292500179498,0.04302232907839808,-8.604450355812794,3.506057435502664e-09,-5e-05,-5e-05,-3.0212336359685485
19.86,0.5771886966469775,0.04297233145138302,-8.594450355812794,2.372984938103927e-09,-5e-05,-5e-05,-3.070476300528582
19.88,0.5780471432554133,0.042922330421791485,-8.584450355812795,-1.0295915346019734e-09,-5e-05,-5e-05,-3.1196616681292735
19.900000000000002,0.5789045898928128,0.04287233186997596,-8.574450355812795,1.44818447232971e-09,-5e-05,-5e-05,-3.1687897416099493
19.92,0.5797610365290661,0.0428223318126653,-8.564450355812795,-5.731065674625444e-11,-5e-05,-5e-05,-3.2178605192454386
19.94,0.5806164831844615,0.04277233276976967,-8.554450355812795,9.571043636376741e-10,-5e-05,-5e-05,-3.2668740021981764
19.96,0.5814709297874916,0.042722330151506296,-8.544450355812796,-2.618263370821415e-09,-5e-05,-5e-05,-3.3158301863710933
19.98,0.5823243763605577,0.042672328653306425,-8.534450355812796,-1.4981998726301563e-09,-5e-05,-5e-05,-3.3647290730476827
20.0,0.5831768229167804,0.04262232781113856,-8.524450355812796,-8.421678658116178e-10,-5e-05,-5e-05,-3.413570662979707
20.02,0.5840282693526225,0.042572321792104614,-8.514450355812796,-6.0190339471306205e-09,-5e-05,-5e-05,-3.462354950234917
20.04,0.5848787157963193,0.04252232218484178,-8.504450355812796,3.927371678651967e-10,-5e-05,-5e-05,-3.5110819421606543
20.06,0.5857281622261862,0.04247232149333933,-8.494450355812797,-6.915024553899917e-10,-5e-05,-5e-05,-3.5597516375144793
20.080000000000002,0.5865766086536748,0.04242232137443093,-8.484450355812797,-1.189083955823645e-10,-5e-05,-5e-05,-3.608364036952529
20.1,0.5874240550666817,0.042372320650348023,-8.474450355812797,-7.240829094041978e-10,-5e-05,-5e-05,-3.6569191397813268
20.12,0.5882705014843808,0.042322320884950165,-8.464450355812797,2.346021406080615e-10,-5e-05,-5e-05,-3.7054169470994496
20.14,0.5891159478423115,0.042272317896533636,-8.454450355812797,-2.988416528241996e-09,-5e-05,-5e-05,-3.753857455213586
20.16,0.5899603942377968,0.04222231977426708,-8.444450355812798,1.877733444143059e-09,-5e-05,-5e-05,-3.8022406696999296
20.18,0.5908038406088943,0.04217231855488037,-8.434450355812798,-1.2193867120729128e-09,-5e-05,-5e-05,-3.850566587009445
20.2,0.5916462870415394,0.04212232163225193,-8.424450355812798,3.0773715597659174e-09,-5e-05,-5e-05,-3.8988352120658605
20.22,0.5924877335196698,0.04207232390651682,-8.414450355812798,2.2742648937384565e-09,-5e-05,-5e-05,-3.947046543948876
20.240000000000002,0.5933281799932232,0.04202232367767042,-8.404450355812799,-2.2884639976840861e-10,-5e-05,-5e-05,-3.99520057979014
20.26,0.5941676263639225,0.041972318534968314,-8.394450355812799,-5.142702105325609e-09,-5e-05,-5e-05,-4.043297313958786
20.28,0.5950060727074132,0.04192231717453814,-8.384450355812799,-1.3604301696449134e-09,-5e-05,-5e-05,-4.09133675078898
20.3,0.5958435190677196,0.041872318015319605,-8.3744503558128,8.407814651329736e-10,-5e-05,-5e-05,-4.139318892803127
20.32,0.5966799654437615,0.04182231880209453,-8.3644503558128,7.867749208730127e-10,-5e-05,-5e-05,-4.187243739939338
20.34,0.5975154118329086,0.041772319457356225,-8.3544503558128,6.55261698408275e-10,-5e-05,-5e-05,-4.235111292046912
20.36,0.598349858227263,0.0417223197177226,-8.3444503558128,2.6036637292872737e-10,-5e-05,-5e-05,-4.282921548673333
20.38,0.5991833045723781,0.04167231725575108,-8.3344503558128,-2.4619715159054283e-09,-5e-05,-5e-05,-4.33067450669903
20.400000000000002,0.6000157510173889,0.04162232225054078,-8.3244503558128,4.9947896961249676e-09,-5e-05,-5e-05,-4.3783701746688175
20.42,0.6008471974672003,0.041572322490567824,-8.3144503558128,2.400270461719057e-10,-5e-05,-5e-05,-4.426008547134145
20.44,0.6016776438697261,0.0415223201262901,-8.3044503558128,-2.364277728576443e-09,-5e-05,-5e-05,-4.473589621110698
20.46,0.6025070902609924,0.041472319563315055,-8.2944503558128,-5.629750396808686e-10,-5e-05,-5e-05,-4.52111339866261
20.48,0.603335536578213,0.04142231586103304,-8.284450355812801,-3.7022820193738727e-09,-5e-05,-5e-05,-4.568579876192511
20.5,0.6041629828189732,0.04137231203800521,-8.274450355812801,-3.8230278240164185e-09,-5e-05,-5e-05,-4.615989053562033
20.52,0.6049894290938099,0.04132231374183588,-8.264450355812802,1.7038306652511677e-09,-5e-05,-5e-05,-4.663340937104488
20.54,0.6058148753962385,0.04127231512142702,-8.254450355812802,1.37959114363175e-09,-5e-05,-5e-05,-4.710635526448322
20.56,0.6066393217765197,0.04122231901406102,-8.244450355812802,3.892633996355225e-09,-5e-05,-5e-05,-4.757872824473274
20.580000000000002,0.607462768106642,0.04117231650611536,-8.234450355812802,-2.507945659503196e-09,-5e-05,-5e-05,-4.80505282384482
20.6,0.608285214430921,0.041122316213947775,-8.224450355812802,-2.9216758418707686e-10,-5e-05,-5e-05,-4.852175527102053
20.62,0.609106660759974,0.04107231645265062,-8.214450355812803,2.3870285063748896e-10,-5e-05,-5e-05,-4.899240934853305
20.64,0.6099271070556618,0.04102231478439137,-8.204450355812803,-1.668259253987181e-09,-5e-05,-5e-05,-4.946249044913357
20.66,0.6107465532766458,0.04097231104920085,-8.194450355812803,-3.735190518529673e-09,-5e-05,-5e-05,-4.993199854913689
20.68,0.6115649994834391,0.04092231033966274,-8.184450355812803,-7.09538108459384e-10,-5e-05,-5e-05,-5.040093368321434
20.7,0.612382445747548,0.04087231320544364,-8.174450355812803,2.865780901819235e-09,-5e-05,-5e-05,-5.086929589233608
20.72,0.6131988920827319,0.04082231675919672,-8.164450355812804,3.553753072139386e-09,-5e-05,-5e-05,-5.1337085184385725
20.740000000000002,0.6140143383771365,0.040772314720226535,-8.154450355812804,-2.0389701816792482e-09,-5e-05,-5e-05,-5.1804301495275356
20.76,0.6148287847160374,0.0407223169450459,-8.144450355812804,2.224819363337387e-09,-5e-05,-5e-05,-5.227094487386441
20.78,0.6156422310219274,0.040672315294496206,-8.134450355812804,-1.6505496942320888e-09,-5e-05,-5e-05,-5.273701527574444
20.8,0.6164546772504931,0.04062231142828681,-8.124450355812805,-3.866209398273951e-09,-5e-05,-5e-05,-5.320251267552579
20.82,0.6172661234633946,0.040572310645075105,-8.114450355812805,-7.83211704804143e-10,-5e-05,-5e-05,-5.366743710853711
20.84,0.6180765697212809,0.040522312894312476,-8.104450355812805,2.2492373731938614e-09,-5e-05,-5e-05,-5.413178860952765
20.86,0.6188860159924509,0.040472313558495614,-8.094450355812805,6.641831347876754e-10,-5e-05,-5e-05,-5.459556716033407
20.88,0.6196944622633932,0.04042231354711557,-8.084450355812805,-1.1380046462020582e-11,-5e-05,-5e-05,-5.505877275321493
20.900000000000002,0.6205019083709185,0.0403723053762646,-8.074450355812806,-8.170850969221522e-09,-5e-05,-5e-05,-5.552140529466956
20.92,0.6213083544766796,0.04032230528805808,-8.064450355812806,-8.820652159745384e-11,-5e-05,-5e-05,-5.598346487731834
20.94,0.622113800650427,0.04027230868736816,-8.054450355812806,3.3993100814520567e-09,-5e-05,-5e-05,-5.644495154112517
20.96,0.6229182467930983,0.04022230713356605,-8.044450355812806,-1.5538021106709347e-09,-5e-05,-5e-05,-5.6905865229331605
20.98,0.6237216929323738,0.04017230696377762,-8.034450355812806,-1.6978843682349078e-10,-5e-05,-5e-05,-5.736620595779727
21.0,0.6245241391215877,0.04012230946069653,-8.024450355812807,2.4969189149612734e-09,-5e-05,-5e-05,-5.782597375708039
21.02,0.6253255851383107,0.04007230083615272,-8.014450355812807,-8.624543808067535e-09,-5e-05,-5e-05,-5.828516849973841
21.04,0.6261260310727834,0.04002229672363667,-8.004450355812807,-4.112516049986281e-09,-5e-05,-5e-05,-5.874379023747532
21.06,0.6269254769391929,0.03997229332047201,-7.994450355812807,-3.4031646593132504e-09,-5e-05,-5e-05,-5.920183897841974
21.080000000000002,0.6277239228132344,0.039922293702076145,-7.9844503558128075,3.816041346614854e-10,-5e-05,-5e-05,-5.9659314765941875
21.1,0.6285213687062082,0.03987229464868843,-7.974450355812808,9.466122873626498e-10,-5e-05,-5e-05,-6.011621760651629
21.12,0.6293178146408754,0.03982229673336251,-7.964450355812808,2.0846740744520715e-09,-5e-05,-5e-05,-6.057254751318412
21.14,0.6301132605889967,0.039772297406063695,-7.954450355812808,6.72701187540252e-10,-5e-05,-5e-05,-6.1028304469765455
21.16,0.6309077065353141,0.03972229731586991,-7.944450355812808,-9.01937834614875e-11,-5e-05,-5e-05,-6.148348846751809
21.18,0.6317011524643926,0.03967229645392636,-7.9344503558128086,-8.61943550242e-10,-5e-05,-5e-05,-6.193809949759842
21.2,0.632493598393062,0.039622296433464176,-7.924450355812809,-2.046218047947497e-11,-5e-05,-5e-05,-6.23921375696492
21.22,0.6332850443196902,0.03957229633141595,-7.914450355812809,-1.0204822554109263e-10,-5e-05,-5e-05,-6.284560268273541
21.240000000000002,0.6340754902456012,0.03952229629554418,-7.904450355812809,-3.5871769962310564e-11,-5e-05,-5e-05,-6.329849483761548
21.26,0.6348649361192643,0.039472293683154955,-7.894450355812809,-2.612389223817078e-09,-5e-05,-5e-05,-6.375081400476464
21.28,0.6356533819970894,0.03942229389125523,-7.88445035581281,2.0810027878548921e-10,-5e-05,-5e-05,-6.420256021650331
21.3,0.6364408279086629,0.039372295578673056,-7.87445035581281,1.6874178237067437e-09,-5e-05,-5e-05,-6.46537334897832
21.32,0.6372272739010506,0.039322299619386075,-7.86445035581281,4.040713020569159e-09,-5e-05,-5e-05,-6.510433385157116
21.34,0.6380127200175991,0.03927230582742771,-7.85445035581281,6.2080416379535505e-09,-5e-05,-5e-05,-6.555436132670286
21.36,0.6387971660544439,0.0392223018422423,-7.8444503558128105,-3.9851854126106565e-09,-5e-05,-5e-05,-6.600381579837257
21.38,0.6395806120558544,0.03917230007052229,-7.834450355812811,-1.7717200049015112e-09,-5e-05,-5e-05,-6.645269729194476
21.400000000000002,0.6403630580616465,0.03912230028960578,-7.824450355812811,2.1908348956055978e-10,-5e-05,-5e-05,-6.690100583023234
21.42,0.641144504059174,0.03907229987637294,-7.814450355812811,-4.132328469697844e-10,-5e-05,-5e-05,-6.73487414059895
21.44,0.6419249499932088,0.03902229670174041,-7.804450355812811,-3.174632533725129e-09,-5e-05,-5e-05,-6.77959039875729
21.46,0.6427043959907719,0.03897229987815664,-7.7944503558128115,3.1764162355682284e-09,-5e-05,-5e-05,-6.824249364776019
21.48,0.6434828419823786,0.03892229958033251,-7.784450355812812,-2.9782413050537127e-10,-5e-05,-5e-05,-6.868851034673959
21.5,0.6442602879901402,0.03887230038808146,-7.774450355812812,8.077489474828187e-10,-5e-05,-5e-05,-6.913395409717997
21.52,0.6450367340026235,0.038822300624166084,-7.764450355812812,2.360846201927702e-10,-5e-05,-5e-05,-6.95788248925305
21.54,0.6458121799532732,0.03877229753248428,-7.754450355812812,-3.0916818006422813e-09,-5e-05,-5e-05,-7.002312269465788
21.56,0.6465866259502475,0.03872229984871245,-7.744450355812813,2.316228166001832e-09,-5e-05,-5e-05,-7.046684756553217
21.580000000000002,0.6473600719341692,0.03867229919608448,-7.734450355812813,-6.526279664633226e-10,-5e-05,-5e-05,-7.090999947113274
21.6,0.6481325179108642,0.03862229883475227,-7.724450355812813,-3.613322136098605e-10,-5e-05,-5e-05,-7.135257841479759
21.62,0.64890396393109,0.03857230101128669,-7.714450355812813,2.176534426493931e-09,-5e-05,-5e-05,-7.179458442560857
21.64,0.6496744099255547,0.03852229972323975,-7.7044503558128135,-1.288046939016651e-09,-5e-05,-5e-05,-7.223601746386446
21.66,0.6504438559757951,0.038472302512023396,-7.694450355812814,2.788783649855725e-09,-5e-05,-5e-05,-7.2676877576282335
21.68,0.651212302019832,0.03842230220184845,-7.684450355812814,-3.101749443703448e-10,-5e-05,-5e-05,-7.311716472735073
21.7,0.6519797482301161,0.03837231051420002,-7.674450355812814,8.312351566896606e-09,-5e-05,-5e-05,-7.355687901587657
21.72,0.6527461944966224,0.03832231332531789,-7.664450355812814,2.8111178679113445e-09,-5e-05,-5e-05,-7.39960203788203
21.740000000000002,0.6535116407625255,0.03827231329515909,-7.6544503558128145,-3.0158802389352204e-11,-5e-05,-5e-05,-7.443458878362328
21.76,0.6542760869757572,0.03822231066158398,-7.644450355812815,-2.633575111301903e-09,-5e-05,-5e-05,-7.487258420045261
21.78,0.6550395331488872,0.038172308656496796,-7.634450355812815,-2.005087183624907e-09,-5e-05,-5e-05,-7.531000663651022
21.8,0.6558019792813224,0.03812230662176156,-7.624450355812815,-2.0347352383874427e-09,-5e-05,-5e-05,-7.574685609145635
21.82,0.6565634254096231,0.03807230641503304,-7.614450355812815,-2.0672851933570714e-10,-5e-05,-5e-05,-7.6183132586238385
21.84,0.6573238715577291,0.038022307405301006,-7.604450355812816,9.902679626096886e-10,-5e-05,-5e-05,-7.6618836134572925
21.86,0.6580833177031686,0.03797230727197767,-7.594450355812816,-1.3332333310321755e-10,-5e-05,-5e-05,-7.705396672358457
21.88,0.6588417638318714,0.03792230643513878,-7.584450355812816,-8.368388910152231e-10,-5e-05,-5e-05,-7.748852434521163
21.900000000000002,0.6595992099632472,0.03787230656878699,-7.574450355812816,1.3364820766104046e-10,-5e-05,-5e-05,-7.792250901057505
21.92,0.6603556561200314,0.03782230783921586,-7.564450355812816,1.2704288733644706e-09,-5e-05,-5e-05,-7.835592073270135
21.94,0.6611111022892641,0.037772308461630294,-7.554450355812817,6.224144341942294e-10,-5e-05,-5e-05,-7.87887595041649
21.96,0.6618655484329387,0.037722307183731665,-7.544450355812817,-1.2778986308479625e-09,-5e-05,-5e-05,-7.9221025303189645
21.98,0.6626189945405574,0.03767230538093521,-7.534450355812817,-1.8027964523712079e-09,-5e-05,-5e-05,-7.965271812376078
22.0,0.6633714407326706,0.0376223096056643,-7.524450355812817,4.22472909202413e-09,-5e-05,-5e-05,-8.008383803494857
22.02,0.6641228869546919,0.0375723111010661,-7.5144503558128175,1.495401790773916e-09,-5e-05,-5e-05,-8.051438500547727
22.04,0.664873333168168,0.03752231067380162,-7.504450355812818,-4.272644765160617e-10,-5e-05,-5e-05,-8.09443590133148
22.06,0.6656227793711349,0.03747231014834343,-7.494450355812818,-5.254581939884694e-10,-5e-05,-5e-05,-8.137376005733588
22.080000000000002,0.6663712255600363,0.037422309445064965,-7.484450355812818,-7.032784631207227e-10,-5e-05,-5e-05,-8.180258813550287
22.1,0.6671186716671682,0.03737230535659686,-7.474450355812818,-4.088468110390411e-09,-5e-05,-5e-05,-8.223084320902432
22.12,0.6678651177815862,0.03732230572090195,-7.464450355812819,3.643050917006818e-10,-5e-05,-5e-05,-8.265852532892522
22.14,0.6686105638737302,0.03727230460720103,-7.454450355812819,-1.1137009159011e-09,-5e-05,-5e-05,-8.308563447826891
22.16,0.6693550100444955,0.03722230853826243,-7.444450355812819,3.93106140203465e-09,-5e-05,-5e-05,-8.351217071486419
22.18,0.6700984562402595,0.03717230978820213,-7.434450355812819,1.249939700417513e-09,-5e-05,-5e-05,-8.393813400798756
22.2,0.6708409023750378,0.03712230673891073,-7.424450355812819,-3.049291399959579e-09,-5e-05,-5e-05,-8.436352430837351
22.22,0.6715823485618246,0.03707230933934356,-7.41445035581282,2.600432825043009e-09,-5e-05,-5e-05,-8.478834168076306
22.240000000000002,0.6723227947165609,0.03702230773680931,-7.40445035581282,-1.6025342445680916e-09,-5e-05,-5e-05,-8.521258607699382
22.26,0.6730622408302592,0.036972305684920194,-7.39445035581282,-2.0518891155356945e-09,-5e-05,-5e-05,-8.56362574919165
22.28,0.6738006868794764,0.036922302460854435,-7.38445035581282,-3.2240657573680392e-09,-5e-05,-5e-05,-8.605935591209901
22.3,0.6745381329365115,0.03687230285175734,-7.3744503558128205,3.9090290766216187e-10,-5e-05,-5e-05,-8.64818813789658
22.32,0.6752745788776593,0.03682229705738535,-7.364450355812821,-5.7943719916526135e-09,-5e-05,-5e-05,-8.690383382163887
22.34,0.6760100248585565,0.03677229904486148,-7.354450355812821,1.9874761258522734e-09,-5e-05,-5e-05,-8.732521332929158
22.36,0.676744470833841,0.03672229876422319,-7.344450355812821,-2.8063828696776624e-10,-5e-05,-5e-05,-8.774601987593329
22.38,0.6774779167865475,0.03667229763532341,-7.334450355812821,-1.1288997787889128e-09,-5e-05,-5e-05,-8.816625345184358
22.400000000000002,0.6782103627432319,0.036622297834220184,-7.3244503558128216,1.988967711329134e-10,-5e-05,-5e-05,-8.858591407223798
22.42,0.6789418087496195,0.03657230031937996,-7.314450355812822,2.4851597751185884e-09,-5e-05,-5e-05,-8.900500176331509
22.44,0.6796722547243442,0.03652229873623625,-7.304450355812822,-1.583143718199384e-09,-5e-05,-5e-05,-8.942351647845554
22.46,0.6804017006237426,0.03647229496992096,-7.294450355812822,-3.766315290929432e-09,-5e-05,-5e-05,-8.984145819264207
22.48,0.681130146484482,0.03642229303697117,-7.284450355812822,-1.932949785001267e-09,-5e-05,-5e-05,-9.025882692688347
22.5,0.68185759233691,0.036372292621400515,-7.274450355812823,-4.1557065853773254e-10,-5e-05,-5e-05,-9.067562269856769
22.52,0.6825840381698619,0.036322291647594554,-7.264450355812823,-9.738059637145486e-10,-5e-05,-5e-05,-9.109184550129779
22.54,0.6833094840595199,0.03627229448289996,-7.254450355812823,2.835305407269035e-09,-5e-05,-5e-05,-9.150749537872292
22.56,0.6840339299548043,0.036222294764220044,-7.244450355812823,2.813200824709968e-10,-5e-05,-5e-05,-9.192257230157665
22.580000000000002,0.6847573757675451,0.03617229063704259,-7.2344503558128235,-4.127177454289182e-09,-5e-05,-5e-05,-9.233707621934128
22.6,0.6854798215825878,0.036122290752133614,-7.224450355812824,1.1509102890708621e-10,-5e-05,-5e-05,-9.275100718062962
22.62,0.6862012674456249,0.03607229315185699,-7.214450355812824,2.3997233793139155e-09,-5e-05,-5e-05,-9.316436521162164
22.64,0.6869217134599873,0.03602230071812192,-7.204450355812824,7.566264932134011e-09,-5e-05,-5e-05,-9.357715037152149
22.66,0.6876411594844789,0.035972301224579985,-7.194450355812824,5.06458060451071e-10,-5e-05,-5e-05,-9.398936257942983
22.68,0.6883596055647628,0.03592230401419691,-7.1844503558128245,2.789616924306766e-09,-5e-05,-5e-05,-9.44010018615097
22.7,0.6890770516642881,0.0358723049762616,-7.174450355812825,9.620646936700505e-10,-5e-05,-5e-05,-9.48120681968189
22.72,0.6897934978686016,0.03582231021567453,-7.164450355812825,5.239412929220398e-09,-5e-05,-5e-05,-9.522256163437218
22.740000000000002,0.6905089440476537,0.03577230895260583,-7.154450355812825,-1.2630686966079278e-09,-5e-05,-5e-05,-9.56324820996567
22.76,0.691223390230101,0.03572230912236612,-7.144450355812825,1.6976029094107016e-10,-5e-05,-5e-05,-9.604182960909133
22.78,0.6919368363452082,0.03567230575535642,-7.134450355812826,-3.3670097018793935e-09,-5e-05,-5e-05,-9.645060412214779
22.8,0.6926492824046776,0.035622302973472186,-7.124450355812826,-2.7818842301022262e-09,-5e-05,-5e-05,-9.685880564553102
22.82,0.6933607284867603,0.03557230410413858,-7.114450355812826,1.1306663941183127e-09,-5e-05,-5e-05,-9.72664342240756
22.84,0.6940711745525084,0.03552230328740492,-7.104450355812826,-8.167336593211846e-10,-5e-05,-5e-05,-9.7673489835466
22.86,0.6947806205458986,0.03547229966950765,-7.0944503558128265,-3.617897268850044e-09,-5e-05,-5e-05,-9.807997244760324
22.88,0.6954890664904153,0.035422297225834905,-7.084450355812827,-2.4436727440291644e-09,-5e-05,-5e-05,-9.84858820739429
22.900000000000002,0.6961965124569471,0.035372298326593866,-7.074450355812827,1.100758960211595e-09,-5e-05,-5e-05,-9.889121875510115
22.92,0.6969029585733404,0.035322305819664584,-7.064450355812827,7.493070721231247e-09,-5e-05,-5e-05,-9.929598256432858
22.94,0.6976084048127564,0.03527231197080122,-7.054450355812827,6.151136635476852e-09,-5e-05,-5e-05,-9.970017348624772
22.96,0.6983128509441918,0.03522230657177052,-7.0444503558128275,-5.399030697379448e-09,-5e-05,-5e-05,-10.010379138850338
22.98,0.6990162971457684,0.03517231007882807,-7.034450355812828,3.5070575447457224e-09,-5e-05,-5e-05,-10.050683637315185
23.0,0.6997187432786183,0.035122306642491365,-7.024450355812828,-3.436336702731333e-09,-5e-05,-5e-05,-10.090930836062768
23.02,0.7004201894446215,0.035072308300160816,-7.014450355812828,1.6576694510539964e-09,-5e-05,-5e-05,-10.131120740930385
23.04,0.7011206356181114,0.03502230867449651,-7.004450355812828,3.74335694525495e-10,-5e-05,-5e-05,-10.171253350447449
23.06,0.7018200817121419,0.03497230470152514,-6.994450355812829,-3.97297136861865e-09,-5e-05,-5e-05,-10.211328659632306
23.080000000000002,0.7025185277585048,0.0349223023181409,-6.984450355812829,-2.383384240785323e-09,-5e-05,-5e-05,-10.251346670306495
23.1,0.7032159739048971,0.0348723073196176,-6.974450355812829,5.001476706056882e-09,-5e-05,-5e-05,-10.291307390932438
23.12,0.7039124200522507,0.03482230736768054,-6.964450355812829,4.8062944165373573e-11,-5e-05,-5e-05,-10.331210815833948
23.14,0.7046078663495157,0.03477231486324794,-6.954450355812829,7.495567397028126e-09,-5e-05,-5e-05,-10.37105695354523
23.16,0.7053023126655307,0.034722315800750095,-6.94445035581283,9.375021594364745e-10,-5e-05,-5e-05,-10.410845796551298
23.18,0.7059957590289521,0.034672318171068375,-6.93445035581283,2.3703182838503185e-09,-5e-05,-5e-05,-10.450577346494038
23.2,0.7066882052946332,0.03462231328405288,-6.92445035581283,-4.887015491647332e-09,-5e-05,-5e-05,-10.49025159505716
23.22,0.7073796516169956,0.03457231611811736,-6.91445035581283,2.8340644840474904e-09,-5e-05,-5e-05,-10.529868551088368
23.240000000000002,0.7080700978673162,0.03452231251603205,-6.9044503558128305,-3.602085309998036e-09,-5e-05,-5e-05,-10.569428207212376
23.26,0.7087595441054235,0.0344723119053668,-6.894450355812831,-6.10665249355308e-10,-5e-05,-5e-05,-10.608930566857094
23.28,0.7094479903102069,0.03442231023916725,-6.884450355812831,-1.666199547432957e-09,-5e-05,-5e-05,-10.64837562881298
23.3,0.7101354364673401,0.03437230785666299,-6.874450355812831,-2.3825042681155306e-09,-5e-05,-5e-05,-10.687763392259201
23.32,0.7108218826834872,0.034322310807355746,-6.864450355812831,2.950692755399181e-09,-5e-05,-5e-05,-10.727093863307156
23.34,0.7115073289448394,0.03427231306760712,-6.854450355812832,2.260251373187398e-09,-5e-05,-5e-05,-10.766367041165655
23.36,0.7121917751682569,0.03422231117088094,-6.844450355812832,-1.896726180320908e-09,-5e-05,-5e-05,-10.80558292107115
23.38,0.7128752212912751,0.03417230615091007,-6.834450355812832,-5.019970873733583e-09,-5e-05,-5e-05,-10.844741499444671
23.400000000000002,0.7135576674263816,0.034122306755322795,-6.824450355812832,6.044127279542231e-10,-5e-05,-5e-05,-10.883842782731287
23.42,0.714239113554024,0.03407230638212001,-6.814450355812832,-3.7320278229089117e-10,-5e-05,-5e-05,-10.92288676981073
23.44,0.7149195596492635,0.03402230476197312,-6.804450355812833,-1.6201468900239e-09,-5e-05,-5e-05,-10.961873459254107
23.46,0.7155990056968256,0.03397230237810591,-6.794450355812833,-2.3838672060629496e-09,-5e-05,-5e-05,-11.00080285018626
23.48,0.7162774517680323,0.03392230356033608,-6.784450355812833,1.182230167730055e-09,-5e-05,-5e-05,-11.039674946693637
23.5,0.7169548977588153,0.0338722995391489,-6.774450355812833,-4.02118717421463e-09,-5e-05,-5e-05,-11.078489742813561
23.52,0.7176313438036908,0.03382230224377487,-6.7644503558128335,2.7046259662561016e-09,-5e-05,-5e-05,-11.117247246253244
23.54,0.7183067898088353,0.03377230025722855,-6.754450355812834,-1.9865463186841133e-09,-5e-05,-5e-05,-11.155947451637
23.56,0.7189812358369992,0.03372230140819284,-6.744450355812834,1.1509642863940767e-09,-5e-05,-5e-05,-11.194590362560154
23.580000000000002,0.7196546818493731,0.03367230061869338,-6.734450355812834,-7.894994585112104e-10,-5e-05,-5e-05,-11.23317597679909
23.6,0.7203271279367859,0.033622304370640815,-6.724450355812834,3.751947436844171e-09,-5e-05,-5e-05,-11.271704299557928
23.62,0.7209985740128835,0.033572303804878356,-6.714450355812835,-5.65762455981583e-10,-5e-05,-5e-05,-11.31017532588894
23.64,0.7216690200926779,0.03352230398971986,-6.704450355812835,1.8484150147905236e-10,-5e-05,-5e-05,-11.34858905665225
23.66,0.7223384661798039,0.033472304356301816,-6.694450355812835,3.6658195793957947e-10,-5e-05,-5e-05,-11.38694549205612
23.68,0.7230069122531451,0.03342230366705624,-6.684450355812835,-6.892455776904505e-10,-5e-05,-5e-05,-11.42524463089066
23.7,0.7236743582945575,0.03337230207062325,-6.674450355812835,-1.59643298806128e-09,-5e-05,-5e-05,-11.463486472116307
23.72,0.7243408043301652,0.03332230178038907,-6.664450355812836,-2.9023417642032435e-10,-5e-05,-5e-05,-11.501671017229855
23.740000000000002,0.7250062503963811,0.033272303310791444,-6.654450355812836,1.5304023721669824e-09,-5e-05,-5e-05,-11.539798268317607
23.76,0.7256706965562844,0.03322230799516101,-6.644450355812836,4.684369566465124e-09,-5e-05,-5e-05,-11.577868228993738
23.78,0.7263341426797149,0.03317230617152498,-6.634450355812836,-1.8236360283946013e-09,-5e-05,-5e-05,-11.615880891800622
23.8,0.7269965889501442,0.03312231352146897,-6.6244503558128365,7.349943990496227e-09,-5e-05,-5e-05,-11.653836267250403
23.82,0.7276580352481802,0.033072314901801445,-6.614450355812837,1.3803324720099926e-09,-5e-05,-5e-05,-11.691734348502418
23.84,0.7283184815219242,0.03302231368720369,-6.604450355812837,-1.2145977595423781e-09,-5e-05,-5e-05,-11.729575132583095
23.86,0.7289779277470465,0.03297231125611481,-6.594450355812837,-2.4310888775490214e-09,-5e-05,-5e-05,-11.767358618098434
23.88,0.7296363739107546,0.03292230818540428,-6.584450355812837,-3.0707105277902264e-09,-5e-05,-5e-05,-11.805084804315491
23.900000000000002,0.7302938200526203,0.03287230709328213,-6.5744503558128375,-1.0921221537999983e-09,-5e-05,-5e-05,-11.842753693501555
23.92,0.7309502661490148,0.03282230481972231,-6.564450355812838,-2.2735598223886223e-09,-5e-05,-5e-05,-11.880365284302796
23.94,0.7316057122503073,0.03277230506462893,-6.554450355812838,2.4490661953129917e-10,-5e-05,-5e-05,-11.917919579605163
23.96,0.7322601582909727,0.032722302033267626,-6.544450355812838,-3.0313613008783543e-09,-5e-05,-5e-05,-11.955416575654334
23.98,0.732913604294506,0.032672300176665066,-6.534450355812838,-1.8566025633880979e-09,-5e-05,-5e-05,-11.992856273796486
24.0,0.7335660503402013,0.03262230228476196,-6.524450355812839,2.1080968963095383e-09,-5e-05,-5e-05,-12.030238678574822
24.02,0.7342174964005961,0.03257230301974173,-6.514450355812839,7.349797687478567e-10,-5e-05,-5e-05,-12.06756378841587
24.04,0.7348679424374647,0.03252230184343057,-6.504450355812839,-1.176311161694813e-09,-5e-05,-5e-05,-12.104831601129451
24.060000000000002,0.7355173884839378,0.032472302323655416,-6.494450355812839,4.802248423145402e-10,-5e-05,-5e-05,-12.142042118613816
24.080000000000002,0.7361658345463276,0.03242230311949042,-6.4844503558128395,7.958349997550573e-10,-5e-05,-5e-05,-12.179195341230628
24.1,0.7368132807229757,0.03237230883240482,-6.47445035581284,5.712914400835598e-09,-5e-05,-5e-05,-12.216291274614447
24.12,0.7374597269064439,0.032322309173411806,-6.46445035581284,3.410069820124274e-10,-5e-05,-5e-05,-12.253329912609516
24.14,0.7381051730377759,0.03227230656660177,-6.45445035581284,-2.6068100307288495e-09,-5e-05,-5e-05,-12.290311251837885
24.16,0.7387496191424998,0.03222230523619415,-6.44445035581284,-1.3304076262509182e-09,-5e-05,-5e-05,-12.327235293762211
24.18,0.7393930653179591,0.03217230877296319,-6.4344503558128405,3.5367690411212423e-09,-5e-05,-5e-05,-12.364102043959864
24.2,0.7400355115015256,0.032122309178324794,-6.424450355812841,4.053616029201914e-10,-5e-05,-5e-05,-12.40091149884251
24.22,0.7406769576602378,0.032072307935607995,-6.414450355812841,-1.2427167971777816e-09,-5e-05,-5e-05,-12.437663656521597
24.240000000000002,0.7413174038130211,0.03202230763916726,-6.404450355812841,-2.964407329513557e-10,-5e-05,-5e-05,-12.474358518081473
24.26,0.7419568499804231,0.03197230837009837,-6.394450355812841,7.309311117802314e-10,-5e-05,-5e-05,-12.510996084699423
24.28,0.7425952961881059,0.03192231038414131,-6.384450355812842,2.014042937513806e-09,-5e-05,-5e-05,-12.547576357845783
24.3,0.7432327424020484,0.03187231069712032,-6.374450355812842,3.1297900943731326e-10,-5e-05,-5e-05,-12.584099335571278
24.32,0.7438691886122175,0.0318223105084575,-6.364450355812842,-1.8866282487358666e-10,-5e-05,-5e-05,-12.620565017301065
24.34,0.7445046347818223,0.03177230848023706,-6.354450355812842,-2.028220440012086e-09,-5e-05,-5e-05,-12.656973400927171
24.36,0.7451390809503197,0.031722308424868985,-6.3444503558128424,-5.5368070505351167e-11,-5e-05,-5e-05,-12.693324488710319
24.38,0.7457725270654486,0.03167230575644606,-6.334450355812843,-2.6684229187916355e-09,-5e-05,-5e-05,-12.729618277656165
24.400000000000002,0.7464049731716955,0.031622305312347734,-6.324450355812843,-4.4409832605214363e-10,-5e-05,-5e-05,-12.765854770313595
24.42,0.7470364191739151,0.031572300110977614,-6.314450355812843,-5.201370121075234e-09,-5e-05,-5e-05,-12.802033961231183
24.44,0.7476668651564212,0.031522299125307005,-6.304450355812843,-9.856706091050638e-10,-5e-05,-5e-05,-12.838155855239766
24.46,0.7482963111773359,0.0314723010457299,-6.2944503558128435,1.9204228971769173e-09,-5e-05,-5e-05,-12.874220455669477
24.48,0.7489247572637806,0.031422304322235556,-6.284450355812844,3.2765056548099086e-09,-5e-05,-5e-05,-12.910227764074275
24.5,0.7495522033774581,0.03137230568387327,-6.274450355812844,1.3616377083250575e-09,-5e-05,-5e-05,-12.94617777825988
24.52,0.7501786494476733,0.031322303510760104,-6.264450355812844,-2.173113162086512e-09,-5e-05,-5e-05,-12.982070494175769
24.54,0.7508040954783286,0.03127230153276693,-6.254450355812844,-1.977993172219607e-09,-5e-05,-5e-05,-13.017905912045526
24.560000000000002,0.7514285415310049,0.031222302633814085,-6.244450355812845,1.1010471561498301e-09,-5e-05,-5e-05,-13.053684035397483
24.580000000000002,0.7520519876204469,0.031172304472101627,-6.234450355812845,1.838287540136479e-09,-5e-05,-5e-05,-13.089404865076444
24.6,0.7526744338267373,0.03112231031451827,-6.224450355812845,5.8424166432438815e-09,-5e-05,-5e-05,-13.125068405670811
24.62,0.7532958800202848,0.031072309677375023,-6.214450355812845,-6.37143246217637e-10,-5e-05,-5e-05,-13.160674649755556
24.64,0.753916326230317,0.031022310501610122,-6.204450355812845,8.242350989321131e-10,-5e-05,-5e-05,-13.19622359900529
24.66,0.7545357724445573,0.030972310712014253,-6.194450355812846,2.1040412862617135e-10,-5e-05,-5e-05,-13.231715252716612
24.68,0.7551542186449478,0.030922310019527104,-6.184450355812846,-6.92487147818113e-10,-5e-05,-5e-05,-13.267149609854892
24.7,0.7557716646176689,0.030872298636052255,-6.174450355812846,-1.1383474848636194e-08,-5e-05,-5e-05,-13.302526658169159
24.72,0.7563881106637959,0.03082230230634663,-6.164450355812846,3.670294377691571e-09,-5e-05,-5e-05,-13.337846414909762
24.740000000000002,0.7570035566849402,0.030772301057219845,-6.1544503558128465,-1.2491267867671085e-09,-5e-05,-5e-05,-13.373108874439454
24.76,0.7576180026242489,0.030722296965436373,-6.144450355812847,-4.091783473924042e-09,-5e-05,-5e-05,-13.408314033500794
24.78,0.758231448534752,0.030672295525154034,-6.134450355812847,-1.440282337589854e-09,-5e-05,-5e-05,-13.44346189513218
24.8,0.758843894456157,0.03062229607024925,-6.124450355812847,5.450952171279266e-10,-5e-05,-5e-05,-13.478552461608684
24.82,0.7594553403393827,0.030572294161284014,-6.114450355812847,-1.9089652380333704e-09,-5e-05,-5e-05,-13.513585730118166
24.84,0.7600657861924933,0.030522292655534994,-6.104450355812848,-1.5057490206650181e-09,-5e-05,-5e-05,-13.54856170112267
24.86,0.760675232064861,0.030472293618380462,-6.094450355812848,9.62845467353772e-10,-5e-05,-5e-05,-13.583480377451005
24.88,0.7612836778922251,0.030422291368203704,-6.084450355812848,-2.250176758691612e-09,-5e-05,-5e-05,-13.618341755421314
24.900000000000002,0.7618911236644641,0.030372288611951213,-6.074450355812848,-2.7562524906692354e-09,-5e-05,-5e-05,-13.653145834453674
24.92,0.7624975693241525,0.030322282984420107,-6.064450355812848,-5.627531105197244e-09,-5e-05,-5e-05,-13.687892611257846
24.94,0.7631030149018244,0.030272278883599506,-6.054450355812849,-4.100820601849616e-09,-5e-05,-5e-05,-13.722582087583309
24.96,0.7637074603919298,0.030222274505271575,-6.044450355812849,-4.378327929255522e-09,-5e-05,-5e-05,-13.757214263112065
24.98,0.7643109059266373,0.0301722767353741,-6.034450355812849,2.230102523300426e-09,-5e-05,-5e-05,-13.791789145416818
25.0,0.7649133515020453,0.030122278770402754,-6.024450355812849,2.035028655823567e-09,-5e-05,-5e-05,-13.826306734274027
25.02,0.7655147970191188,0.030072275853677565,-6.0144503558128495,-2.916725190313886e-09,-5e-05,-5e-05,-13.860767024009405
25.04,0.7661152425475694,0.03002227642252582,-6.00445035581285,5.688482565986368e-10,-5e-05,-5e-05,-13.89517001861712
25.060000000000002,0.7667146882042283,0.02997228283294623,-5.99445035581285,6.4104204067688065e-09,-5e-05,-5e-05,-13.929515724791125
25.080000000000002,0.7673131339190294,0.029922285740057168,-5.98445035581285,2.907110939112094e-09,-5e-05,-5e-05,-13.963804138516922
25.1,0.7679105796478406,0.02987228644055675,-5.97445035581285,7.004995802934126e-10,-5e-05,-5e-05,-13.998035257265919
25.12,0.7685070253950798,0.029822287361957366,-5.9644503558128505,9.214006163114232e-10,-5e-05,-5e-05,-14.03220908129125
25.14,0.7691024711719737,0.029772288844696845,-5.954450355812851,1.4827394791626092e-09,-5e-05,-5e-05,-14.066325611236161
25.16,0.7696969168803832,0.02972228542047648,-5.944450355812851,-3.4242203638237585e-09,-5e-05,-5e-05,-14.100384841477691
25.18,0.7702903624912364,0.029672280542659808,-5.934450355812851,-4.8778166720659984e-09,-5e-05,-5e-05,-14.13438677035014
25.2,0.7708828080622959,0.029622278552976056,-5.924450355812851,-1.9896837520668705e-09,-5e-05,-5e-05,-14.16833140116307
25.22,0.77147425364353,0.029572279061699267,-5.914450355812852,5.087232112492207e-10,-5e-05,-5e-05,-14.202218736779441
25.240000000000002,0.7720646991664086,0.029522276143935263,-5.904450355812852,-2.917764005495444e-09,-5e-05,-5e-05,-14.236048773272785
25.26,0.7726541447169878,0.029472277528955766,-5.894450355812852,1.3850205020776128e-09,-5e-05,-5e-05,-14.269821515573735
25.28,0.7732425902963603,0.029422278968629194,-5.884450355812852,1.4396734268870605e-09,-5e-05,-5e-05,-14.303536963744913
25.3,0.7738300358252369,0.02937227644382596,-5.8744503558128525,-2.524803233222073e-09,-5e-05,-5e-05,-14.337195113243371
25.32,0.7744164812746033,0.029322272468316347,-5.864450355812853,-3.975509612663453e-09,-5e-05,-5e-05,-14.370795962406717
25.34,0.7750019267457127,0.029272273555469592,-5.854450355812853,1.0871532436320329e-09,-5e-05,-5e-05,-14.404339517036334
25.36,0.7755863722346814,0.029222274448438848,-5.844450355812853,8.929692563235341e-10,-5e-05,-5e-05,-14.437825776909701
25.38,0.7761698177135953,0.029172273945692932,-5.834450355812853,-5.027459165947588e-10,-5e-05,-5e-05,-14.471254740427456
25.400000000000002,0.7767522632451758,0.0291222765790248,-5.8244503558128535,2.63333186785667e-09,-5e-05,-5e-05,-14.50462641118327
25.42,0.7773337087624544,0.02907227586393332,-5.814450355812854,-7.150914819806201e-10,-5e-05,-5e-05,-14.53794078534014
25.44,0.7779141542568162,0.029022274718086463,-5.804450355812854,-1.1458468553807422e-09,-5e-05,-5e-05,-14.571197862404453
25.46,0.7784935997553535,0.02897227492686223,-5.794450355812854,2.087757660613779e-10,-5e-05,-5e-05,-14.604397643928493
25.48,0.7790720452739595,0.02892227593030074,-5.784450355812854,1.003438512426766e-09,-5e-05,-5e-05,-14.637540130822872
25.5,0.7796494908222537,0.02887227741471057,-5.774450355812855,1.4844098299880327e-09,-5e-05,-5e-05,-14.670625323638747
25.52,0.7802259363905489,0.028822278414765312,-5.764450355812855,1.000054743640039e-09,-5e-05,-5e-05,-14.703653221821087
25.54,0.7808013819293013,0.028772276937618715,-5.754450355812855,-1.4771465963228943e-09,-5e-05,-5e-05,-14.736623822531227
25.560000000000002,0.781375827441167,0.02872227559328367,-5.744450355812855,-1.3443350425799064e-09,-5e-05,-5e-05,-14.769537125921364
25.580000000000002,0.781949272964624,0.02867227617285254,-5.7344503558128554,5.79568871277327e-10,-5e-05,-5e-05,-14.802393134196125
25.6,0.7825217184458231,0.02862227405995408,-5.724450355812856,-2.112898460669789e-09,-5e-05,-5e-05,-14.835191844270165
25.62,0.7830931639338949,0.028572274403590656,-5.714450355812856,3.4363657618975586e-10,-5e-05,-5e-05,-14.867933258958477
25.64,0.7836636092903071,0.028522267820608262,-5.704450355812856,-6.582982394357261e-09,-5e-05,-5e-05,-14.90061737032373
25.66,0.7842330546263376,0.028472266801526633,-5.694450355812856,-1.0190816308615748e-09,-5e-05,-5e-05,-14.933244184741689
25.68,0.7848014999482067,0.028422266093455117,-5.6844503558128565,-7.080715144356643e-10,-5e-05,-5e-05,-14.965813702568742
25.7,0.7853689453009656,0.028372267637945287,-5.674450355812857,1.5444901683339745e-09,-5e-05,-5e-05,-14.998325926386137
25.72,0.7859353906497157,0.028322267437509957,-5.664450355812857,-2.004353294115624e-10,-5e-05,-5e-05,-15.030780854194337
25.740000000000002,0.7865008359692017,0.02827226597429876,-5.654450355812857,-1.4632111972811087e-09,-5e-05,-5e-05,-15.063178484546311
25.76,0.7870652812557322,0.028222264326523847,-5.644450355812857,-1.647774914590853e-09,-5e-05,-5e-05,-15.095518817230557
25.78,0.7876287264818176,0.028172261304273114,-5.634450355812858,-3.022250731769229e-09,-5e-05,-5e-05,-15.127801850672046
25.8,0.788191171610979,0.028122256458066975,-5.624450355812858,-4.846206140801531e-09,-5e-05,-5e-05,-15.160027582780684
25.82,0.7887526167636714,0.0280722576346202,-5.614450355812858,1.1765532236716007e-09,-5e-05,-5e-05,-15.192196020458036
25.84,0.7893130619607471,0.02802225985378841,-5.604450355812858,2.219168207633754e-09,-5e-05,-5e-05,-15.224307164898855
25.86,0.7898725072174829,0.027972262836790125,-5.594450355812858,2.9830017166258893e-09,-5e-05,-5e-05,-15.25636101697843
25.88,0.7904309524999883,0.027922264125265887,-5.584450355812859,1.2884757606220289e-09,-5e-05,-5e-05,-15.288357574754977
25.900000000000002,0.7909883977021783,0.02787226010950352,-5.574450355812859,-4.0157623675622386e-09,-5e-05,-5e-05,-15.320296832150284
25.92,0.7915448428911417,0.027822259448169497,-5.564450355812859,-6.613340230786858e-10,-5e-05,-5e-05,-15.352178793008244
25.94,0.7921002880750752,0.02777225919667403,-5.554450355812859,-2.5149546842974634e-10,-5e-05,-5e-05,-15.3840034577985
25.96,0.7926547332652548,0.027722259508984184,-5.5444503558128595,3.123101564809991e-10,-5e-05,-5e-05,-15.415770827167123
25.98,0.7932081784625223,0.02767225986337875,-5.53445035581286,3.5439456696859274e-10,-5e-05,-5e-05,-15.447480901162336
26.0,0.7937606236612958,0.02762225993867508,-5.52445035581286,7.52963260449567e-11,-5e-05,-5e-05,-15.479133679464324
26.02,0.7943120688892057,0.027572261395491016,-5.51445035581286,1.4568159367827549e-09,-5e-05,-5e-05,-15.510729163656189
26.04,0.794862514082433,0.0275222596613681,-5.50445035581286,-1.7341229155321895e-09,-5e-05,-5e-05,-15.542267350081378
26.060000000000002,0.7954119592665908,0.027472259207890825,-5.494450355812861,-4.534772748274517e-10,-5e-05,-5e-05,-15.573748240207406
26.080000000000002,0.7959604043576819,0.02742225455455486,-5.484450355812861,-4.653335965906378e-09,-5e-05,-5e-05,-15.605171829221595
26.1,0.7965078494484986,0.027372254540837776,-5.474450355812861,-1.3717082766973126e-11,-5e-05,-5e-05,-15.636538122440548
26.12,0.7970542945497846,0.027322255064296582,-5.464450355812861,5.234588065778045e-10,-5e-05,-5e-05,-15.667847120479834
26.14,0.7975997396364692,0.027272254334230927,-5.454450355812861,-7.300656564616554e-10,-5e-05,-5e-05,-15.69909882190301
26.16,0.7981441846933799,0.0272222528455339,-5.444450355812862,-1.4886970282269564e-09,-5e-05,-5e-05,-15.730293225840752
26.18,0.79868762973178,0.02717225192000415,-5.434450355812862,-9.255297463023592e-10,-5e-05,-5e-05,-15.761430332938401
26.2,0.7992300748069301,0.027122253757503004,-5.424450355812862,1.8374988536125367e-09,-5e-05,-5e-05,-15.79251014636216
26.22,0.7997715198517049,0.027072252238743367,-5.414450355812862,-1.5187596363593772e-09,-5e-05,-5e-05,-15.823532662266029
26.240000000000002,0.8003119648365123,0.027022249240373202,-5.4044503558128625,-2.998370165960739e-09,-5e-05,-5e-05,-15.854497878954506
26.26,0.8008514098222078,0.02697224928477329,-5.394450355812863,4.440008699832023e-11,-5e-05,-5e-05,-15.885405799914352
26.28,0.8013898548295356,0.026922250366392907,-5.384450355812863,1.0816196196357959e-09,-5e-05,-5e-05,-15.916256426334126
26.3,0.8019272998845167,0.02687225274905776,-5.374450355812863,2.382664852420531e-09,-5e-05,-5e-05,-15.94704975970472
26.32,0.8024637449105841,0.02682225130336924,-5.364450355812863,-1.4456885173884653e-09,-5e-05,-5e-05,-15.977785795639168
26.34,0.8029991899173631,0.026772250338948984,-5.3544503558128635,-9.644202556229192e-10,-5e-05,-5e-05,-16.008464534688954
26.36,0.8035336349261889,0.026722250441292256,-5.344450355812864,1.0234327185437159e-10,-5e-05,-5e-05,-16.039085978076507
26.38,0.8040670798697431,0.026672247177713944,-5.334450355812864,-3.263578310256548e-09,-5e-05,-5e-05,-16.069650121944758
26.400000000000002,0.804599524797182,0.026622246371945466,-5.324450355812864,-8.0576847862585e-10,-5e-05,-5e-05,-16.100156969110156
26.42,0.8051309696829603,0.02657224428891129,-5.314450355812864,-2.0830341775135315e-09,-5e-05,-5e-05,-16.13060651810906
26.44,0.8056614146036747,0.026522246035722678,-5.304450355812865,1.7468113883217695e-09,-5e-05,-5e-05,-16.16099877333015
26.46,0.8061908593849233,0.02647223906242792,-5.294450355812865,-6.973294758062008e-09,-5e-05,-5e-05,-16.19133372478092
26.48,0.806719304265725,0.026422244040083552,-5.284450355812865,4.977655633573537e-09,-5e-05,-5e-05,-16.221611386156155
26.5,0.8072467492313975,0.026372248283622318,-5.274450355812865,4.243538764277267e-09,-5e-05,-5e-05,-16.25183175661461
26.52,0.8077731940754471,0.02632224220248279,-5.2644503558128655,-6.081139527014948e-09,-5e-05,-5e-05,-16.281994824325075
26.54,0.8082986389419285,0.026272243324068946,-5.254450355812866,1.1215861573815744e-09,-5e-05,-5e-05,-16.312100597541278
26.560000000000002,0.8088230838685807,0.026222246332609372,-5.244450355812866,3.008540427414706e-09,-5e-05,-5e-05,-16.342149078425493
26.580000000000002,0.8093465287753987,0.0261722453409024,-5.234450355812866,-9.917069721834872e-10,-5e-05,-5e-05,-16.372140262393785
26.6,0.8098689737087275,0.02612224666643807,-5.224450355812866,1.3255356694092101e-09,-5e-05,-5e-05,-16.402074152101516
26.62,0.8103904185508829,0.026072242107769657,-5.2144503558128665,-4.558668413602199e-09,-5e-05,-5e-05,-16.43195074080589
26.64,0.8109108634444979,0.02602224468075195,-5.204450355812867,2.572982293538393e-09,-5e-05,-5e-05,-16.461770036679162
26.66,0.8114303082760339,0.025972241576799015,-5.194450355812867,-3.103952935891724e-09,-5e-05,-5e-05,-16.49153203321606
26.68,0.8119487531524984,0.025922243823220913,-5.184450355812867,2.2464218991925555e-09,-5e-05,-5e-05,-16.521236736547653
26.7,0.8124661979751818,0.025872241134172417,-5.174450355812867,-2.689048495243629e-09,-5e-05,-5e-05,-16.55088414101831
26.72,0.8129826427284227,0.025822237662043945,-5.164450355812868,-3.4721284722279784e-09,-5e-05,-5e-05,-16.580474245730688
26.740000000000002,0.8134980874846588,0.02577223781180755,-5.154450355812868,1.4976360679639743e-10,-5e-05,-5e-05,-16.610007054835165
26.76,0.8140125323068905,0.02572224111158908,-5.144450355812868,3.2997815298597573e-09,-5e-05,-5e-05,-16.639482571941404
26.78,0.8145259771956247,0.025672244436708916,-5.134450355812868,3.3251198330599082e-09,-5e-05,-5e-05,-16.668900797078436
26.8,0.8150384219990414,0.02562224017083709,-5.1244503558128685,-4.2658718290735345e-09,-5e-05,-5e-05,-16.698261721547624
26.82,0.8155498668107427,0.025572240585064233,-5.114450355812869,4.142271458300757e-10,-5e-05,-5e-05,-16.72756535071197
26.84,0.8160603116875939,0.025522243842559307,-5.104450355812869,3.257495075127209e-09,-5e-05,-5e-05,-16.756811687829618
26.86,0.8165697567438089,0.025472252810752875,-5.094450355812869,8.968193568028882e-09,-5e-05,-5e-05,-16.786000739444546
26.88,0.8170782017608236,0.025422250850731958,-5.084450355812869,-1.960020919461158e-09,-5e-05,-5e-05,-16.815132493033943
26.900000000000002,0.8175856468086516,0.025372252391402207,-5.0744503558128695,1.5406702508238153e-09,-5e-05,-5e-05,-16.844206952609305
26.92,0.8180920918420211,0.02532225166847726,-5.06445035581287,-7.229249468002852e-10,-5e-05,-5e-05,-16.87322411557674
26.94,0.818597536833197,0.025272249558794643,-5.05445035581287,-2.1096826178206717e-09,-5e-05,-5e-05,-16.902183980347143
26.96,0.8191019817734374,0.025222247012018258,-5.04445035581287,-2.5467763864520747e-09,-5e-05,-5e-05,-16.931086546419646
26.98,0.8196054267196226,0.025172247309255845,-5.03445035581287,2.972375890031625e-10,-5e-05,-5e-05,-16.959931817053246
27.0,0.8201078716742817,0.02512224773295509,-5.024450355812871,4.236992449573709e-10,-5e-05,-5e-05,-16.988719792392857
27.02,0.8206093166390462,0.025072248238226628,-5.014450355812871,5.052715375481724e-10,-5e-05,-5e-05,-17.01745047253195
27.04,0.82110976160778,0.025022248436688217,-5.004450355812871,1.984615906419365e-10,-5e-05,-5e-05,-17.046123857118957
27.060000000000002,0.8216092064340312,0.024972241312562052,-4.994450355812871,-7.124126164663093e-09,-5e-05,-5e-05,-17.074739937762793
27.080000000000002,0.8221076512760728,0.024922242102076272,-4.984450355812871,7.895142193025412e-10,-5e-05,-5e-05,-17.10329872353184
27.1,0.822605096146035,0.024872243498111707,-4.974450355812872,1.3960354368059732e-09,-5e-05,-5e-05,-17.13180021512111
27.12,0.8231015410111058,0.0248222432535346,-4.964450355812872,-2.445771061637883e-10,-5e-05,-5e-05,-17.160244410650606
27.14,0.8235969858716459,0.024772243027004544,-4.954450355812872,-2.265300555454074e-10,-5e-05,-5e-05,-17.188631310141
27.16,0.824091430747389,0.024722243787153896,-4.944450355812872,7.601493509539743e-10,-5e-05,-5e-05,-17.216960914722954
27.18,0.8245848755201227,0.024672238636687088,-4.9344503558128725,-5.150466808367087e-09,-5e-05,-5e-05,-17.245233217623387
27.2,0.825077320286009,0.024622238294312426,-4.924450355812873,-3.4237466206788733e-10,-5e-05,-5e-05,-17.273448224351977
27.22,0.8255687651121167,0.024572241305386183,-4.914450355812873,3.011073758223266e-09,-5e-05,-5e-05,-17.301605938751493
27.240000000000002,0.8260592099637851,0.024522242583421186,-4.904450355812873,1.2780350013399134e-09,-5e-05,-5e-05,-17.32970635883601
27.26,0.8265486548726426,0.024472245442872166,-4.894450355812873,2.8594509801303876e-09,-5e-05,-5e-05,-17.35774948641771
27.28,0.8270370998619038,0.02442224946305697,-4.884450355812874,4.020184803719329e-09,-5e-05,-5e-05,-17.385735322826687
27.3,0.8275245448476705,0.02437224928833279,-4.874450355812874,-1.7472418005556198e-10,-5e-05,-5e-05,-17.413663863255934
27.32,0.8280109898638945,0.024322250811204836,-4.864450355812874,1.5228720457844758e-09,-5e-05,-5e-05,-17.441535109650747
27.34,0.8284964349284116,0.024272253225853937,-4.854450355812874,2.4146491006379674e-09,-5e-05,-5e-05,-17.469349063033032
27.36,0.8289808800259847,0.024222254878650283,-4.844450355812874,1.6527963460512325e-09,-5e-05,-5e-05,-17.49710572252977
27.38,0.8294643251708239,0.024172257241961006,-4.834450355812875,2.3633107237218873e-09,-5e-05,-5e-05,-17.524805088955148
27.400000000000002,0.8299467701802289,0.024122250470248883,-4.824450355812875,-6.771712122792125e-09,-5e-05,-5e-05,-17.552447151841204
27.42,0.83042821513106,0.024072247541554237,-4.814450355812875,-2.9286946470911048e-09,-5e-05,-5e-05,-17.58003191559171
27.44,0.8309086600593557,0.024022246414783545,-4.804450355812875,-1.1267706932059355e-09,-5e-05,-5e-05,-17.607559382271518
27.46,0.8313881049453925,0.02397224430183812,-4.7944503558128755,-2.112945425950958e-09,-5e-05,-5e-05,-17.63502955075056
27.48,0.831866549771686,0.023922241314671373,-4.784450355812876,-2.9871667466616044e-09,-5e-05,-5e-05,-17.66244242002704
27.5,0.8323439945110042,0.02387223696590856,-4.774450355812876,-4.348762813245001e-09,-5e-05,-5e-05,-17.6897979885407
27.52,0.8328204392861279,0.02382223875618734,-4.764450355812876,1.7902787814538436e-09,-5e-05,-5e-05,-17.71709626332635
27.54,0.8332958840161011,0.023772236498660355,-4.754450355812876,-2.257526987583536e-09,-5e-05,-5e-05,-17.74433723974555
27.560000000000002,0.8337703286944287,0.023722233916376394,-4.7444503558128766,-2.582283960626563e-09,-5e-05,-5e-05,-17.771520917426162
27.580000000000002,0.8342437733834469,0.023672234450909664,-4.734450355812877,5.345332710204048e-10,-5e-05,-5e-05,-17.79864729993979
27.6,0.8347162181094693,0.023622236301117334,-4.724450355812877,1.8502076683817867e-09,-5e-05,-5e-05,-17.82571638879409
27.62,0.8351876628238959,0.023572235721329448,-4.714450355812877,-5.797878851453139e-10,-5e-05,-5e-05,-17.852728181204483
27.64,0.8356581075161009,0.023522234610252806,-4.704450355812877,-1.1110766418228705e-09,-5e-05,-5e-05,-17.87968267656216
27.66,0.8361275522064007,0.023472234514985348,-4.694450355812878,-9.52674592508645e-11,-5e-05,-5e-05,-17.906579876031163
27.68,0.8365959968715538,0.023422233257658083,-4.684450355812878,-1.2573272648579941e-09,-5e-05,-5e-05,-17.93341977827986
27.7,0.8370634415407309,0.023372233458853614,-4.674450355812878,2.0119552954281519e-10,-5e-05,-5e-05,-17.960202384979592
27.72,0.8375298862009798,0.023322233012448623,-4.664450355812878,-4.464049904873468e-10,-5e-05,-5e-05,-17.98692769538827
27.740000000000002,0.837995330993553,0.023272239628659822,-4.6544503558128785,6.616211199863054e-09,-5e-05,-5e-05,-18.013595717599053
27.76,0.8384597757719705,0.0232222389208756,-4.644450355812879,-7.077842203998721e-10,-5e-05,-5e-05,-18.04020644321927
27.78,0.8389232205081218,0.023172236807564986,-4.634450355812879,-2.1133106133871086e-09,-5e-05,-5e-05,-18.066759870638293
27.8,0.8393856652732725,0.023122238257534344,-4.624450355812879,1.4499693575552765e-09,-5e-05,-5e-05,-18.093256003939345
27.82,0.8398471100918152,0.023072240927136542,-4.614450355812879,2.6696021964105563e-09,-5e-05,-5e-05,-18.119694844520023
27.84,0.8403075548830914,0.02302223956380724,-4.6044503558128795,-1.363329302669538e-09,-5e-05,-5e-05,-18.146076387758928
27.86,0.8407669996731496,0.022972239502912536,-4.59445035581288,-6.089470524999019e-11,-5e-05,-5e-05,-18.172400635148538
27.88,0.8412254446034454,0.022922246514789094,-4.58445035581288,7.01187655593377e-09,-5e-05,-5e-05,-18.19866759479366
27.900000000000002,0.8416828895304822,0.022872246351840823,-4.57445035581288,-1.629482717036286e-10,-5e-05,-5e-05,-18.224877258472535
27.92,0.8421393344568499,0.022822246318384313,-4.56445035581288,-3.345650883889976e-11,-5e-05,-5e-05,-18.251029626333562
27.94,0.8425947793692667,0.022772245620843196,-4.554450355812881,-6.975411162622522e-10,-5e-05,-5e-05,-18.277124697615754
27.96,0.8430492243022449,0.022722246648911155,-4.544450355812881,1.0280679608283897e-09,-5e-05,-5e-05,-18.30316247429651
27.98,0.8435026692748361,0.022672248629555275,-4.534450355812881,1.9806441200787758e-09,-5e-05,-5e-05,-18.32914295746741
28.0,0.8439551142597793,0.022622249247163218,-4.524450355812881,6.176079421370231e-10,-5e-05,-5e-05,-18.355066145566518
28.02,0.8444065592502155,0.02257224952180744,-4.5144503558128815,2.746442220749119e-10,-5e-05,-5e-05,-18.380932038200832
28.04,0.844857004246511,0.022522249814775363,-4.504450355812882,2.929679220399587e-10,-5e-05,-5e-05,-18.40674063539135
28.060000000000002,0.84530644925074,0.022472250211454114,-4.494450355812882,3.9667875093032076e-10,-5e-05,-5e-05,-18.432491937256916
28.080000000000002,0.8457548942648445,0.0224222507052246,-4.484450355812882,4.937704847073653e-10,-5e-05,-5e-05,-18.458185943908788
28.1,0.8462023391993351,0.02237224672452955,-4.474450355812882,-3.980695049409779e-09,-5e-05,-5e-05,-18.483822650219604
28.12,0.8466487841680821,0.022322248437351512,-4.4644503558128825,1.712821961958577e-09,-5e-05,-5e-05,-18.509402062713658
28.14,0.8470942291419287,0.022272248692327357,-4.454450355812883,2.549758434704744e-10,-5e-05,-5e-05,-18.53492417972038
28.16,0.8475386740698233,0.022222246394731384,-4.444450355812883,-2.297595973536976e-09,-5e-05,-5e-05,-18.56038899831474
28.18,0.847982118926841,0.022172242850886308,-4.434450355812883,-3.543845076721205e-09,-5e-05,-5e-05,-18.58579651706864
28.2,0.8484245637560107,0.022122241458483703,-4.424450355812883,-1.3924026051438585e-09,-5e-05,-5e-05,-18.61114673844745
28.22,0.8488660086122453,0.02207224281172789,-4.414450355812884,1.353244186642883e-09,-5e-05,-5e-05,-18.636439665597447
28.240000000000002,0.8493064533728902,0.022022238032247576,-4.404450355812884,-4.779480313315384e-09,-5e-05,-5e-05,-18.661675291491054
28.26,0.8497458981553869,0.0219722391248341,-4.394450355812884,1.092586523713684e-09,-5e-05,-5e-05,-18.686853622857157
28.28,0.8501843429209293,0.02192223827711825,-4.384450355812884,-8.477158499989401e-10,-5e-05,-5e-05,-18.711974657472336
28.3,0.8506217878046723,0.021872244187153365,-4.374450355812884,5.910035117622206e-09,-5e-05,-5e-05,-18.73703840308041
28.32,0.8510582326698992,0.021822243261344253,-4.364450355812885,-9.258091111125837e-10,-5e-05,-5e-05,-18.762044851848064
28.34,0.8514936774861283,0.02177224081145004,-4.354450355812885,-2.449894214161597e-09,-5e-05,-5e-05,-18.786994002028838
28.36,0.8519281224067936,0.02172224603326759,-4.344450355812885,5.221817548756112e-09,-5e-05,-5e-05,-18.811885862413856
28.38,0.852361567293582,0.021672244339423004,-4.334450355812885,-1.6938445865472236e-09,-5e-05,-5e-05,-18.836720425078358
28.400000000000002,0.8527940122149343,0.021622246067615297,-4.3244503558128855,1.7281922915236273e-09,-5e-05,-5e-05,-18.861497693943715
28.42,0.8532254570890344,0.021572243705003238,-4.314450355812886,-2.3626120600257506e-09,-5e-05,-5e-05,-18.8862176643222
28.44,0.8536559019749176,0.02152224429415621,-4.304450355812886,5.891529704619902e-10,-5e-05,-5e-05,-18.910880339596297
28.46,0.8540853468193912,0.021472242223681055,-4.294450355812886,-2.070475154333134e-09,-5e-05,-5e-05,-18.935485716718286
28.48,0.8545137916788346,0.021422242972171376,-4.284450355812886,7.484903187686583e-10,-5e-05,-5e-05,-18.960033798918467
28.5,0.8549412366114004,0.02137224662829204,-4.274450355812887,3.656120663481108e-09,-5e-05,-5e-05,-18.984524589528746
28.52,0.8553676816370837,0.021322251284160366,-4.264450355812887,4.655868323477666e-09,-5e-05,-5e-05,-19.008958089694744
28.54,0.8557931266741817,0.02127225185490502,-4.254450355812887,5.707446559450863e-10,-5e-05,-5e-05,-19.033334294735248
28.560000000000002,0.8562175717097352,0.021222251777672934,-4.244450355812887,-7.723208757647628e-11,-5e-05,-5e-05,-19.057653203907744
28.580000000000002,0.8566410167532639,0.02117225217643278,-4.234450355812887,3.987598469438687e-10,-5e-05,-5e-05,-19.08191481775767
28.6,0.8570634618252828,0.02112225360094831,-4.224450355812888,1.4245155295521798e-09,-5e-05,-5e-05,-19.106119137460453
28.62,0.8574849069599734,0.02107225673452973,-4.214450355812888,3.133581421102077e-09,-5e-05,-5e-05,-19.130266164974547
28.64,0.8579053521052704,0.021022257264854634,-4.204450355812888,5.303249048533402e-10,-5e-05,-5e-05,-19.154355897316833
28.66,0.8583247972231863,0.02097225589579478,-4.194450355812888,-1.3690598545674804e-09,-5e-05,-5e-05,-19.17838833231078
28.68,0.8587432423284982,0.020922255265591966,-4.1844503558128885,-6.302028143067996e-10,-5e-05,-5e-05,-19.202363470803057
28.7,0.859160687440076,0.02087225557889296,-4.174450355812889,3.1330099375925274e-10,-5e-05,-5e-05,-19.226281313874836
28.72,0.8595771325256475,0.020822254278572615,-4.164450355812889,-1.3003203466167653e-09,-5e-05,-5e-05,-19.250141859677043
28.740000000000002,0.8599925776134241,0.020772254388828144,-4.154450355812889,1.1025552841868582e-10,-5e-05,-5e-05,-19.273945109826084
28.76,0.8604070226971875,0.020722254188172466,-4.144450355812889,-2.006556785914739e-10,-5e-05,-5e-05,-19.297691063965676
28.78,0.8608204677089462,0.02067225058793448,-4.1344503558128896,-3.6002379864842135e-09,-5e-05,-5e-05,-19.321379718200184
28.8,0.8612329127231765,0.020622250711514127,-4.12445035581289,1.235796479396398e-10,-5e-05,-5e-05,-19.345011076796794
28.82,0.8616443576680668,0.02057224724451354,-4.11445035581289,-3.4670005881412384e-09,-5e-05,-5e-05,-19.368585135641002
28.84,0.8620548025817385,0.02052224568358242,-4.10445035581289,-1.5609311181624174e-09,-5e-05,-5e-05,-19.392101896917
28.86,0.8624642475500515,0.020472248415649607,-4.09445035581289,2.7320671873446515e-09,-5e-05,-5e-05,-19.415561365544203
28.88,0.8628726925662966,0.020422250812256754,-4.084450355812891,2.3966071487802457e-09,-5e-05,-5e-05,-19.4389635411382
28.900000000000002,0.8632801375432997,0.02037224885015145,-4.074450355812891,-1.96210530652159e-09,-5e-05,-5e-05,-19.462308418704282
28.92,0.863686582424833,0.020322244076665955,-4.064450355812891,-4.773485495452929e-09,-5e-05,-5e-05,-19.485595995020834
28.94,0.8640920272919096,0.020272243353830113,-4.054450355812891,-7.22835842321395e-10,-5e-05,-5e-05,-19.508826274729568
28.96,0.8644964721284099,0.02022224182501255,-4.0444503558128915,-1.5288175639154193e-09,-5e-05,-5e-05,-19.53199925690689
28.98,0.8648999170711799,0.020172247138498973,-4.034450355812892,5.313486422451568e-09,-5e-05,-5e-05,-19.55511494939351
29.0,0.8653023619845889,0.02012224567045035,-4.024450355812892,-1.468048626036641e-09,-5e-05,-5e-05,-19.578173344418353
29.02,0.8657038068914579,0.02007224534345031,-4.014450355812892,-3.270000388133485e-10,-5e-05,-5e-05,-19.60117444328897
29.04,0.8661042518148683,0.02002224617051877,-4.004450355812892,8.270684614184724e-10,-5e-05,-5e-05,-19.624118247327825
29.060000000000002,0.8665036967438795,0.01997224645056301,-3.9944503558128925,2.800442411282694e-10,-5e-05,-5e-05,-19.64700475590807
29.080000000000002,0.8669021416580099,0.019922245706521777,-3.9844503558128928,-7.440412313169534e-10,-5e-05,-5e-05,-19.6698339678562
29.1,0.8672995866212159,0.0198722481602944,-3.974450355812893,2.4537726249986226e-09,-5e-05,-5e-05,-19.69260588683663
29.12,0.8676960315062164,0.01982224425003024,-3.964450355812893,-3.9102641640361025e-09,-5e-05,-5e-05,-19.71532050555671
29.14,0.868091476293062,0.019772239342278248,-3.9544503558128934,-4.907751990324318e-09,-5e-05,-5e-05,-19.737977822873415
29.16,0.8684859211096588,0.019722240829840608,-3.9444503558128936,1.4875623599638815e-09,-5e-05,-5e-05,-19.760577846115222
29.18,0.8688793659226636,0.019672240650234787,-3.934450355812894,-1.796058204205776e-10,-5e-05,-5e-05,-19.783120573371708
29.2,0.8692718107277578,0.019622240254714964,-3.924450355812894,-3.955198232177835e-10,-5e-05,-5e-05,-19.805606004395443
29.22,0.8696632555435261,0.019572240788414557,-3.9144503558128942,5.336995931044865e-10,-5e-05,-5e-05,-19.82803414025124
29.240000000000002,0.8700537003528553,0.019522240466461678,-3.9044503558128945,-3.2195287851032073e-10,-5e-05,-5e-05,-19.850404979958597
29.26,0.8704431452048984,0.019472242602151302,-3.8944503558128947,2.1356896221502403e-09,-5e-05,-5e-05,-19.872718526333763
29.28,0.8708315900549342,0.019422242501784957,-3.884450355812895,-1.0036634395368445e-10,-5e-05,-5e-05,-19.894974776814404
29.3,0.8712190348167024,0.019372238088411795,-3.874450355812895,-4.413373160828059e-09,-5e-05,-5e-05,-19.917173726458174
29.32,0.8716054795798776,0.019322238158760222,-3.8644503558128953,7.034842734746896e-11,-5e-05,-5e-05,-19.939315380403045
29.34,0.8719909243451733,0.01927223826478672,-3.8544503558128955,1.060265001061245e-10,-5e-05,-5e-05,-19.961399738689902
29.36,0.872375369026122,0.019222234047431976,-3.8444503558128957,-4.217354745978643e-09,-5e-05,-5e-05,-19.983426796364515
29.38,0.8727588136392904,0.019172230658418887,-3.834450355812896,-3.3890130890297457e-09,-5e-05,-5e-05,-20.00539655437609
29.400000000000002,0.8731412582811237,0.019122232091660425,-3.824450355812896,1.4332415395963286e-09,-5e-05,-5e-05,-20.027309018250527
29.42,0.8735227029373746,0.019072232812546747,-3.8144503558128964,7.208863223753772e-10,-5e-05,-5e-05,-20.049164187171524
29.44,0.8739031475630835,0.019022231285450653,-3.8044503558128966,-1.5270960925792087e-09,-5e-05,-5e-05,-20.07096205856308
29.46,0.8742825922148517,0.018972232588410794,-3.794450355812897,1.3029601422573482e-09,-5e-05,-5e-05,-20.09270263566821
29.48,0.8746610368673293,0.018922232623878158,-3.784450355812897,3.546736200149295e-11,-5e-05,-5e-05,-20.114385917034472
29.5,0.8750384815069642,0.0188722319817448,-3.7744503558128972,-6.421333589602448e-10,-5e-05,-5e-05,-20.136011901885386
29.52,0.8754149261328859,0.01882223129608154,-3.7644503558128974,-6.856632617425016e-10,-5e-05,-5e-05,-20.15758059017108
29.54,0.8757903707551422,0.018772231112818026,-3.7544503558128977,-1.832635148669001e-10,-5e-05,-5e-05,-20.179091982467252
29.560000000000002,0.8761648154447983,0.018722234482802084,-3.744450355812898,3.3699840562523874e-09,-5e-05,-5e-05,-20.20054608284563
29.580000000000002,0.8765382601296638,0.018672234243278185,-3.734450355812898,-2.39523899567054e-10,-5e-05,-5e-05,-20.22194288717002
29.6,0.8769107048604602,0.018622236539817174,-3.7244503558128983,2.2965389903865658e-09,-5e-05,-5e-05,-20.243282398346537
29.62,0.8772821495545916,0.018572234706572655,-3.7144503558128985,-1.8332445176955034e-09,-5e-05,-5e-05,-20.264564611642793
29.64,0.8776525942293298,0.018522233736909456,-3.7044503558128987,-9.696631989175667e-10,-5e-05,-5e-05,-20.28578952804839
29.66,0.8780220389950473,0.018472238285869087,-3.694450355812899,4.548959629431662e-09,-5e-05,-5e-05,-20.3069571538872
29.68,0.8783904837252741,0.018422236511336957,-3.684450355812899,-1.7745321311852754e-09,-5e-05,-5e-05,-20.32806748191303
29.7,0.8787579283993442,0.018372233703509017,-3.6744503558128994,-2.8078279399890474e-09,-5e-05,-5e-05,-20.34912051094181
29.72,0.879124373099919,0.01832223502874008,-3.6644503558128996,1.3252310619207173e-09,-5e-05,-5e-05,-20.37011624570968
29.740000000000002,0.8794898178109258,0.018272235550341676,-3.6544503558129,5.216015965669164e-10,-5e-05,-5e-05,-20.39105468529575
29.76,0.8798542625651156,0.018222237709485205,-3.6444503558129,2.159143530609228e-09,-5e-05,-5e-05,-20.411935831576507
29.78,0.8802177073346433,0.018172238476387485,-3.6344503558129,7.669022793820768e-10,-5e-05,-5e-05,-20.43275968295655
29.8,0.8805801520853388,0.018122237534772132,-3.6244503558129004,-9.416153514481245e-10,-5e-05,-5e-05,-20.453526237478073
29.82,0.8809415967951155,0.01807223548883624,-3.6144503558129006,-2.0459358900274055e-09,-5e-05,-5e-05,-20.47423549387561
29.84,0.8813020414680863,0.018022233648537847,-3.604450355812901,-1.8402983950848397e-09,-5e-05,-5e-05,-20.49488745238481
29.86,0.8816614861878146,0.01797223598641203,-3.594450355812901,2.3378741843752423e-09,-5e-05,-5e-05,-20.515482117793503
29.88,0.8820199308807931,0.01792223464892695,-3.5844503558129013,-1.3374850815472642e-09,-5e-05,-5e-05,-20.536019485890034
29.900000000000002,0.8823773756151462,0.01787223671765236,-3.5744503558129015,2.068725412434175e-09,-5e-05,-5e-05,-20.55649956057764
29.92,0.8827338203305466,0.017822235770021056,-3.5644503558129017,-9.476313061729788e-10,-5e-05,-5e-05,-20.576922338399825
29.94,0.8830892650624763,0.01777223659648398,-3.554450355812902,8.264629227404267e-10,-5e-05,-5e-05,-20.597287821389557
29.96,0.8834437098067374,0.01772223721305142,-3.544450355812902,6.165674375754183e-10,-5e-05,-5e-05,-20.61759600930631
29.98,0.8837971545597413,0.01767223765019793,-3.5344503558129023,4.3714651060536407e-10,-5e-05,-5e-05,-20.637846901944478
30.0,0.8841495992667694,0.017622235351403625,-3.5244503558129026,-2.298794305447376e-09,-5e-05,-5e-05,-20.658040496168912
30.02,0.8845010439564988,0.017572234486466658,-3.5144503558129028,-8.649369670554962e-10,-5e-05,-5e-05,-20.67817679362269
30.04,0.8848514886228429,0.01752223331721015,-3.504450355812903,-1.1692565095597955e-09,-5e-05,-5e-05,-20.69825579395708
30.060000000000002,0.8852009333767866,0.017472237697187695,-3.494450355812903,4.379977546771594e-09,-5e-05,-5e-05,-20.718277503531045
30.080000000000002,0.8855493781451403,0.01742223841768486,-3.4844503558129034,7.204971648326426e-10,-5e-05,-5e-05,-20.738241918151125
30.1,0.8858968228689659,0.01737223619127591,-3.4744503558129036,-2.2264089462349212e-09,-5e-05,-5e-05,-20.758149034440418
30.12,0.8862432676199412,0.017322237548767012,-3.464450355812904,1.357491100977821e-09,-5e-05,-5e-05,-20.777998856505764
30.14,0.8865887123994838,0.017272238977127572,-3.454450355812904,1.4283605619412105e-09,-5e-05,-5e-05,-20.79779138442838
30.16,0.8869331571986541,0.017222239958514775,-3.4444503558129043,9.813872021134268e-10,-5e-05,-5e-05,-20.817526617696068
30.18,0.8872766019569018,0.017172237912387523,-3.4344503558129045,-2.0461272519574507e-09,-5e-05,-5e-05,-20.83720455283956
30.2,0.8876190467160515,0.017122237957485655,-3.4244503558129047,4.509813065518162e-11,-5e-05,-5e-05,-20.856825192255208
30.22,0.8879604914687904,0.017072237636942128,-3.414450355812905,-3.2054352881814897e-10,-5e-05,-5e-05,-20.876388535524036
30.240000000000002,0.8883009362264775,0.017022237884355695,-3.404450355812905,2.474135674399439e-10,-5e-05,-5e-05,-20.89589458329686
30.26,0.8886403810308097,0.016972240216605088,-3.3944503558129053,2.332249392940134e-09,-5e-05,-5e-05,-20.915343337962735
30.28,0.8889788258340819,0.01692224016361213,-3.3844503558129055,-5.2992957212452704e-11,-5e-05,-5e-05,-20.934734796788373
30.3,0.8893162706111578,0.01687223885379337,-3.3744503558129058,-1.3098187569065412e-09,-5e-05,-5e-05,-20.954068958333554
30.32,0.8896527154273519,0.016822240809706034,-3.364450355812906,1.9559126636183196e-09,-5e-05,-5e-05,-20.97334582634053
30.34,0.8899881601834196,0.016772237803388,-3.354450355812906,-3.0063180333796264e-09,-5e-05,-5e-05,-20.992565395123005
30.36,0.8903226049977928,0.016722240718659943,-3.3444503558129064,2.915271943334956e-09,-5e-05,-5e-05,-21.011727671466623
30.38,0.8906560497991954,0.016672240070131485,-3.3344503558129066,-6.48528459060323e-10,-5e-05,-5e-05,-21.03083265128757
30.400000000000002,0.8909884945854286,0.016622239311658273,-3.324450355812907,-7.584732130435966e-10,-5e-05,-5e-05,-21.049880334459864
30.42,0.891319939278259,0.016572234641522653,-3.314450355812907,-4.670135619010031e-09,-5e-05,-5e-05,-21.068870716501056
30.44,0.8916503839768452,0.016522234929306434,-3.3044503558129072,2.8778378257468465e-10,-5e-05,-5e-05,-21.087803803092513
30.46,0.8919798285728113,0.01647222979830882,-3.2944503558129075,-5.130997614111801e-09,-5e-05,-5e-05,-21.106679588024768
30.48,0.8923082731881002,0.01642223076444451,-3.2844503558129077,9.661356899794435e-10,-5e-05,-5e-05,-21.125498078284622
30.5,0.8926357178992826,0.016372235559120908,-3.274450355812908,4.794676397317047e-09,-5e-05,-5e-05,-21.144259278259252
30.52,0.8929621625132925,0.016322230700496373,-3.264450355812908,-4.858624534941197e-09,-5e-05,-5e-05,-21.162963176886795
30.54,0.8932876071616992,0.01627223242033586,-3.2544503558129083,1.7198394898776512e-09,-5e-05,-5e-05,-21.181609781705617
30.560000000000002,0.8936120518345955,0.01622223364481562,-3.2444503558129085,1.2244797588444048e-09,-5e-05,-5e-05,-21.200199092148075
30.580000000000002,0.8939354965476517,0.016172235652811732,-3.2344503558129087,2.0079961116187734e-09,-5e-05,-5e-05,-21.218731109112017
30.6,0.8942579413111446,0.016122238174641576,-3.224450355812909,2.5218298458153836e-09,-5e-05,-5e-05,-21.237205833186252
30.62,0.8945793859954033,0.016072234212935566,-3.214450355812909,-3.961706009413547e-09,-5e-05,-5e-05,-21.255623256941195
30.64,0.8948998307324817,0.016022236853920225,-3.2044503558129094,2.640984659527566e-09,-5e-05,-5e-05,-21.273983387942966
30.66,0.8952192754050531,0.015972233628567756,-3.1944503558129096,-3.2253524697241554e-09,-5e-05,-5e-05,-21.292286219469243
30.68,0.8955377201231517,0.015922235904931786,-3.18445035581291,2.2763640314293984e-09,-5e-05,-5e-05,-21.310531757824528
30.7,0.8958551648364524,0.015872235665035834,-3.17445035581291,-2.3989595322725733e-10,-5e-05,-5e-05,-21.3287200001254
30.72,0.8961716096370637,0.015822240030560243,-3.1644503558129102,4.36552440763858e-09,-5e-05,-5e-05,-21.346850951649284
30.740000000000002,0.8964870543828656,0.015772237290093274,-3.1544503558129104,-2.740466969369635e-09,-5e-05,-5e-05,-21.36492460425331
30.76,0.8968014991842147,0.015722240067457097,-3.1444503558129107,2.777363823644921e-09,-5e-05,-5e-05,-21.382940964260445
30.78,0.8971149439351638,0.01567223754745166,-3.134450355812911,-2.5200054398672857e-09,-5e-05,-5e-05,-21.400900025600357
30.8,0.8974273886221574,0.015622234349680046,-3.124450355812911,-3.1977716132243853e-09,-5e-05,-5e-05,-21.418801787496378
30.82,0.8977388333534111,0.015572236562681717,-3.1144503558129113,2.2130016705262137e-09,-5e-05,-5e-05,-21.436646256148798
30.84,0.8980492781103095,0.01552223784492401,-3.1044503558129115,1.282242293738088e-09,-5e-05,-5e-05,-21.454433430491044
30.86,0.8983587228615962,0.015472237564332211,-3.0944503558129117,-2.8059179949585075e-10,-5e-05,-5e-05,-21.47216330873225
30.88,0.8986671677018937,0.015422242014870566,-3.084450355812912,4.4505383555753286e-09,-5e-05,-5e-05,-21.48983589629388
30.900000000000002,0.8989746125837735,0.015372244093989127,-3.074450355812912,2.0791185613736678e-09,-5e-05,-5e-05,-21.507451190458493
30.92,0.8992810574661457,0.01532224411860882,-3.0644503558129124,2.4619692825676887e-11,-5e-05,-5e-05,-21.525009188871802
30.94,0.8995865023977465,0.015272246580039495,-3.0544503558129126,2.461430675774204e-09,-5e-05,-5e-05,-21.542509894326187
30.96,0.899890947326735,0.01522224644942501,-3.044450355812913,-1.3061448653990336e-10,-5e-05,-5e-05,-21.55995330385139
30.98,0.9001943922540736,0.015172246366929126,-3.034450355812913,-8.249588236419414e-11,-5e-05,-5e-05,-21.577339417502547
31.0,0.900496837193596,0.015122246976115852,-3.024450355812913,6.091867264506574e-10,-5e-05,-5e-05,-21.594668236072266
31.02,0.9007982821953032,0.015072250085363026,-3.0144503558129134,3.1092471749388504e-09,-5e-05,-5e-05,-21.611939762425404
31.04,0.9010987271936916,0.015022249919414199,-3.0044503558129136,-1.6594882758150048e-10,-5e-05,-5e-05,-21.62915399280887
31.060000000000002,0.9013981721514447,0.014972247887658427,-2.994450355812914,-2.031755771763744e-09,-5e-05,-5e-05,-21.6463109250846
31.080000000000002,0.9016966170936788,0.01492224711170324,-2.984450355812914,-7.759551865167556e-10,-5e-05,-5e-05,-21.663410560691638
31.1,0.901994062027003,0.014872246666211978,-2.9744503558129143,-4.4549126091799766e-10,-5e-05,-5e-05,-21.68045290000867
31.12,0.9022905069681442,0.014822247057057515,-2.9644503558129145,3.908455363340852e-10,-5e-05,-5e-05,-21.69743794399406
31.14,0.9025859519188538,0.014772247535480423,-2.9544503558129147,4.784229074296717e-10,-5e-05,-5e-05,-21.714365692748174
31.16,0.9028803968425413,0.014722246184373356,-2.944450355812915,-1.3511070663943605e-09,-5e-05,-5e-05,-21.731236144174517
31.18,0.9031738417515871,0.014672245452288084,-2.934450355812915,-7.320852723491065e-10,-5e-05,-5e-05,-21.748049298982444
31.2,0.9034662866636571,0.014622245603502873,-2.9244503558129153,1.5121478895446865e-10,-5e-05,-5e-05,-21.76480515818413
31.220000000000002,0.9037577316125125,0.0145722474427667,-2.9144503558129156,1.8392638271572975e-09,-5e-05,-5e-05,-21.781503723713946
31.240000000000002,0.9040481765144281,0.01452224509578129,-2.9044503558129158,-2.3469854095538477e-09,-5e-05,-5e-05,-21.798144990774805
31.26,0.9043376214672344,0.014472247640311367,-2.894450355812916,2.5445300762663417e-09,-5e-05,-5e-05,-21.814728964971966
31.28,0.9046260664161676,0.014422247446662637,-2.884450355812916,-1.9364873104458335e-10,-5e-05,-5e-05,-21.831255643167708
31.3,0.904913511356116,0.014372246997420901,-2.8744503558129164,-4.492417351055405e-10,-5e-05,-5e-05,-21.84772502506914
31.32,0.9051999562989864,0.01432224714352321,-2.8644503558129166,1.4610230969260983e-10,-5e-05,-5e-05,-21.86413711135848
31.34,0.9054854012053214,0.014272245316750889,-2.854450355812917,-1.82677232220423e-09,-5e-05,-5e-05,-21.880491899774984
31.36,0.905769846198938,0.014222249680826136,-2.844450355812917,4.364075248121309e-09,-5e-05,-5e-05,-21.89678939741284
31.38,0.9060532912090953,0.01417225050786712,-2.8344503558129173,8.270409847771316e-10,-5e-05,-5e-05,-21.913029600218895
31.400000000000002,0.9063357361915946,0.014122249124963628,-2.8244503558129175,-1.382903493327853e-09,-5e-05,-5e-05,-21.92921250566075
31.42,0.9066171811453698,0.014072247688763653,-2.8144503558129177,-1.4361999748150656e-09,-5e-05,-5e-05,-21.945338113677327
31.44,0.9068976262703635,0.014022256249684084,-2.804450355812918,8.560920431255303e-09,-5e-05,-5e-05,-21.961406435724484
31.46,0.9071770713796266,0.013972255463149194,-2.794450355812918,-7.86534890648219e-10,-5e-05,-5e-05,-21.97741746109083
31.48,0.9074555164709049,0.013922254563922189,-2.7844503558129183,-8.992270048200477e-10,-5e-05,-5e-05,-21.993371189647217
31.5,0.9077329616028696,0.01387225659823258,-2.7744503558129185,2.034310390901191e-09,-5e-05,-5e-05,-22.009267624755243
31.52,0.9080094066990562,0.013822254809327179,-2.7644503558129188,-1.7889053995512086e-09,-5e-05,-5e-05,-22.02510676203382
31.54,0.9082848518065194,0.01377225537316092,-2.754450355812919,5.63833741103333e-10,-5e-05,-5e-05,-22.040888604178992
31.560000000000002,0.908559296974332,0.01372225839062836,-2.744450355812919,3.017467441257491e-09,-5e-05,-5e-05,-22.056613154002413
31.580000000000002,0.9088327420852861,0.013672255547705361,-2.7344503558129194,-2.8429229991070412e-09,-5e-05,-5e-05,-22.072280404788568
31.6,0.9091051871607431,0.013622253772848073,-2.7244503558129196,-1.7748572891604972e-09,-5e-05,-5e-05,-22.087890357761374
31.62,0.9093766322520578,0.013572254565733521,-2.71445035581292,7.928854484036038e-10,-5e-05,-5e-05,-22.103443015863252
31.64,0.9096470773561705,0.013522255205634168,-2.70445035581292,6.399006463413658e-10,-5e-05,-5e-05,-22.118938378918884
31.66,0.909916522481928,0.013472256287879188,-2.6944503558129203,1.0822450188105641e-09,-5e-05,-5e-05,-22.134376447435162
31.68,0.9101849675488108,0.013422253344141705,-2.6844503558129205,-2.9437374834902546e-09,-5e-05,-5e-05,-22.14975721679866
31.7,0.9104524125977932,0.013372252449118537,-2.6744503558129207,-8.950231686620494e-10,-5e-05,-5e-05,-22.165080689357016
31.720000000000002,0.9107188576315989,0.01332225169028262,-2.664450355812921,-7.588359166822301e-10,-5e-05,-5e-05,-22.1803468652663
31.740000000000002,0.9109843027036407,0.013272253602093503,-2.654450355812921,1.9118108832720974e-09,-5e-05,-5e-05,-22.195555747586845
31.76,0.9112487477836737,0.013222254001648812,-2.6444503558129213,3.995553094396998e-10,-5e-05,-5e-05,-22.210707334585734
31.78,0.9115121927852171,0.013172250077170444,-2.6344503558129215,-3.924478368227256e-09,-5e-05,-5e-05,-22.22580162130799
31.8,0.9117746376785318,0.01312224466573512,-2.6244503558129217,-5.41143532357536e-09,-5e-05,-5e-05,-22.240838606049685
31.82,0.9120360826447214,0.013072248309478365,-2.614450355812922,3.643743245802784e-09,-5e-05,-5e-05,-22.255818299187286
31.84,0.91229652763566,0.013022249546934655,-2.604450355812922,1.2374562901557976e-09,-5e-05,-5e-05,-22.270740697963394
31.86,0.912555972669304,0.012972251682198604,-2.5944503558129224,2.1352639478741735e-09,-5e-05,-5e-05,-22.28560580340682
31.88,0.9128144176989798,0.012922251483786664,-2.5844503558129226,-1.9841193938592288e-10,-5e-05,-5e-05,-22.300413612843375
31.900000000000002,0.9130718627525424,0.012872252678129309,-2.574450355812923,1.194342644725148e-09,-5e-05,-5e-05,-22.315164127869036
31.92,0.9133283077472784,0.012822249736798175,-2.564450355812923,-2.9413311326208127e-09,-5e-05,-5e-05,-22.32985734374466
31.94,0.9135837527173634,0.012772248504249547,-2.5544503558129232,-1.2325486282253201e-09,-5e-05,-5e-05,-22.344493262428376
31.96,0.913838197715286,0.012722249896129124,-2.5444503558129234,1.3918795778532634e-09,-5e-05,-5e-05,-22.359071886927556
31.98,0.9140916427187005,0.012672250170722913,-2.5344503558129237,2.745937882931923e-10,-5e-05,-5e-05,-22.373593215961886
32.0,0.9143440877085818,0.012622249494066195,-2.524450355812924,-6.766567180962287e-10,-5e-05,-5e-05,-22.38805724844131
32.02,0.9145955326777435,0.012572248458086556,-2.514450355812924,-1.0359796380529682e-09,-5e-05,-5e-05,-22.402463983954075
32.04,0.9148459775673551,0.012522244480576912,-2.5044503558129243,-3.9775096447634026e-09,-5e-05,-5e-05,-22.416813419129436
32.06,0.915095422378558,0.0124722405601487,-2.4944503558129245,-3.920428210077957e-09,-5e-05,-5e-05,-22.4311055540328
32.08,0.9153438671902205,0.012422240583127258,-2.4844503558129247,2.2978556804673436e-11,-5e-05,-5e-05,-22.44534039318299
32.1,0.9155913119592458,0.012372238451262722,-2.474450355812925,-2.1318645360368702e-09,-5e-05,-5e-05,-22.459517934110725
32.12,0.9158377567069672,0.01232223738607147,-2.464450355812925,-1.0651912530438676e-09,-5e-05,-5e-05,-22.47363817803833
32.14,0.9160832014542618,0.012272237364727418,-2.4544503558129254,-2.1344051546427305e-11,-5e-05,-5e-05,-22.487701126161962
32.160000000000004,0.9163276461175128,0.012222233162551832,-2.4444503558129256,-4.202175586473339e-09,-5e-05,-5e-05,-22.501706773690742
32.18,0.9165710908229291,0.01217223527081371,-2.434450355812926,2.1082618780725356e-09,-5e-05,-5e-05,-22.5156551278559
32.2,0.9168135355234405,0.012122235025566511,-2.424450355812926,-2.452471985597243e-10,-5e-05,-5e-05,-22.529546185960516
32.22,0.917054980208878,0.012072234271878573,-2.414450355812926,-7.536879377447327e-10,-5e-05,-5e-05,-22.54337994742195
32.24,0.917295424865694,0.012022232840800109,-2.4044503558129264,-1.4310784637512884e-09,-5e-05,-5e-05,-22.55715641146398
32.26,0.9175348696118033,0.011972237305464761,-2.3944503558129266,4.464664652145783e-09,-5e-05,-5e-05,-22.57087558484262
32.28,0.9177733144250652,0.011922240663093981,-2.384450355812927,3.3576292202571154e-09,-5e-05,-5e-05,-22.584537466289312
32.3,0.9180107591912805,0.011872238310769957,-2.374450355812927,-2.352324023661989e-09,-5e-05,-5e-05,-22.59814204926092
32.32,0.9182472038530023,0.0118222330860918,-2.3644503558129273,-5.224678157014677e-09,-5e-05,-5e-05,-22.61168933046598
32.34,0.9184826485033021,0.011772232514991914,-2.3544503558129275,-5.710998852515683e-10,-5e-05,-5e-05,-22.62517931523709
32.36,0.9187170931617357,0.011722232921679432,-2.3444503558129277,4.0668751728624037e-10,-5e-05,-5e-05,-22.63861200469472
32.38,0.9189505377645893,0.011672230142685173,-2.334450355812928,-2.77899425765694e-09,-5e-05,-5e-05,-22.651987395188343
32.4,0.9191829823400735,0.011622228774207167,-2.324450355812928,-1.3684780064262036e-09,-5e-05,-5e-05,-22.665305488334294
32.42,0.9194144268706532,0.011572226528986653,-2.3144503558129284,-2.2452205136785787e-09,-5e-05,-5e-05,-22.6785662831279
32.44,0.9196448714724491,0.011522230089792265,-2.3044503558129286,3.560805611804425e-09,-5e-05,-5e-05,-22.691769786222377
32.46,0.9198743161699404,0.01147223487456492,-2.2944503558129288,4.784772654054229e-09,-5e-05,-5e-05,-22.704915999020287
32.480000000000004,0.9201027609004557,0.011422236525768022,-2.284450355812929,1.6512031010625445e-09,-5e-05,-5e-05,-22.718004917930816
32.5,0.9203302054955442,0.011372229754427336,-2.274450355812929,-6.771340685400819e-09,-5e-05,-5e-05,-22.73103653330245
32.52,0.9205566500999703,0.011322230221304299,-2.2644503558129294,4.668769629393011e-10,-5e-05,-5e-05,-22.744010853429575
32.54,0.9207820947388322,0.01127223194309568,-2.2544503558129296,1.7217913823749605e-09,-5e-05,-5e-05,-22.75692787975021
32.56,0.9210065393564237,0.011222230879577898,-2.24445035581293,-1.063517782189211e-09,-5e-05,-5e-05,-22.769787609072633
32.58,0.9212299839807193,0.011172231214777947,-2.23445035581293,3.3520004792724747e-10,-5e-05,-5e-05,-22.782590042999658
32.6,0.9214524285501712,0.01112222847259209,-2.2244503558129303,-2.7421858567263225e-09,-5e-05,-5e-05,-22.79533517800485
32.62,0.9216738730471673,0.011072224849804914,-2.2144503558129305,-3.622787176514305e-09,-5e-05,-5e-05,-22.80802301307913
32.64,0.9218943175621116,0.011022225747212485,-2.2044503558129307,8.974075712695677e-10,-5e-05,-5e-05,-22.820653553402245
32.660000000000004,0.9221137619971966,0.010972221754252519,-2.194450355812931,-3.992959965208648e-09,-5e-05,-5e-05,-22.83322679337025
32.68,0.9223322064206552,0.010922221172928818,-2.184450355812931,-5.813237014786492e-10,-5e-05,-5e-05,-22.845742736892593
32.7,0.9225496509524349,0.010872226588988718,-2.1744503558129313,5.416059898997254e-09,-5e-05,-5e-05,-22.85820139084177
32.72,0.9227660953945804,0.010822222107276607,-2.1644503558129315,-4.481712110798115e-09,-5e-05,-5e-05,-22.87060274387577
32.74,0.9229815397640552,0.010772218473736103,-2.1544503558129318,-3.633540504967955e-09,-5e-05,-5e-05,-22.882946796966532
32.76,0.9231959841655456,0.010722220074522006,-2.144450355812932,1.600785903097801e-09,-5e-05,-5e-05,-22.895233556112142
32.78,0.9234094285972353,0.010672221584486954,-2.134450355812932,1.5099649488053344e-09,-5e-05,-5e-05,-22.90746302120853
32.8,0.9236218730320578,0.010622221741124671,-2.1244503558129324,1.5663771691750735e-10,-5e-05,-5e-05,-22.919635190704902
32.82,0.9238333174649423,0.01057222164423028,-2.1144503558129326,-9.689439221960844e-11,-5e-05,-5e-05,-22.931750064310723
32.84,0.9240437618977282,0.010522221639292251,-2.104450355812933,-4.9380296568567226e-12,-5e-05,-5e-05,-22.943807642131375
32.86,0.9242532063262128,0.010472221424229622,-2.094450355812933,-2.1506262854555314e-10,-5e-05,-5e-05,-22.955807923926073
32.88,0.9244616507651504,0.010422221946881454,-2.0844503558129333,5.226518326344028e-10,-5e-05,-5e-05,-22.967750910540172
32.9,0.9246690952518276,0.010372224333861473,-2.0744503558129335,2.386980018402132e-09,-5e-05,-5e-05,-22.979636604110034
32.92,0.924875539767111,0.010322225764169118,-2.0644503558129337,1.4303076447587366e-09,-5e-05,-5e-05,-22.991465003539396
32.94,0.9250809842838699,0.010272225837941136,-2.054450355812934,7.377201810229857e-11,-5e-05,-5e-05,-23.003236107273782
32.96,0.9252854286706917,0.010222219341095901,-2.044450355812934,-6.496845235654021e-09,-5e-05,-5e-05,-23.014949907783816
32.980000000000004,0.9254888729899856,0.010172215964693122,-2.0344503558129343,-3.376402777921244e-09,-5e-05,-5e-05,-23.026606408645268
33.0,0.9256913172921836,0.010122215109899715,-2.0244503558129345,-8.547934083021518e-10,-5e-05,-5e-05,-23.03820561274768
33.02,0.9258927616083652,0.01007221580908399,-2.0144503558129347,6.991842753784321e-10,-5e-05,-5e-05,-23.049747521871787
33.04,0.926093205926934,0.010022215928439077,-2.004450355812935,1.1935508630541078e-10,-5e-05,-5e-05,-23.061232135353155
33.06,0.9262926501428143,0.009972210794015115,-1.994450355812935,-5.1344239629289986e-09,-5e-05,-5e-05,-23.07265944717139
33.08,0.9264910943706162,0.009922211390095376,-1.984450355812935,5.960802613180572e-10,-5e-05,-5e-05,-23.084029463893174
33.1,0.9266885385382481,0.0098722083815966,-1.974450355812935,-3.008498776329942e-09,-5e-05,-5e-05,-23.095342181387956
33.12,0.9268849826861849,0.009822207396843348,-1.964450355812935,-9.847532530269218e-10,-5e-05,-5e-05,-23.10659760197478
33.14,0.927080426847959,0.009772208088704668,-1.954450355812935,6.918613197405771e-10,-5e-05,-5e-05,-23.117795727574908
33.160000000000004,0.9272748710346631,0.009722209335206658,-1.944450355812935,1.2465019905144325e-09,-5e-05,-5e-05,-23.128936558823906
33.18,0.9274683151771267,0.009672207123180452,-1.934450355812935,-2.2120262051440057e-09,-5e-05,-5e-05,-23.140020091758597
33.2,0.9276607593000896,0.009622206148148684,-1.9244503558129349,-9.750317689284598e-10,-5e-05,-5e-05,-23.151046327796468
33.22,0.9278522034608174,0.009572208036388275,-1.9144503558129349,1.888239590484039e-09,-5e-05,-5e-05,-23.162015270218596
33.24,0.9280426476399127,0.00952220895476766,-1.9044503558129349,9.183793851352157e-10,-5e-05,-5e-05,-23.172926917913593
33.26,0.9282320918497281,0.00947221049076692,-1.8944503558129349,1.5359992603267176e-09,-5e-05,-5e-05,-23.183781271589204
33.28,0.9284205360992888,0.009422212478032585,-1.8844503558129349,1.987265665679687e-09,-5e-05,-5e-05,-23.19457833176254
33.3,0.9286079803224607,0.009372211158599316,-1.8744503558129348,-1.319433269344575e-09,-5e-05,-5e-05,-23.2053180946444
33.32,0.928794424480731,0.009322207913517287,-1.8644503558129348,-3.2450820299600532e-09,-5e-05,-5e-05,-23.216000558028156
33.34,0.9289798685834633,0.009272205136611318,-1.8544503558129348,-2.776905968808261e-09,-5e-05,-5e-05,-23.226625722450304
33.36,0.9291643126612599,0.00922220388982838,-1.8444503558129348,-1.246782938275128e-09,-5e-05,-5e-05,-23.237193589664233
33.38,0.929347756713929,0.009172202633454392,-1.8344503558129348,-1.2563739875304116e-09,-5e-05,-5e-05,-23.24770415965895
33.4,0.9295302008244845,0.009122205527771814,-1.8244503558129348,2.8943174221923645e-09,-5e-05,-5e-05,-23.258157437190796
33.42,0.9297116449240849,0.009072204980019502,-1.8144503558129348,-5.477523113044155e-10,-5e-05,-5e-05,-23.268553418315452
33.44,0.9298920891257739,0.009022210084453962,-1.8044503558129348,5.104434461078633e-09,-5e-05,-5e-05,-23.27889210950984
33.46,0.9300715332446698,0.008972205944796394,-1.7944503558129348,-4.139657568605788e-09,-5e-05,-5e-05,-23.289173500181022
33.480000000000004,0.9302499774199012,0.008922208761571786,-1.7844503558129348,2.816775390809643e-09,-5e-05,-5e-05,-23.299397598300473
33.5,0.9304274216159463,0.008872209802253733,-1.7744503558129348,1.0406819474006515e-09,-5e-05,-5e-05,-23.309564401832944
33.52,0.9306038658335547,0.008822210880419146,-1.7644503558129347,1.078165412926325e-09,-5e-05,-5e-05,-23.319673910821397
33.54,0.9307793101068119,0.008772213662861414,-1.7544503558129347,2.7824422680469667e-09,-5e-05,-5e-05,-23.329726127218773
33.56,0.9309537544313814,0.008722216228472112,-1.7444503558129347,2.5656106979615557e-09,-5e-05,-5e-05,-23.339721050776618
33.58,0.9311271988224699,0.008672219554422798,-1.7344503558129347,3.3259506846859846e-09,-5e-05,-5e-05,-23.3496586823662
33.6,0.9312996432171811,0.00862221973555742,-1.7244503558129347,1.8113462183230352e-10,-5e-05,-5e-05,-23.359539018383842
33.62,0.9314710876780772,0.00857222304480348,-1.7144503558129347,3.3092460613769176e-09,-5e-05,-5e-05,-23.369362062414083
33.64,0.931641532108007,0.008522221496494026,-1.7044503558129347,-1.5483094537378293e-09,-5e-05,-5e-05,-23.37912780889058
33.660000000000004,0.9318109764303063,0.008472216114960842,-1.6944503558129347,-5.3815331842456685e-09,-5e-05,-5e-05,-23.38883625342078
33.68,0.9319794207539065,0.008422216180007535,-1.6844503558129347,6.504669185864229e-11,-5e-05,-5e-05,-23.39848740224601
33.7,0.9321468650888134,0.008372216745343202,-1.6744503558129347,5.653356669231135e-10,-5e-05,-5e-05,-23.40808125593955
33.72,0.9323133093752134,0.008322214320001974,-1.6644503558129347,-2.4253412277421585e-09,-5e-05,-5e-05,-23.417617811074336
33.74,0.932478753670007,0.0082722147396811,-1.6544503558129346,4.1967912510525653e-10,-5e-05,-5e-05,-23.427097070910527
33.76,0.9326431979562481,0.008222214312054603,-1.6444503558129346,-4.2762649694654975e-10,-5e-05,-5e-05,-23.436519034477183
33.78,0.9328066421523095,0.00817220980306948,-1.6344503558129346,-4.508985123308468e-09,-5e-05,-5e-05,-23.445883697097408
33.8,0.9329690863385218,0.008122209310617072,-1.6244503558129346,-4.924524085600267e-10,-5e-05,-5e-05,-23.455191063373814
33.82,0.9331305304873287,0.008072207440347577,-1.6144503558129346,-1.8702694949094977e-09,-5e-05,-5e-05,-23.464441131727533
33.84,0.9332909746607637,0.008022208671748323,-1.6044503558129346,1.2314007453480557e-09,-5e-05,-5e-05,-23.47363390571282
33.86,0.933450418794202,0.007972206671913165,-1.5944503558129346,-1.9998351585997656e-09,-5e-05,-5e-05,-23.482769381626955
33.88,0.9336088628794459,0.007922204262193798,-1.5844503558129346,-2.4097193671495374e-09,-5e-05,-5e-05,-23.49184755900024
33.9,0.9337663069695816,0.007872204506784539,-1.5744503558129346,2.4459073993840893e-10,-5e-05,-5e-05,-23.500868440874296
33.92,0.933922751022043,0.007822202623071099,-1.5644503558129346,-1.8837134408492096e-09,-5e-05,-5e-05,-23.509832024810258
33.94,0.9340781950122713,0.007772199511412251,-1.5544503558129346,-3.1116588479897485e-09,-5e-05,-5e-05,-23.518738309401012
33.96,0.9342326390547694,0.00772220212490445,-1.5444503558129345,2.6134921989829307e-09,-5e-05,-5e-05,-23.52758730120709
33.980000000000004,0.9343860831027974,0.007672202401396423,-1.5344503558129345,2.764919734245879e-10,-5e-05,-5e-05,-23.536378997550496
34.0,0.9345385271765205,0.007622203686159509,-1.5244503558129345,1.2847630851008135e-09,-5e-05,-5e-05,-23.545113399586615
34.02,0.9346899712103302,0.00757220169048252,-1.5144503558129345,-1.9956769888349603e-09,-5e-05,-5e-05,-23.553790503556343
34.04,0.9348404152191317,0.007522200440077121,-1.5044503558129345,-1.2504053989094542e-09,-5e-05,-5e-05,-23.5624103103137
34.06,0.9349898592666779,0.007472202377305005,-1.4944503558129345,1.937227883287258e-09,-5e-05,-5e-05,-23.57097282351145
34.08,0.9351383033594111,0.007422204636657511,-1.4844503558129345,2.2593525064505865e-09,-5e-05,-5e-05,-23.57947804351871
34.1,0.9352857475041723,0.007372207238061899,-1.4744503558129345,2.601404387574717e-09,-5e-05,-5e-05,-23.58792597072744
34.12,0.9354321916503571,0.007322207309241368,-1.4644503558129345,7.117946910567003e-11,-5e-05,-5e-05,-23.59631660223823
34.14,0.935577635787475,0.007272206855896038,-1.4544503558129345,-4.533453295791988e-10,-5e-05,-5e-05,-23.604649937450006
34.160000000000004,0.9357220799261967,0.007222206936088649,-1.4444503558129345,8.019261140190992e-11,-5e-05,-5e-05,-23.612925976974164
34.18,0.935865524072382,0.0071722073092643215,-1.4344503558129345,3.731756717574863e-10,-5e-05,-5e-05,-23.62114472114644
34.2,0.9360079682157028,0.007122207166040214,-1.4244503558129344,-1.4322410733595834e-10,-5e-05,-5e-05,-23.629306169375074
34.22,0.9361494123562762,0.007072207028674584,-1.4144503558129344,-1.3736563006051641e-10,-5e-05,-5e-05,-23.637410321666792
34.24,0.9362898565191939,0.0070222081458868905,-1.4044503558129344,1.1172123065474824e-09,-5e-05,-5e-05,-23.64545717945922
34.26,0.9364293006520438,0.006972206642493353,-1.3944503558129344,-1.5033935378150551e-09,-5e-05,-5e-05,-23.65344673974938
34.28,0.9365677447980605,0.0069222073008342756,-1.3844503558129344,6.583409230190076e-10,-5e-05,-5e-05,-23.661379005014428
34.300000000000004,0.9367051889340887,0.0068722068014118445,-1.3744503558129344,-4.994224313577981e-10,-5e-05,-5e-05,-23.66925397392767
34.32,0.9368416330131644,0.00682220395378334,-1.3644503558129344,-2.8476285043055933e-09,-5e-05,-5e-05,-23.677071643798254
34.34,0.9369770770889299,0.006772203788274651,-1.3544503558129344,-1.6550868877578142e-10,-5e-05,-5e-05,-23.684832017699666
34.36,0.9371115211330872,0.006722202207864114,-1.3444503558129344,-1.5804105374669007e-09,-5e-05,-5e-05,-23.692535094010548
34.38,0.9372449651613595,0.006672201413614734,-1.3344503558129344,-7.942493807780965e-10,-5e-05,-5e-05,-23.700180873631776
34.4,0.937377409230629,0.006622203463471812,-1.3244503558129344,2.0498570783069917e-09,-5e-05,-5e-05,-23.707769359822457
34.42,0.937508853307838,0.0065722038604505316,-1.3144503558129343,3.969787193969017e-10,-5e-05,-5e-05,-23.715300550688525
34.44,0.9376392974041808,0.006522204817145124,-1.3044503558129343,9.566945926947893e-10,-5e-05,-5e-05,-23.72277444687137
34.46,0.9377687414004284,0.006472199812379407,-1.2944503558129343,-5.004765717045025e-09,-5e-05,-5e-05,-23.730191041539666
34.480000000000004,0.9378971854727028,0.00642220361372031,-1.2844503558129343,3.801340902523503e-09,-5e-05,-5e-05,-23.737550344784463
34.5,0.9380246296165968,0.00637220719470026,-1.2744503558129343,3.5809799493844587e-09,-5e-05,-5e-05,-23.744852356353245
34.52,0.9381510736963005,0.0063222039851833145,-1.2644503558129343,-3.2095169450183128e-09,-5e-05,-5e-05,-23.75209706846468
34.54,0.9382765177012112,0.00627220024554009,-1.2544503558129343,-3.73964322446756e-09,-5e-05,-5e-05,-23.759284480511283
34.56,0.9384009617286386,0.006222201371370122,-1.2444503558129343,1.1258300316910692e-09,-5e-05,-5e-05,-23.766414598068483
34.58,0.9385244056790933,0.006172197522735533,-1.2344503558129343,-3.848634589240601e-09,-5e-05,-5e-05,-23.773487415435962
34.6,0.9386468496552408,0.006122198807372556,-1.2244503558129343,1.2846370230022737e-09,-5e-05,-5e-05,-23.780502938496014
34.62,0.9387682936570243,0.006072200089176015,-1.2144503558129343,1.2818034593140946e-09,-5e-05,-5e-05,-23.787461167245386
34.64,0.9388887375894436,0.006022196620965247,-1.2044503558129342,-3.468210768246161e-09,-5e-05,-5e-05,-23.79436209624097
34.660000000000004,0.9390081815340919,0.005972197232415162,-1.1944503558129342,6.114499153213091e-10,-5e-05,-5e-05,-23.801205730157715
34.68,0.9391266254935795,0.005922197974379538,-1.1844503558129342,7.419643760394187e-10,-5e-05,-5e-05,-23.80799206914517
34.7,0.9392440693605474,0.005872193348391946,-1.1744503558129342,-4.62598759174305e-09,-5e-05,-5e-05,-23.814721107052126
34.72,0.9393605132332427,0.005822193634764268,-1.1644503558129342,2.863723222363951e-10,-5e-05,-5e-05,-23.821392849507724
34.74,0.9394759570914423,0.005772192909981341,-1.1544503558129342,-7.247829272600859e-10,-5e-05,-5e-05,-23.828007295353267
34.76,0.9395904009602527,0.005722193440520037,-1.1444503558129342,5.305386957079991e-10,-5e-05,-5e-05,-23.834564446027255
34.78,0.9397038447754871,0.005672190761717846,-1.1344503558129342,-2.678802190868552e-09,-5e-05,-5e-05,-23.841064297852046
34.800000000000004,0.93981628859163,0.005622190807148385,-1.1244503558129342,4.543053872189342e-11,-5e-05,-5e-05,-23.847506853949383
34.82,0.9399277323710724,0.0055721889721190255,-1.1144503558129342,-1.835029358820711e-09,-5e-05,-5e-05,-23.853892112164417
34.84,0.9400381761674469,0.005522189818725095,-1.1044503558129342,8.466060692233781e-10,-5e-05,-5e-05,-23.860220075570076
34.86,0.940147619875599,0.005472185407605554,-1.0944503558129342,-4.411119540703573e-09,-5e-05,-5e-05,-23.866490738141458
34.88,0.9402560636456826,0.005422188504178232,-1.0844503558129341,3.0965726777576798e-09,-5e-05,-5e-05,-23.87270410848173
34.9,0.9403635073265272,0.005372184042228883,-1.0744503558129341,-4.461949349113038e-09,-5e-05,-5e-05,-23.87886017792948
34.92,0.9404699510290354,0.005322185125412654,-1.0644503558129341,1.0831837714859419e-09,-5e-05,-5e-05,-23.884958952838947
34.94,0.9405753947690478,0.005272187000621858,-1.0544503558129341,1.8752092037063675e-09,-5e-05,-5e-05,-23.891000434117732
34.96,0.9406798385026889,0.005222186682050007,-1.044450355812934,-3.1857185056368697e-10,-5e-05,-5e-05,-23.896984619251953
34.980000000000004,0.9407832822372937,0.0051721867302403635,-1.034450355812934,4.8190356923647355e-11,-5e-05,-5e-05,-23.90291150866188
35.0,0.9408857260186397,0.00512218906730088,-1.024450355812934,2.3370605164590855e-09,-5e-05,-5e-05,-23.90878110497037
35.02,0.9409871697622039,0.005072187178205212,-1.014450355812934,-1.88909566832273e-09,-5e-05,-5e-05,-23.9145934033346
35.04,0.9410876134433347,0.005022184056541569,-1.004450355812934,-3.1216636425808526e-09,-5e-05,-5e-05,-23.920348402342153
35.06,0.9411870569753076,0.004972176598643301,-0.9944503558129341,-7.457898268529433e-09,-5e-05,-5e-05,-23.926046097024074
35.08,0.9412855004910642,0.00492217578782914,-0.984450355812934,-8.108141612912888e-10,-5e-05,-5e-05,-23.931686494997358
35.1,0.9413829440361802,0.004872177255798723,-0.974450355812934,1.4679695827187483e-09,-5e-05,-5e-05,-23.937269598873296
35.12,0.9414793876602263,0.004822181202307613,-0.964450355812934,3.946508891047852e-09,-5e-05,-5e-05,-23.94279541149209
35.14,0.9415748312726899,0.004772180623182116,-0.954450355812934,-5.791254973011921e-10,-5e-05,-5e-05,-23.948263927667735
35.160000000000004,0.941669274877848,0.004722180257904504,-0.944450355812934,-3.652776123404365e-10,-5e-05,-5e-05,-23.953675147645292
35.18,0.9417627185130798,0.004672181761589303,-0.934450355812934,1.503684799600324e-09,-5e-05,-5e-05,-23.959029073566434
35.2,0.9418551622035907,0.004622184525541292,-0.924450355812934,2.7639519888001507e-09,-5e-05,-5e-05,-23.96432570687532
35.22,0.9419466057663342,0.00457217813717204,-0.914450355812934,-6.388369251768991e-09,-5e-05,-5e-05,-23.969565037084163
35.24,0.9420370492768076,0.0045221755236721575,-0.904450355812934,-2.6134998820035526e-09,-5e-05,-5e-05,-23.974747068518642
35.26,0.9421264927820229,0.004472175260762431,-0.894450355812934,-2.6290972684808733e-10,-5e-05,-5e-05,-23.979871803872328
35.28,0.9422149362244778,0.004422172122745813,-0.884450355812934,-3.1380166181343865e-09,-5e-05,-5e-05,-23.984939239850608
35.300000000000004,0.9423023796757218,0.004372172562201649,-0.874450355812934,4.3945583543203437e-10,-5e-05,-5e-05,-23.989949380552947
35.32,0.9423888230982181,0.004322171124815962,-0.864450355812934,-1.4373856869809857e-09,-5e-05,-5e-05,-23.99490222382865
35.34,0.9424742663969249,0.004272164935338252,-0.8544503558129339,-6.18947770919023e-09,-5e-05,-5e-05,-23.999797764232223
35.36,0.9425587096276523,0.004222161536369232,-0.8444503558129339,-3.398969020206357e-09,-5e-05,-5e-05,-24.004636004961355
35.38,0.9426421528401723,0.0041721606259973185,-0.8344503558129339,-9.103719137401394e-10,-5e-05,-5e-05,-24.00941694886776
35.4,0.9427245960479026,0.004122160386513765,-0.8244503558129339,-2.39483553113102e-10,-5e-05,-5e-05,-24.014140596720228
35.42,0.9428060392347268,0.004072159341214597,-0.8144503558129339,-1.0452991681179961e-09,-5e-05,-5e-05,-24.01880694759535
35.44,0.9428864824585175,0.004022161189533874,-0.8044503558129339,1.848319276923256e-09,-5e-05,-5e-05,-24.023416004808983
35.46,0.9429659255688598,0.003972155517115492,-0.7944503558129339,-5.672418381828015e-09,-5e-05,-5e-05,-24.027967759742992
35.480000000000004,0.9430443687393045,0.003922158522235204,-0.7844503558129339,3.005119712453159e-09,-5e-05,-5e-05,-24.0324622223411
35.5,0.9431218117854032,0.0038721523049353637,-0.7744503558129339,-6.2172998402835105e-09,-5e-05,-5e-05,-24.03689938203519
35.52,0.9431982548698497,0.003822154222323343,-0.7644503558129339,1.917387979338563e-09,-5e-05,-5e-05,-24.04127924814693
35.54,0.9432736980148141,0.0037721572482218644,-0.7544503558129338,3.0258985217021376e-09,-5e-05,-5e-05,-24.04560182194659
35.56,0.9433481411582513,0.0037221571718593677,-0.7444503558129338,-7.636249694794769e-11,-5e-05,-5e-05,-24.049867099879226
35.58,0.9434215842873588,0.0036721564553757638,-0.7344503558129338,-7.164836038042736e-10,-5e-05,-5e-05,-24.054075081211323
35.6,0.9434940275170104,0.003622161482581231,-0.7244503558129338,5.027205467475738e-09,-5e-05,-5e-05,-24.058225772524654
35.62,0.9435654706339884,0.0035721558488997873,-0.7144503558129338,-5.633681443833662e-09,-5e-05,-5e-05,-24.06231916160276
35.64,0.9436359138083801,0.003522158719584185,-0.7044503558129338,2.8706843973358043e-09,-5e-05,-5e-05,-24.066355258190903
35.660000000000004,0.9437053568988749,0.0034721545247426372,-0.6944503558129338,-4.194841547677593e-09,-5e-05,-5e-05,-24.0703340541926
35.68,0.9437737998766449,0.003422148888497382,-0.6844503558129338,-5.636245255341289e-09,-5e-05,-5e-05,-24.074255547956128
35.7,0.9438412428224661,0.0033721472910600916,-0.6744503558129338,-1.597437290342057e-09,-5e-05,-5e-05,-24.07811974410961
35.72,0.9439076857383458,0.0033221457939866393,-0.6644503558129338,-1.4970734522333404e-09,-5e-05,-5e-05,-24.081926642768064
35.74,0.9439731286787213,0.003272147018772816,-0.6544503558129338,1.2247861768649811e-09,-5e-05,-5e-05,-24.085676247050504
35.76,0.9440375716676962,0.0032221494487427783,-0.6444503558129338,2.4299699619143092e-09,-5e-05,-5e-05,-24.089368558337974
35.78,0.9441010145892895,0.003172146079664802,-0.6344503558129337,-3.369077976479471e-09,-5e-05,-5e-05,-24.093003569985253
35.800000000000004,0.9441634575455745,0.003122147814246835,-0.6244503558129337,1.7345820329133506e-09,-5e-05,-5e-05,-24.096581287840703
35.82,0.9442249004288905,0.0030721441657984554,-0.6144503558129337,-3.648448379297162e-09,-5e-05,-5e-05,-24.100101705735824
35.84,0.9442853432667052,0.0030221418907353395,-0.6044503558129337,-2.2750631157641512e-09,-5e-05,-5e-05,-24.1035648252444
35.86,0.9443447861532527,0.0029721443273751317,-0.5944503558129337,2.4366397921651433e-09,-5e-05,-5e-05,-24.106970651765643
35.88,0.9444032290982489,0.0029221472498095185,-0.5844503558129337,2.922434386811741e-09,-5e-05,-5e-05,-24.110319185856245
35.9,0.9444606721701831,0.002872153596712003,-0.5744503558129337,6.346902484347836e-09,-5e-05,-5e-05,-24.113610431440343
35.92,0.9445171152117071,0.002822152076198297,-0.5644503558129337,-1.5205137060353762e-09,-5e-05,-5e-05,-24.116844379502545
35.94,0.9445725582088118,0.002772149855233762,-0.5544503558129337,-2.220964534857281e-09,-5e-05,-5e-05,-24.120021029240203
35.96,0.9446270012064746,0.0027221498831379786,-0.5444503558129337,2.79042166828216e-11,-5e-05,-5e-05,-24.123140383230318
35.980000000000004,0.9446804441479091,0.0026721470717261265,-0.5344503558129337,-2.8114118520006104e-09,-5e-05,-5e-05,-24.12620243821928
36.0,0.9447328870981355,0.0026221475113218516,-0.5244503558129336,4.3959572532738505e-10,-5e-05,-5e-05,-24.12920719793247
36.02,0.9447843300771275,0.0025721489495967313,-0.5144503558129336,1.438274879886552e-09,-5e-05,-5e-05,-24.13215466351429
36.04,0.9448347730483019,0.002522148558721761,-0.5044503558129336,-3.908749706892082e-10,-5e-05,-5e-05,-24.135044832868683
36.06,0.9448842160308353,0.002472149126670603,-0.4944503558129336,5.679488424653403e-10,-5e-05,-5e-05,-24.137877707094386
36.08,0.9449326591520641,0.002422156061444843,-0.4844503558129336,6.934774240051172e-09,-5e-05,-5e-05,-24.14065329348724
36.1,0.9449801023494873,0.002372159871154946,-0.4744503558129336,3.809710102988641e-09,-5e-05,-5e-05,-24.14337158846619
36.12,0.9450265455730954,0.0023221611804091174,-0.4644503558129336,1.3092541717399487e-09,-5e-05,-5e-05,-24.14603258916592
36.14,0.9450719888306918,0.0022721628798194962,-0.4544503558129336,1.6994103788749426e-09,-5e-05,-5e-05,-24.148636296033516
36.160000000000004,0.9451164321058515,0.0022221637579852528,-0.4444503558129336,8.781657564087155e-10,-5e-05,-5e-05,-24.15118270812791
36.18,0.9451598754132654,0.002172165370695398,-0.43445035581293356,1.6127101452677303e-09,-5e-05,-5e-05,-24.153671826290815
36.2,0.9452023187617546,0.0021221674244602667,-0.42445035581293356,2.0537648687041965e-09,-5e-05,-5e-05,-24.156103651027653
36.22,0.9452437620985132,0.0020721668379275245,-0.41445035581293355,-5.865327423887481e-10,-5e-05,-5e-05,-24.15847817931286
36.24,0.9452842054528916,0.0020221677189179066,-0.40445035581293354,8.809903820125984e-10,-5e-05,-5e-05,-24.16079541282809
36.26,0.9453236487647086,0.0019721655908509325,-0.39445035581293353,-2.128066973911179e-09,-5e-05,-5e-05,-24.163055348125226
36.28,0.9453620920038153,0.001922161955331741,-0.3844503558129335,-3.635519191554585e-09,-5e-05,-5e-05,-24.16525798347685
36.300000000000004,0.9453995351540551,0.0018721575119915311,-0.3744503558129335,-4.443340209830407e-09,-5e-05,-5e-05,-24.167403317957262
36.32,0.9454359782834469,0.001822156469591598,-0.3644503558129335,-1.0423999332511165e-09,-5e-05,-5e-05,-24.169491355463666
36.34,0.945471421336874,0.0017721526713536646,-0.3544503558129335,-3.798237933361199e-09,-5e-05,-5e-05,-24.171522092838092
36.36,0.9455058643757979,0.0017221519461919313,-0.3444503558129335,-7.25161733300789e-10,-5e-05,-5e-05,-24.173495533602036
36.38,0.9455393073791003,0.0016721501651212143,-0.3344503558129335,-1.7810707170055272e-09,-5e-05,-5e-05,-24.175411676545508
36.4,0.9455717503339679,0.0016221477433821586,-0.32445035581293347,-2.421739055662411e-09,-5e-05,-5e-05,-24.177270520934353
36.42,0.9456031933819002,0.0015721523966173892,-0.31445035581293346,4.6532352306049896e-09,-5e-05,-5e-05,-24.179072074875904
36.44,0.9456336363887791,0.0015221503439395484,-0.30445035581293345,-2.0526778408462685e-09,-5e-05,-5e-05,-24.180816330685747
36.46,0.9456630793980002,0.0014721504610573032,-0.29445035581293344,1.1711775479809957e-10,-5e-05,-5e-05,-24.182503290850285
36.480000000000004,0.9456915224012878,0.0014221501643811771,-0.28445035581293343,-2.966761261773584e-10,-5e-05,-5e-05,-24.184132954895343
36.5,0.9457189654370536,0.0013721517882875293,-0.2744503558129334,1.6239063521455557e-09,-5e-05,-5e-05,-24.185705325021747
36.52,0.9457454084733223,0.001322151813436627,-0.2644503558129334,2.514909783591807e-11,-5e-05,-5e-05,-24.187220399397457
36.54,0.9457708514826768,0.0012721504677226522,-0.2544503558129334,-1.3457139747727604e-09,-5e-05,-5e-05,-24.18867817645158
36.56,0.9457952944575105,0.0012221487416869314,-0.2444503558129334,-1.726035720825005e-09,-5e-05,-5e-05,-24.190078655748298
36.58,0.9458187374515028,0.0011721496996156494,-0.2344503558129334,9.579287180685725e-10,-5e-05,-5e-05,-24.191421840363205
36.6,0.9458411804018649,0.0011221475181065971,-0.22445035581293338,-2.1815090523570155e-09,-5e-05,-5e-05,-24.192707726698778
36.62,0.945862623294337,0.0010721446236064709,-0.21445035581293337,-2.8945001261669694e-09,-5e-05,-5e-05,-24.19393631393798
36.64,0.9458830662689344,0.001022148729867396,-0.20445035581293336,4.106260925176636e-09,-5e-05,-5e-05,-24.1951076101031
36.660000000000004,0.9459025091883146,0.0009721459690138149,-0.19445035581293335,-2.76085358102064e-09,-5e-05,-5e-05,-24.196221607325004
36.68,0.9459209520700977,0.0009221440891542484,-0.18445035581293334,-1.8798595665254366e-09,-5e-05,-5e-05,-24.197278306613235
36.7,0.9459383949079784,0.0008721418940307256,-0.17445035581293333,-2.1951235227427114e-09,-5e-05,-5e-05,-24.198277707606525
36.72,0.9459548377876054,0.0008221439813484209,-0.16445035581293332,2.087317695280812e-09,-5e-05,-5e-05,-24.199219815212192
36.74,0.9459702806043832,0.0007721408388912138,-0.15445035581293332,-3.1424572070756135e-09,-5e-05,-5e-05,-24.200104623437355
36.76,0.9459847234108059,0.000722140321137931,-0.1444503558129333,-5.177532827134011e-10,-5e-05,-5e-05,-24.2009321352897
36.78,0.9459981662069158,0.0006721398054949137,-0.1344503558129333,-5.1564301737988e-10,-5e-05,-5e-05,-24.201702350771654
36.800000000000004,0.9460106090575748,0.0006221425329535448,-0.1244503558129333,2.7274586311362847e-09,-5e-05,-5e-05,-24.20241527359953
36.82,0.946022051871347,0.0005721406886119569,-0.11445035581293331,-1.8443415878578379e-09,-5e-05,-5e-05,-24.20307089853443
36.84,0.946032494642605,0.0005221385628957237,-0.10445035581293331,-2.1257162331841022e-09,-5e-05,-5e-05,-24.20366922525393
36.86,0.9460419373415507,0.0004721349472901075,-0.09445035581293332,-3.615605616233762e-09,-5e-05,-5e-05,-24.204210252050736
36.88,0.9460503800227689,0.000422134060904781,-0.08445035581293332,-8.863853264990862e-10,-5e-05,-5e-05,-24.20469398205231
36.9,0.946057822575391,0.0003721276311018262,-0.07445035581293333,-6.429802954778695e-09,-5e-05,-5e-05,-24.205120408906357
36.92,0.9460642650998627,0.0003221262235909055,-0.06445035581293333,-1.4075109207227294e-09,-5e-05,-5e-05,-24.205489538368003
36.94,0.9460697076331138,0.0002721266625535728,-0.05445035581293333,4.3896266727366844e-10,-5e-05,-5e-05,-24.205801372553147
36.96,0.9460741501863275,0.00022212766068131144,-0.04445035581293333,9.981277386530979e-10,-5e-05,-5e-05,-24.206055912102553
36.980000000000004,0.9460775927559999,0.0001721284836227727,-0.03445035581293333,8.229414612523915e-10,-5e-05,-5e-05,-24.20625315681546
37.0,0.9460800352358361,0.00012212399181007813,-0.024450355812933325,-4.4918126945819335e-09,-5e-05,-5e-05,-24.20639310060162
37.02,0.9460814776541171,7.212091405402757e-05,-0.014450355812933325,-3.077756050555791e-09,-5e-05,-5e-05,-24.206475745081416
37.04,0.9460819200537579,2.211998204011801e-05,-0.004450355812933324,-9.320139095569559e-10,-5e-05,-5e-05,-24.206501092713694
37.06,0.9460813623606943,-2.7884653182042138e-05,0.005549644187066676,-4.6352221601363055e-09,-5e-05,-5e-05,-24.206469139254885
37.08,0.9460798047210276,-7.788198333647993e-05,0.015549644187066676,2.6698455622104622e-09,-5e-05,-5e-05,-24.20637989307598
37.1,0.9460772470830353,-0.00012788189961413171,0.025549644187066678,8.372234822728382e-11,-5e-05,-5e-05,-24.2062333512135
37.12,0.9460736894724303,-0.00017788053024843302,0.03554964418706668,1.369365698697584e-09,-5e-05,-5e-05,-24.20602951514068
37.14,0.9460691317836959,-0.00022788443672328365,0.04554964418706668,-3.906474850635181e-09,-5e-05,-5e-05,-24.205768378811864
37.160000000000004,0.9460635740531657,-0.000277886526514424,0.055549644187066684,-2.089791140333484e-09,-5e-05,-5e-05,-24.20544994430881
37.18,0.9460570162687333,-0.0003278892216202981,0.06554964418706669,-2.6951058741406294e-09,-5e-05,-5e-05,-24.20507421093788
37.2,0.9460494585191559,-0.0003778874788685465,0.07554964418706668,1.7427517515915343e-09,-5e-05,-5e-05,-24.204641183784478
37.22,0.9460409007312324,-0.00042788939617562506,0.08554964418706668,-1.9173070785380138e-09,-5e-05,-5e-05,-24.204150858654494
37.24,0.9460313428556398,-0.00047789377962921184,0.09554964418706667,-4.38345358675799e-09,-5e-05,-5e-05,-24.20360323272193
37.26,0.9460207849657655,-0.0005278944937155029,0.10554964418706667,-7.14086291130064e-10,-5e-05,-5e-05,-24.202998310191564
37.28,0.9460092270387102,-0.000577896352766984,0.11554964418706666,-1.8590514810720894e-09,-5e-05,-5e-05,-24.202336089751377
37.300000000000004,0.9459966690717583,-0.0006278983475958356,0.12554964418706666,-1.994828851548275e-09,-5e-05,-5e-05,-24.20161657124577
37.32,0.9459831111255872,-0.0006778973085560036,0.13554964418706666,1.0390398320036997e-09,-5e-05,-5e-05,-24.2008397581513
37.34,0.9459685531144431,-0.0007279005572070008,0.14554964418706667,-3.2486509971911294e-09,-5e-05,-5e-05,-24.200005645554636
37.36,0.9459529949928952,-0.0007779060773905925,0.15554964418706668,-5.520183591674811e-09,-5e-05,-5e-05,-24.199114230852793
37.38,0.9459364369150071,-0.0008279038944064359,0.1655496441870667,2.182984156538243e-09,-5e-05,-5e-05,-24.19816552287295
37.4,0.9459188789245377,-0.0008778995234652946,0.1755496441870667,4.370941141356548e-09,-5e-05,-5e-05,-24.19715952412233
37.42,0.945900320926627,-0.0009278998955367937,0.1855496441870667,-3.7207149919676885e-10,-5e-05,-5e-05,-24.196096229165832
37.44,0.9458807630078447,-0.00097789593911344,0.19554964418706672,3.956423353933976e-09,-5e-05,-5e-05,-24.19497564296355
37.46,0.9458602051069288,-0.0010278950457969004,0.20554964418706673,8.933165395627718e-10,-5e-05,-5e-05,-24.193797762005417
37.480000000000004,0.9458386472234872,-0.0010778941720794761,0.21554964418706674,8.737174241652531e-10,-5e-05,-5e-05,-24.19256258626898
37.5,0.9458160893862774,-0.0011278918604904439,0.22554964418706674,2.3115890323609582e-09,-5e-05,-5e-05,-24.191270117401913
37.52,0.9457925315772949,-0.0011778904491235522,0.23554964418706675,1.411366891739511e-09,-5e-05,-5e-05,-24.189920354372642
37.54,0.9457679737550753,-0.0012278911109855721,0.24554964418706676,-6.618620199124326e-10,-5e-05,-5e-05,-24.188513294805425
37.56,0.9457424159207743,-0.0012778917150476532,0.25554964418706677,-6.040620811759981e-10,-5e-05,-5e-05,-24.187048938766488
37.58,0.9457158580307263,-0.0013278945023991193,0.2655496441870668,-2.7873514661871362e-09,-5e-05,-5e-05,-24.185527283753963
37.6,0.9456883001552211,-0.0013778937752591254,0.2755496441870668,7.271399939603856e-10,-5e-05,-5e-05,-24.183948333795165
37.62,0.9456597422815205,-0.001427893685029892,0.2855496441870668,9.02292334876386e-11,-5e-05,-5e-05,-24.182312088160252
37.64,0.9456301844528309,-0.0014778914344802548,0.2955496441870668,2.2505496371919633e-09,-5e-05,-5e-05,-24.180618549324766
37.660000000000004,0.9455996266339812,-0.0015278909424845067,0.3055496441870668,4.919957481307722e-10,-5e-05,-5e-05,-24.178867715273558
37.68,0.9455680687754745,-0.0015778929253349153,0.3155496441870668,-1.982850408429837e-09,-5e-05,-5e-05,-24.17705958317065
37.7,0.945535510962773,-0.0016278906350763185,0.32554964418706683,2.2902585967879405e-09,-5e-05,-5e-05,-24.175194157912678
37.72,0.9455019530752142,-0.0016778943779385959,0.33554964418706684,-3.742862277330945e-09,-5e-05,-5e-05,-24.173271432586187
37.74,0.9454673951687743,-0.0017278953219958502,0.34554964418706685,-9.44057254391854e-10,-5e-05,-5e-05,-24.17129141039837
37.76,0.9454318373245212,-0.001777892212656124,0.35554964418706686,3.1093397263534464e-09,-5e-05,-5e-05,-24.169254095994084
37.78,0.9453952794738524,-0.001827892533438402,0.36554964418706687,-3.2078227806041447e-10,-5e-05,-5e-05,-24.167159485442692
37.800000000000004,0.9453577217160994,-0.0018778878876474065,0.3755496441870669,4.6457909955423024e-09,-5e-05,-5e-05,-24.16500758443547
37.82,0.9453191640257257,-0.0019278845186862983,0.3855496441870669,3.3689611082333772e-09,-5e-05,-5e-05,-24.162798391509284
37.84,0.9452796063606468,-0.001977883253942538,0.3955496441870669,1.2647437600316348e-09,-5e-05,-5e-05,-24.16053190425287
37.86,0.945239048709224,-0.002027882571136508,0.4055496441870669,6.828060302642385e-10,-5e-05,-5e-05,-24.158208121999383
37.88,0.9451974910496914,-0.002077882976629891,0.4155496441870669,-4.054933835607474e-10,-5e-05,-5e-05,-24.155827043501723
37.9,0.9451549333733594,-0.0021278838166006284,0.4255496441870669,-8.3997073707701e-10,-5e-05,-5e-05,-24.153388668262018
37.92,0.9451113756885171,-0.002177884242118642,0.43554964418706693,-4.2551801366522894e-10,-5e-05,-5e-05,-24.150892996755193
37.94,0.9450668179138225,-0.002227888734726817,0.44554964418706694,-4.492608174961997e-09,-5e-05,-5e-05,-24.148340024320696
37.96,0.9450212601079371,-0.0022778902942723832,0.45554964418706695,-1.5595455661613838e-09,-5e-05,-5e-05,-24.145729754319586
37.980000000000004,0.9449747023152304,-0.002327889635335521,0.46554964418706696,6.589368626217058e-10,-5e-05,-5e-05,-24.143062189294046
38.0,0.9449271444768607,-0.002377891918488337,0.47554964418706697,-2.283152816296392e-09,-5e-05,-5e-05,-24.140337325872697
38.02,0.9448785866826853,-0.0024278897087668507,0.485549644187067,2.209721486432316e-09,-5e-05,-5e-05,-24.137555169203985
38.04,0.9448290288800046,-0.002477890134033252,0.495549644187067,-4.252664011552051e-10,-5e-05,-5e-05,-24.13471571626844
38.06,0.9447784710535099,-0.0025278913247380533,0.5055496441870669,-1.1907048015939763e-09,-5e-05,-5e-05,-24.131818966188934
38.08,0.9447269131945748,-0.0025778929467527665,0.515549644187067,-1.6220147134106253e-09,-5e-05,-5e-05,-24.128864918471223
38.1,0.9446743552338962,-0.0026278980339310668,0.525549644187067,-5.0871783003254535e-09,-5e-05,-5e-05,-24.125853569144525
38.12,0.9446207972644545,-0.0026778984720856828,0.535549644187067,-4.381546161740503e-10,-5e-05,-5e-05,-24.122784923536223
38.14,0.9445662392875904,-0.002727898843200449,0.545549644187067,-3.711147662336518e-10,-5e-05,-5e-05,-24.11965898172314
38.160000000000004,0.9445106812765306,-0.002777900552993051,0.555549644187067,-1.7097926020215102e-09,-5e-05,-5e-05,-24.11647574217127
38.18,0.9444541232500244,-0.0028279013253092867,0.565549644187067,-7.72316235788332e-10,-5e-05,-5e-05,-24.11323520595488
38.2,0.9443965652516382,-0.002877899919314397,0.575549644187067,1.4059948897186714e-09,-5e-05,-5e-05,-24.109937375570127
38.22,0.9443380072015274,-0.002927902505540424,0.585549644187067,-2.5862260273889523e-09,-5e-05,-5e-05,-24.10658224644226
38.24,0.9442784492615602,-0.002977896998358745,0.595549644187067,5.507181679485504e-09,-5e-05,-5e-05,-24.10316982784565
38.26,0.9442178914566055,-0.0030278902477348583,0.605549644187067,6.750623886368594e-09,-5e-05,-5e-05,-24.099700121205167
38.28,0.9441563337480594,-0.0030778854273063616,0.615549644187067,4.8204284966825256e-09,-5e-05,-5e-05,-24.09617312430898
38.300000000000004,0.9440937760779845,-0.0031278835037447175,0.625549644187067,1.923561643997883e-09,-5e-05,-5e-05,-24.092588833837517
38.32,0.9440302184444969,-0.003177881674382305,0.635549644187067,1.8293624127421674e-09,-5e-05,-5e-05,-24.088947249682835
38.34,0.9439656608672174,-0.00322787886397137,0.6455496441870671,2.810410934619913e-09,-5e-05,-5e-05,-24.085248372969136
38.36,0.9439001032980203,-0.003277878459853877,0.6555496441870671,4.0411749325305504e-10,-5e-05,-5e-05,-24.081492200939003
38.38,0.9438335457410478,-0.003327877848626216,0.6655496441870671,6.112276607527394e-10,-5e-05,-5e-05,-24.077678733829778
38.4,0.9437659880376273,-0.003377885171024251,0.6755496441870671,-7.322398034862315e-09,-5e-05,-5e-05,-24.073807962550188
38.42,0.9436974302287842,-0.0034278904421600207,0.6855496441870671,-5.271135769824856e-09,-5e-05,-5e-05,-24.06987988945081
38.44,0.943627872412357,-0.0034778908213576095,0.6955496441870671,-3.7919758890143064e-10,-5e-05,-5e-05,-24.065894520137388
38.46,0.9435573145897609,-0.0035278911298045816,0.7055496441870671,-3.084469722464034e-10,-5e-05,-5e-05,-24.061851854690996
38.480000000000004,0.9434857567481008,-0.003577892083005281,0.7155496441870671,-9.532006994050615e-10,-5e-05,-5e-05,-24.057751892372806
38.5,0.9434131989230524,-0.003627891252418023,0.7255496441870671,8.30587258021691e-10,-5e-05,-5e-05,-24.053594635226887
38.52,0.9433396411529763,-0.0036778885038056546,0.7355496441870671,2.748612368296563e-09,-5e-05,-5e-05,-24.049380085451133
38.54,0.9432650834187737,-0.0037278867101290247,0.7455496441870672,1.7936766297162868e-09,-5e-05,-5e-05,-24.045108241951265
38.56,0.9431895256737858,-0.003777887249395805,0.7555496441870672,-5.392667800272231e-10,-5e-05,-5e-05,-24.040779102053932
38.58,0.9431129679879884,-0.003827884289867407,0.7655496441870672,2.9595283979078054e-09,-5e-05,-5e-05,-24.036392669768453
38.6,0.9430354102737218,-0.003877885713325558,0.7755496441870672,-1.4234581509982695e-09,-5e-05,-5e-05,-24.031948940072297
38.62,0.9429568524832074,-0.003927889525721501,0.7855496441870672,-3.81239594218361e-09,-5e-05,-5e-05,-24.027447910227945
38.64,0.9428772947447485,-0.003977886922945738,0.7955496441870672,2.6027757628321793e-09,-5e-05,-5e-05,-24.022889587586644
38.660000000000004,0.9427967370439849,-0.0040278850381766365,0.8055496441870672,1.8847691015964057e-09,-5e-05,-5e-05,-24.018273971325616
38.68,0.9427151793819984,-0.0040778830993264785,0.8155496441870672,1.9388501582453374e-09,-5e-05,-5e-05,-24.013601061506836
38.7,0.9426326216687619,-0.004127885661823672,0.8255496441870672,-2.5624971934936328e-09,-5e-05,-5e-05,-24.008870852972134
38.72,0.9425490641071461,-0.004177878080791615,0.8355496441870672,7.581032056859947e-09,-5e-05,-5e-05,-24.00408335734514
38.74,0.9424645066119719,-0.004227874758710208,0.8455496441870672,3.3220814075386753e-09,-5e-05,-5e-05,-23.99923856974546
38.76,0.9423789491124456,-0.004277874976318439,0.8555496441870672,-2.1760823158177472e-10,-5e-05,-5e-05,-23.99433648611691
38.78,0.9422923916390257,-0.004327873670994318,0.8655496441870673,1.3053241215653493e-09,-5e-05,-5e-05,-23.989377108204636
38.800000000000004,0.9422048341443945,-0.004377874731561847,0.8755496441870673,-1.060567529574532e-09,-5e-05,-5e-05,-23.984360433297528
38.82,0.9421162766579906,-0.004427874320193254,0.8855496441870673,4.1136859334951876e-10,-5e-05,-5e-05,-23.979286463082296
38.84,0.9420267191518646,-0.0044778753062965455,0.8955496441870673,-9.86103291427664e-10,-5e-05,-5e-05,-23.974155195957565
38.86,0.9419361616432018,-0.00452787543314025,0.9055496441870673,-1.268437046090765e-10,-5e-05,-5e-05,-23.968966632907964
38.88,0.9418446041192603,-0.004577876197074664,0.9155496441870673,-7.639344137792846e-10,-5e-05,-5e-05,-23.96372077320345
38.9,0.9417520466273143,-0.004627874597303949,0.9255496441870673,1.599770715024196e-09,-5e-05,-5e-05,-23.958417619552623
38.92,0.9416584891851972,-0.004677872105850711,0.9355496441870673,2.491453238638862e-09,-5e-05,-5e-05,-23.953057172977278
38.94,0.9415639316951616,-0.004727874501781376,0.9455496441870673,-2.395930664982213e-09,-5e-05,-5e-05,-23.947639427876886
38.96,0.9414683740571772,-0.004777881899219136,0.9555496441870673,-7.397437759837225e-09,-5e-05,-5e-05,-23.94216437852014
38.980000000000004,0.9413718164831368,-0.004827878702017104,0.9655496441870673,3.1972020317223483e-09,-5e-05,-5e-05,-23.936632037047605
39.0,0.941274258900219,-0.004877879145889819,0.9755496441870674,-4.4387271531116605e-10,-5e-05,-5e-05,-23.931042399286916
39.02,0.94117570127745,-0.004927881138452605,0.9855496441870674,-1.9925627855727737e-09,-5e-05,-5e-05,-23.92539546346341
39.04,0.9410761436404422,-0.004977881850386516,0.9955496441870674,-7.119339117974695e-10,-5e-05,-5e-05,-23.91969123104457
39.06,0.9409755859674916,-0.005027883647531449,1.0055496441870673,-1.7971449322637548e-09,-5e-05,-5e-05,-23.913929700786845
39.08,0.9408740283114831,-0.005077882800424585,1.0155496441870673,8.471068639500962e-10,-5e-05,-5e-05,-23.908110875720315
39.1,0.9407714705297618,-0.005127889086062754,1.0255496441870673,-6.28563816895116e-09,-5e-05,-5e-05,-23.90223474767146
39.12,0.9406679127396829,-0.005177889503947696,1.0355496441870673,-4.178849412024622e-10,-5e-05,-5e-05,-23.896301323364234
39.14,0.9405633550052684,-0.005227886720722299,1.0455496441870673,2.783225396769868e-09,-5e-05,-5e-05,-23.890310606466837
39.160000000000004,0.9404577972800371,-0.005277886261569042,1.0555496441870673,4.5915325613285397e-10,-5e-05,-5e-05,-23.88426259431608
39.18,0.9403512396154481,-0.005327883229448001,1.0655496441870673,3.0321210415637462e-09,-5e-05,-5e-05,-23.878157289860358
39.2,0.9402436818948106,-0.005377886031878225,1.0755496441870673,-2.8024302242933424e-09,-5e-05,-5e-05,-23.87199468641378
39.22,0.9401351241460606,-0.005427887437496551,1.0855496441870673,-1.405618326239059e-09,-5e-05,-5e-05,-23.865774785576967
39.24,0.9400255664605227,-0.005477884276892374,1.0955496441870674,3.160604176766734e-09,-5e-05,-5e-05,-23.859497592582425
39.26,0.9399150087305437,-0.005527886498953765,1.1055496441870674,-2.2220613908161488e-09,-5e-05,-5e-05,-23.85316310126208
39.28,0.9398034510537783,-0.005577883838271868,1.1155496441870674,2.6606818963272947e-09,-5e-05,-5e-05,-23.846771317211136
39.300000000000004,0.9396908933497256,-0.005627885202634462,1.1255496441870674,-1.3643625941233152e-09,-5e-05,-5e-05,-23.840322235817233
39.32,0.9395773356551723,-0.005677884727662912,1.1355496441870674,4.749715498776005e-10,-5e-05,-5e-05,-23.833815859188096
39.34,0.9394627779149464,-0.005727887011299155,1.1455496441870674,-2.2836362436830676e-09,-5e-05,-5e-05,-23.827252184162596
39.36,0.9393472201656965,-0.00577788746249588,1.1555496441870674,-4.511967242245085e-10,-5e-05,-5e-05,-23.820631212840546
39.38,0.9392306624200147,-0.0058278872840903445,1.1655496441870674,1.784055356711644e-10,-5e-05,-5e-05,-23.813952945943424
39.4,0.9391131047158187,-0.005877885209802885,1.1755496441870674,2.0742874587423092e-09,-5e-05,-5e-05,-23.80721738564374
39.42,0.938994547124834,-0.005927879549234924,1.1855496441870674,5.660567962072243e-09,-5e-05,-5e-05,-23.80042453605108
39.44,0.9388749896302658,-0.005977874728410234,1.1955496441870674,4.82082468903333e-09,-5e-05,-5e-05,-23.793574396203166
39.46,0.9387544322705242,-0.006027867987081507,1.2055496441870674,6.741328727658583e-09,-5e-05,-5e-05,-23.786666968300732
39.480000000000004,0.9386328749603458,-0.006077865508922346,1.2155496441870675,2.478159160739096e-09,-5e-05,-5e-05,-23.77970224745854
39.5,0.9385103176441806,-0.006127865808256603,1.2255496441870675,-2.993342563882033e-10,-5e-05,-5e-05,-23.772680230493826
39.52,0.9383867603741901,-0.006177863499520818,1.2355496441870675,2.3087357844710815e-09,-5e-05,-5e-05,-23.765600920395215
39.54,0.938262203115622,-0.0062278629284045865,1.2455496441870675,5.711162319867666e-10,-5e-05,-5e-05,-23.758464315171544
39.56,0.9381366458325008,-0.006277864156063381,1.2555496441870675,-1.22765879486466e-09,-5e-05,-5e-05,-23.751270412761567
39.58,0.9380100886100715,-0.006327861121461125,1.2655496441870675,3.034602256649638e-09,-5e-05,-5e-05,-23.744019218049473
39.6,0.9378825314231564,-0.006377859345758473,1.2755496441870675,1.775702651659267e-09,-5e-05,-5e-05,-23.736710729592673
39.62,0.9377539741308133,-0.0064278646171533746,1.2855496441870675,-5.271394901655648e-09,-5e-05,-5e-05,-23.729344939315784
39.64,0.9376244168170195,-0.006477865689693277,1.2955496441870675,-1.0725399020213141e-09,-5e-05,-5e-05,-23.72192185203035
39.660000000000004,0.9374938595171943,-0.006527864991258393,1.3055496441870675,6.984348838990839e-10,-5e-05,-5e-05,-23.71444146976574
39.68,0.9373623023164497,-0.006577860037231411,1.3155496441870675,4.9540269817598e-09,-5e-05,-5e-05,-23.706903797398517
39.7,0.9372297450951176,-0.006627861066603435,1.3255496441870676,-1.0293720241130365e-09,-5e-05,-5e-05,-23.69930882807221
39.72,0.9370961878036792,-0.006677864571916769,1.3355496441870676,-3.5053133338603344e-09,-5e-05,-5e-05,-23.69165655894959
39.74,0.9369616304473117,-0.006727867818374513,1.3455496441870676,-3.2464577447071274e-09,-5e-05,-5e-05,-23.683946990327296
39.76,0.9368260731932607,-0.006777862702552919,1.3555496441870676,5.115821595072425e-09,-5e-05,-5e-05,-23.676180131787792
39.78,0.9366895159513805,-0.006827862094010037,1.3655496441870676,6.085428813667727e-10,-5e-05,-5e-05,-23.668355978166108
39.800000000000004,0.9365519587414185,-0.006877860498099048,1.3755496441870676,1.595910990038383e-09,-5e-05,-5e-05,-23.66047453059369
39.82,0.9364134015346378,-0.0069278603390341,1.3855496441870676,1.5906494733697747e-10,-5e-05,-5e-05,-23.652535787424036
39.84,0.9362738443912637,-0.006977857168704324,1.3955496441870676,3.1703297769949984e-09,-5e-05,-5e-05,-23.644539752107796
39.86,0.9361332873213103,-0.0070278534976714775,1.4055496441870676,3.6710328464528547e-09,-5e-05,-5e-05,-23.63648642521874
39.88,0.9359917302484939,-0.007077853640819905,1.4155496441870676,-1.431484281071593e-10,-5e-05,-5e-05,-23.628375802386135
39.9,0.935849173201176,-0.007127852365896702,1.4255496441870676,1.2749232029148306e-09,-5e-05,-5e-05,-23.620207885234972
39.92,0.9357056161213368,-0.007177853991956231,1.4355496441870677,-1.6260595284850016e-09,-5e-05,-5e-05,-23.611982670440966
39.94,0.935561059014196,-0.007227855357045896,1.4455496441870677,-1.365089665449114e-09,-5e-05,-5e-05,-23.603700158303173
39.96,0.9354155019162308,-0.007277854898256801,1.4555496441870677,4.587890956171204e-10,-5e-05,-5e-05,-23.595360350911598
39.980000000000004,0.9352689448177751,-0.007327854922782072,1.4655496441870677,-2.4525271510327123e-11,-5e-05,-5e-05,-23.586963247712404
40.0,0.935121387755574,-0.007377853110059469,1.4755496441870677,1.8127226036873027e-09,-5e-05,-5e-05,-23.578508850810927
40.02,0.9349728307363222,-0.007427850962585737,1.4855496441870677,2.147473730999424e-09,-5e-05,-5e-05,-23.56999716059076
40.04,0.9348232737793061,-0.007477847850807322,1.4955496441870677,3.111778414818005e-09,-5e-05,-5e-05,-23.561428178156916
40.06,0.9346727168806165,-0.007527844934476979,1.5055496441870677,2.9163303432735436e-09,-5e-05,-5e-05,-23.552801903285424
40.08,0.9345211600112144,-0.007577843470099985,1.5155496441870677,1.4643769945202834e-09,-5e-05,-5e-05,-23.54411833431247
40.1,0.9343686031755819,-0.007627841781627328,1.5255496441870677,1.6884726568015067e-09,-5e-05,-5e-05,-23.535377471494854
40.12,0.9342150462762989,-0.007677844964147454,1.5355496441870677,-3.182520126651321e-09,-5e-05,-5e-05,-23.526579309250824
40.14,0.934060489374875,-0.007727845071200124,1.5455496441870678,-1.070526696858691e-10,-5e-05,-5e-05,-23.517723851104613
40.160000000000004,0.933904932487924,-0.0077778443475446475,1.5555496441870678,7.236554764982018e-10,-5e-05,-5e-05,-23.50881109800813
40.18,0.9337483756339947,-0.007827842696466575,1.5655496441870678,1.6510780727058541e-09,-5e-05,-5e-05,-23.499841051024134
40.2,0.9335908187848405,-0.007877842457707026,1.5755496441870678,2.3875954813999394e-10,-5e-05,-5e-05,-23.49081370853422
40.22,0.9334322619001902,-0.007927844232513973,1.5855496441870678,-1.7748069461201288e-09,-5e-05,-5e-05,-23.481729068231015
40.24,0.933272705024117,-0.007977843803661264,1.5955496441870678,4.288527085147537e-10,-5e-05,-5e-05,-23.472587132639724
40.26,0.9331121482119782,-0.00802784060693952,1.6055496441870678,3.196721743758105e-09,-5e-05,-5e-05,-23.463387904932098
40.28,0.9329505914615682,-0.008077837520496328,1.6155496441870678,3.0864431940017566e-09,-5e-05,-5e-05,-23.45413138498176
40.300000000000004,0.9327880347027061,-0.00812783794310724,1.6255496441870678,-4.2261091361186406e-10,-5e-05,-5e-05,-23.444817568767633
40.32,0.932624477895793,-0.00817784034565683,1.6355496441870678,-2.4025495896185413e-09,-5e-05,-5e-05,-23.435446454020873
40.34,0.9324599211244633,-0.00822783856648129,1.6455496441870678,1.7791755396588703e-09,-5e-05,-5e-05,-23.426018045533386
40.36,0.9322943644364278,-0.008277834401777632,1.6555496441870678,4.1647036584299575e-09,-5e-05,-5e-05,-23.416532346038785
40.38,0.9321278077448845,-0.008327834577166116,1.6655496441870679,-1.7538848497827139e-10,-5e-05,-5e-05,-23.40698935056369
40.4,0.9319602510718716,-0.008377833650642525,1.6755496441870679,9.265235911832114e-10,-5e-05,-5e-05,-23.397389060370802
40.42,0.9317916943608956,-0.00842783554880465,1.6855496441870679,-1.898162123651206e-09,-5e-05,-5e-05,-23.38773147222327
40.44,0.9316221376684091,-0.008477834624326375,1.6955496441870679,9.244782740997781e-10,-5e-05,-5e-05,-23.378016589355592
40.46,0.9314515809763101,-0.008527834604950187,1.705549644187068,1.9376189143963062e-11,-5e-05,-5e-05,-23.36824441073061
40.480000000000004,0.9312800242794389,-0.008577834843562188,1.715549644187068,-2.3861200085778514e-10,-5e-05,-5e-05,-23.358414936052686
40.5,0.9311074675781404,-0.008627835064923033,1.725549644187068,-2.213608445444772e-10,-5e-05,-5e-05,-23.348528165341584
40.52,0.9309339108953212,-0.008677834140965884,1.735549644187068,9.239571494057525e-10,-5e-05,-5e-05,-23.33858409990975
40.54,0.930759354133893,-0.008727838071411516,1.745549644187068,-3.930445632374864e-09,-5e-05,-5e-05,-23.32858273419444
40.56,0.9305837974446354,-0.008777834462880479,1.755549644187068,3.608531037336507e-09,-5e-05,-5e-05,-23.31852407683469
40.58,0.9304072406996604,-0.00882783724874829,1.765549644187068,-2.7858678109794323e-09,-5e-05,-5e-05,-23.30840812050306
40.6,0.9302296840217029,-0.008877833897872226,1.775549644187068,3.3508760636796833e-09,-5e-05,-5e-05,-23.29823487223173
40.62,0.9300511273907047,-0.008927831549911076,1.785549644187068,2.3479611502082847e-09,-5e-05,-5e-05,-23.28800433087146
40.64,0.9298715707819393,-0.008977830438271954,1.795549644187068,1.1116391205247602e-09,-5e-05,-5e-05,-23.277716495005517
40.660000000000004,0.9296910141456559,-0.009027831814168644,1.805549644187068,-1.3758966888460575e-09,-5e-05,-5e-05,-23.267371361783404
40.68,0.9295094575137283,-0.009077831596381841,1.815549644187068,2.17786803203207e-10,-5e-05,-5e-05,-23.256968933031338
40.7,0.9293269008306374,-0.009127834154543598,1.825549644187068,-2.5581617569733066e-09,-5e-05,-5e-05,-23.246509205568323
40.72,0.9291433441247992,-0.009177835291911437,1.835549644187068,-1.1373678381040097e-09,-5e-05,-5e-05,-23.235992181022468
40.74,0.9289587874066513,-0.009227835907391095,1.845549644187068,-6.154796578488686e-10,-5e-05,-5e-05,-23.225417859991808
40.76,0.928773230642019,-0.009277838231614504,1.855549644187068,-2.3242234086529427e-09,-5e-05,-5e-05,-23.21478624051828
40.78,0.9285866737723648,-0.009327843482706762,1.865549644187068,-5.251092258658191e-09,-5e-05,-5e-05,-23.20409731924792
40.800000000000004,0.9283991169654436,-0.009377840346059152,1.875549644187068,3.136647610386387e-09,-5e-05,-5e-05,-23.193351105792388
40.82,0.9282105601652587,-0.009427840009247051,1.885549644187068,3.368121013234765e-10,-5e-05,-5e-05,-23.182547596943298
40.84,0.9280210033577971,-0.009477840373077466,1.895549644187068,-3.638304154361354e-10,-5e-05,-5e-05,-23.171686791897777
40.86,0.9278304465525409,-0.009527840262811551,1.905549644187068,1.1026591406412074e-10,-5e-05,-5e-05,-23.160768691199095
40.88,0.9276388896586482,-0.009577844694637839,1.915549644187068,-4.431826286762246e-09,-5e-05,-5e-05,-23.14979328964241
40.9,0.9274463327651747,-0.009627844673673266,1.925549644187068,2.096457233229033e-11,-5e-05,-5e-05,-23.138760592330232
40.92,0.9272527758492078,-0.009677845798345672,1.935549644187068,-1.124672404442148e-09,-5e-05,-5e-05,-23.12767059794976
40.94,0.927058218935069,-0.009727845706943428,1.945549644187068,9.140224346116048e-11,-5e-05,-5e-05,-23.116523307894518
40.96,0.9268626619925603,-0.009777847125438176,1.9555496441870681,-1.4184947493040443e-09,-5e-05,-5e-05,-23.105318720434283
40.980000000000004,0.9266661050690381,-0.00982784617611061,1.9655496441870681,9.49327567128147e-10,-5e-05,-5e-05,-23.094056838282388
41.0,0.9264685482446116,-0.00987784122132719,1.9755496441870681,4.9547834208073395e-09,-5e-05,-5e-05,-23.082737666028738
41.02,0.9262699913980272,-0.009927842329214372,1.9855496441870681,-1.1078871824431595e-09,-5e-05,-5e-05,-23.07136119672603
41.04,0.9260704345748834,-0.009977841157194122,1.9955496441870682,1.1720202496705585e-09,-5e-05,-5e-05,-23.059927432986846
41.06,0.9258698778395903,-0.01002783676465573,2.005549644187068,4.392538391790246e-09,-5e-05,-5e-05,-23.048436378501634
41.08,0.9256683211464317,-0.010077834657927973,2.0155496441870677,2.1067277552524727e-09,-5e-05,-5e-05,-23.03688803065103
41.1,0.9254657644078891,-0.010127836927131506,2.0255496441870675,-2.269203532764591e-09,-5e-05,-5e-05,-23.025282384420606
41.12,0.9252622077785558,-0.0101778314666623,2.0355496441870673,5.460469206331484e-09,-5e-05,-5e-05,-23.0136194486679
41.14,0.9250576511279633,-0.01022783252962279,2.045549644187067,-1.062960488211596e-09,-5e-05,-5e-05,-23.001899215917618
41.160000000000004,0.9248520944573805,-0.010277833529142466,2.055549644187067,-9.995196762250323e-10,-5e-05,-5e-05,-22.99012168624246
41.18,0.9246455378183528,-0.010327831951387194,2.0655496441870667,1.5777552727072901e-09,-5e-05,-5e-05,-22.978286862595766
41.2,0.9244379812105444,-0.010377830390417727,2.0755496441870664,1.5609694665476337e-09,-5e-05,-5e-05,-22.966394744958297
41.22,0.924229424676894,-0.010427826682525941,2.0855496441870662,3.707891785715996e-09,-5e-05,-5e-05,-22.954445335790243
41.24,0.9240198682036783,-0.01047782366078268,2.095549644187066,3.02174326167426e-09,-5e-05,-5e-05,-22.942438634305343
41.26,0.9238093116845584,-0.010527825955995376,2.105549644187066,-2.2952126969608574e-09,-5e-05,-5e-05,-22.930374634410803
41.28,0.9235977552039311,-0.010577824031363882,2.1155496441870656,1.924631494414433e-09,-5e-05,-5e-05,-22.91825334094222
41.300000000000004,0.9233851987002867,-0.010627825182221176,2.1255496441870654,-1.1508572940237796e-09,-5e-05,-5e-05,-22.90607475037534
41.32,0.9231716421978977,-0.010677825119447733,2.135549644187065,6.277344239806634e-11,-5e-05,-5e-05,-22.893838864100875
41.34,0.9229570856991557,-0.01072782493710145,2.145549644187065,1.8234628286744607e-10,-5e-05,-5e-05,-22.88154568225585
41.36,0.9227415292228784,-0.0107778238138625,2.1555496441870647,1.1232389499507257e-09,-5e-05,-5e-05,-22.869195205918455
41.38,0.922524972745565,-0.01082782386567164,2.1655496441870645,-5.180914037760974e-11,-5e-05,-5e-05,-22.856787433742173
41.4,0.9223074163199921,-0.010877821278644019,2.1755496441870643,2.587027621710031e-09,-5e-05,-5e-05,-22.844322368750895
41.42,0.9220888600089407,-0.010927815552568821,2.185549644187064,5.726075197164949e-09,-5e-05,-5e-05,-22.831800014541702
41.44,0.9218693037305703,-0.010977813918522669,2.195549644187064,1.6340461524769081e-09,-5e-05,-5e-05,-22.819220366425476
41.46,0.9216487474506418,-0.011027813996424463,2.2055496441870637,-7.790179322571368e-11,-5e-05,-5e-05,-22.80658342244047
41.480000000000004,0.9214271911858807,-0.011077813238057371,2.2155496441870635,7.583670924825194e-10,-5e-05,-5e-05,-22.793889183544973
41.5,0.9212046349381244,-0.011127812387810729,2.2255496441870632,8.502466416874374e-10,-5e-05,-5e-05,-22.781137649844272
41.52,0.920981078740649,-0.011177809873770428,2.235549644187063,2.5140403013831215e-09,-5e-05,-5e-05,-22.76832882324494
41.54,0.9207565225640622,-0.01122780882934342,2.245549644187063,1.044427008329506e-09,-5e-05,-5e-05,-22.755462702062918
41.56,0.9205309663328528,-0.011277811560466311,2.2555496441870626,-2.731122891511074e-09,-5e-05,-5e-05,-22.742539281971744
41.58,0.9203044102606938,-0.011327803607950913,2.2655496441870624,7.952515398662798e-09,-5e-05,-5e-05,-22.729558575213968
41.6,0.920076854203974,-0.011377802835990254,2.275549644187062,7.719606591994509e-10,-5e-05,-5e-05,-22.716520573561287
41.62,0.9198482980113111,-0.011427809633147322,2.285549644187062,-6.797157067091316e-09,-5e-05,-5e-05,-22.703425268340123
41.64,0.9196187417422697,-0.01147781345207013,2.2955496441870618,-3.818922807605581e-09,-5e-05,-5e-05,-22.69027266296328
41.660000000000004,0.9193881854711238,-0.01152781355729188,2.3055496441870615,-1.0522175172239709e-10,-5e-05,-5e-05,-22.677062761686347
41.68,0.9191566292427443,-0.011577811418970163,2.3155496441870613,2.138321718647906e-09,-5e-05,-5e-05,-22.663795567080236
41.7,0.9189240731013565,-0.011627807069392244,2.325549644187061,4.349577918259737e-09,-5e-05,-5e-05,-22.650471081678866
41.72,0.9186905169454929,-0.011677807793181547,2.335549644187061,-7.237893022067089e-10,-5e-05,-5e-05,-22.63708929966858
41.74,0.9184559608176608,-0.011727806391602815,2.3455496441870607,1.4015787323994555e-09,-5e-05,-5e-05,-22.623650223484873
41.76,0.9182204047171558,-0.011777805025250228,2.3555496441870605,1.3663525865527152e-09,-5e-05,-5e-05,-22.61015385308738
41.78,0.917983848554349,-0.011827808140341086,2.3655496441870603,-3.1150908591383267e-09,-5e-05,-5e-05,-22.596600183340737
41.800000000000004,0.9177462924518561,-0.01187780512464288,2.37554964418706,3.015698206345902e-09,-5e-05,-5e-05,-22.582989221270317
41.82,0.9175077363643249,-0.011927804376562582,2.38554964418706,7.480802969967363e-10,-5e-05,-5e-05,-22.569320964277626
41.84,0.9172681803596209,-0.01197780023520173,2.3955496441870596,4.141360851554282e-09,-5e-05,-5e-05,-22.55559541625107
41.86,0.9170276243401606,-0.012027800973011296,2.4055496441870594,-7.378095663353278e-10,-5e-05,-5e-05,-22.54181257159953
41.88,0.9167860683867491,-0.012077797670573648,2.415549644187059,3.302437648352049e-09,-5e-05,-5e-05,-22.527972434952794
41.9,0.9165435124678661,-0.01212779594414911,2.425549644187059,1.7264245380611774e-09,-5e-05,-5e-05,-22.51407500450488
41.92,0.9162999565732254,-0.012177794732038377,2.4355496441870588,1.2121107337380242e-09,-5e-05,-5e-05,-22.500120279666433
41.94,0.9160554005605756,-0.012227800632492184,2.4455496441870586,-5.900453807657413e-09,-5e-05,-5e-05,-22.486108252287046
41.96,0.9158098445348353,-0.012277801287015645,2.4555496441870583,-6.545234612377557e-10,-5e-05,-5e-05,-22.472038928378122
41.980000000000004,0.9155632885720034,-0.01232779814159293,2.465549644187058,3.145422715207674e-09,-5e-05,-5e-05,-22.457912312294074
42.0,0.9153157326470338,-0.012377796248481844,2.475549644187058,1.8931110840933733e-09,-5e-05,-5e-05,-22.44372840259986
42.02,0.9150671766046844,-0.012427802117469237,2.4855496441870577,-5.868987392853316e-09,-5e-05,-5e-05,-22.429487190400764
42.04,0.9148176204792232,-0.012477806273058565,2.4955496441870575,-4.15558932695872e-09,-5e-05,-5e-05,-22.4151886776602
42.06,0.9145670643437608,-0.012527806773123304,2.5055496441870573,-5.000647392649804e-10,-5e-05,-5e-05,-22.400832868567093
42.08,0.9143155081903074,-0.012577807672667935,2.515549644187057,-8.995446319819696e-10,-5e-05,-5e-05,-22.386419762663667
42.1,0.9140629520870855,-0.01262780516109309,2.525549644187057,2.511574845196502e-09,-5e-05,-5e-05,-22.371949363858786
42.12,0.9138093961000164,-0.012677799353455723,2.5355496441870566,5.807637366188866e-09,-5e-05,-5e-05,-22.357421675929455
42.14,0.9135548401281914,-0.012727798591247189,2.5455496441870564,7.62208534153814e-10,-5e-05,-5e-05,-22.34283669309403
42.160000000000004,0.9132992842089533,-0.012777795961902701,2.555549644187056,2.629344487348651e-09,-5e-05,-5e-05,-22.3281944174921
42.18,0.9130427283238958,-0.01282779425288149,2.565549644187056,1.7090212115464178e-09,-5e-05,-5e-05,-22.31349484806906
42.2,0.9127851723728918,-0.012877797550196936,2.575549644187056,-3.297315446840234e-09,-5e-05,-5e-05,-22.298737979088052
42.22,0.9125266164703777,-0.01292779512570778,2.5855496441870556,2.4244891571647067e-09,-5e-05,-5e-05,-22.283923817105798
42.24,0.9122670606019234,-0.012977793422713818,2.5955496441870554,1.7029939616825675e-09,-5e-05,-5e-05,-22.269052361295515
42.26,0.9120065046942877,-0.01302779538178781,2.605549644187055,-1.9590739916056967e-09,-5e-05,-5e-05,-22.254123607460787
42.28,0.9117449487229647,-0.013077798566148395,2.615549644187055,-3.184360586038803e-09,-5e-05,-5e-05,-22.239137554197537
42.300000000000004,0.9114823926947249,-0.013127801411995148,2.6255496441870547,-2.845846752687638e-09,-5e-05,-5e-05,-22.224094201893674
42.32,0.9112188366680082,-0.013177801335833053,2.6355496441870545,7.616209388808216e-11,-5e-05,-5e-05,-22.208993553897574
42.34,0.9109542806542799,-0.01322780068641387,2.6455496441870543,6.494191842195552e-10,-5e-05,-5e-05,-22.193835610866135
42.36,0.9106887245893673,-0.013277803245626284,2.655549644187054,-2.5592124153141545e-09,-5e-05,-5e-05,-22.178620369122545
42.38,0.9104221684860556,-0.013327805165584516,2.665549644187054,-1.9199582324616405e-09,-5e-05,-5e-05,-22.16334782939933
42.4,0.9101546124069005,-0.013377803957755438,2.6755496441870537,1.2078290789662823e-09,-5e-05,-5e-05,-22.148017995280675
42.42,0.9098860562958718,-0.013427805551437017,2.6855496441870534,-1.5936815779228128e-09,-5e-05,-5e-05,-22.132630863556283
42.44,0.909616500146776,-0.013477807454793829,2.6955496441870532,-1.903356812222721e-09,-5e-05,-5e-05,-22.117186433871293
42.46,0.9093459440236225,-0.013527806157677312,2.705549644187053,1.297116517357885e-09,-5e-05,-5e-05,-22.101684709893174
42.480000000000004,0.9090743878575381,-0.013577808304218534,2.715549644187053,-2.146541223014232e-09,-5e-05,-5e-05,-22.08612568767579
42.5,0.908801831592926,-0.013627813230604236,2.7255496441870526,-4.926385701008007e-09,-5e-05,-5e-05,-22.070509364033665
42.52,0.9085282753203234,-0.013677813630129838,2.7355496441870524,-3.9952560097451876e-10,-5e-05,-5e-05,-22.054835744154207
42.54,0.908253719043589,-0.01372781383672502,2.745549644187052,-2.0659518167496694e-10,-5e-05,-5e-05,-22.039104828258495
42.56,0.9079781627768178,-0.013777813338561014,2.755549644187052,4.981640048276434e-10,-5e-05,-5e-05,-22.023316617154123
42.58,0.9077016065077502,-0.013827813453374992,2.7655496441870517,-1.1481397702081342e-10,-5e-05,-5e-05,-22.00747111013867
42.6,0.9074240502483701,-0.013877812969005457,2.7755496441870515,4.843695341772588e-10,-5e-05,-5e-05,-21.991568307898753
42.62,0.907145494064816,-0.013927809177702663,2.7855496441870513,3.791302795341987e-09,-5e-05,-5e-05,-21.97560821422383
42.64,0.9068659377826762,-0.013977814106993919,2.795549644187051,-4.929291256293912e-09,-5e-05,-5e-05,-21.95959081912085
42.660000000000004,0.9065853815651548,-0.014027810876074085,2.805549644187051,3.2309198345736873e-09,-5e-05,-5e-05,-21.94351613194072
42.68,0.9063038253531515,-0.014077810600166055,2.8155496441870507,2.759080293713035e-10,-5e-05,-5e-05,-21.927384149297236
42.7,0.9060212691628133,-0.01412780951690845,2.8255496441870505,1.0832576054256e-09,-5e-05,-5e-05,-21.91119487211557
42.72,0.9057377130297217,-0.014177806654579036,2.8355496441870502,2.8623294145226845e-09,-5e-05,-5e-05,-21.89494830243437
42.74,0.9054531568537385,-0.014227808799160564,2.84554964418705,-2.144581528528071e-09,-5e-05,-5e-05,-21.878644434516147
42.76,0.905167600661039,-0.014277809634976211,2.85554964418705,-8.358156475958405e-10,-5e-05,-5e-05,-21.86228326986064
42.78,0.9048810444085988,-0.014327812622005881,2.8655496441870496,-2.9870296702143346e-09,-5e-05,-5e-05,-21.845864806002737
42.800000000000004,0.9045934881412665,-0.014377813366616914,2.8755496441870494,-7.446110328591866e-10,-5e-05,-5e-05,-21.829389045512055
42.82,0.9043049318632901,-0.014427813898818859,2.885549644187049,-5.32201945700193e-10,-5e-05,-5e-05,-21.812855988632005
42.84,0.9040153755901607,-0.014477813656468958,2.895549644187049,2.4234990144189887e-10,-5e-05,-5e-05,-21.79626563625015
42.86,0.9037248193889271,-0.01452781006167432,2.9055496441870488,3.5947946370686644e-09,-5e-05,-5e-05,-21.779617992208117
42.88,0.9034332632099283,-0.01457780894994162,2.9155496441870485,1.1117327010290696e-09,-5e-05,-5e-05,-21.762913053660526
42.9,0.9031407071450127,-0.014627803245780108,2.9255496441870483,5.704161512027567e-09,-5e-05,-5e-05,-21.746150825869904
42.92,0.9028471510429125,-0.014677805105013805,2.935549644187048,-1.859233697983143e-09,-5e-05,-5e-05,-21.72933130016925
42.94,0.9025525949628258,-0.014727804004333257,2.945549644187048,1.1006805483934938e-09,-5e-05,-5e-05,-21.712454479950363
42.96,0.9022570389008177,-0.014777803100407093,2.9555496441870477,9.039261627954629e-10,-5e-05,-5e-05,-21.69552036498779
42.980000000000004,0.9019604828531919,-0.01482780238128796,2.9655496441870475,7.191191324937563e-10,-5e-05,-5e-05,-21.67852895506975
43.0,0.9016629267989767,-0.014877802710757206,2.9755496441870473,-3.2946924428868966e-10,-5e-05,-5e-05,-21.66148024899466
43.02,0.9013643706686892,-0.014927806514374293,2.985549644187047,-3.803617087446956e-09,-5e-05,-5e-05,-21.644374242781428
43.04,0.9010648144847768,-0.014977809195620239,2.995549644187047,-2.6812459455732817e-09,-5e-05,-5e-05,-21.627210937716203
43.06,0.9007642583304436,-0.01502780771665976,3.0055496441870466,1.4789604789121066e-09,-5e-05,-5e-05,-21.609990338566227
43.08,0.900462702201659,-0.015077806439227584,3.0155496441870464,1.2774321766243708e-09,-5e-05,-5e-05,-21.592712445100567
43.1,0.9001601460814874,-0.01512780600857932,3.025549644187046,4.306482632182086e-10,-5e-05,-5e-05,-21.57537725634888
43.12,0.8998565899566506,-0.015177806241841379,3.035549644187046,-2.3326205817046483e-10,-5e-05,-5e-05,-21.557984771550387
43.14,0.8995520337312207,-0.01522781127149487,3.0455496441870458,-5.029653492592971e-09,-5e-05,-5e-05,-21.54053498520882
43.160000000000004,0.8992464775054395,-0.015277811289060273,3.0555496441870456,-1.7565401340352515e-11,-5e-05,-5e-05,-21.523027903067607
43.18,0.8989399212464446,-0.015327812949746923,3.0655496441870453,-1.6606866502916117e-09,-5e-05,-5e-05,-21.50546352324388
43.2,0.8986323650591168,-0.015377809366391883,3.075549644187045,3.583355040826098e-09,-5e-05,-5e-05,-21.48784185174686
43.22,0.8983238088837007,-0.015427808770808144,3.085549644187045,5.955837384500272e-10,-5e-05,-5e-05,-21.47016288515282
43.24,0.8980142526814171,-0.015477810114179777,3.0955496441870447,-1.3433716318027813e-09,-5e-05,-5e-05,-21.452426621239873
43.26,0.8977036964931528,-0.015527809413214973,3.1055496441870445,7.009648038853475e-10,-5e-05,-5e-05,-21.43463306235066
43.28,0.8973921404283568,-0.015577803239800864,3.1155496441870443,6.173414109066219e-09,-5e-05,-5e-05,-21.416782214756143
43.300000000000004,0.8970795843562492,-0.015627803605376675,3.125549644187044,-3.655758107339136e-10,-5e-05,-5e-05,-21.398874070963192
43.32,0.8967660283497891,-0.015677800323002665,3.135549644187044,3.282374010338388e-09,-5e-05,-5e-05,-21.380908635152053
43.34,0.8964514724112228,-0.01572779692831446,3.1455496441870436,3.3946882056635276e-09,-5e-05,-5e-05,-21.362885907451425
43.36,0.89613591642994,-0.01577779906414179,3.1555496441870434,-2.135827333048229e-09,-5e-05,-5e-05,-21.344805881523808
43.38,0.8958193605170932,-0.015827795642336474,3.165549644187043,3.4218053169218083e-09,-5e-05,-5e-05,-21.32666856373778
43.4,0.8955018046042554,-0.015877795641889333,3.175549644187043,4.4714135492574465e-13,-5e-05,-5e-05,-21.30847395017275
43.42,0.8951832486415431,-0.015927798135619044,3.185549644187043,-2.493729710593911e-09,-5e-05,-5e-05,-21.290222037970604
43.44,0.8948636926383714,-0.01597780015858372,3.1955496441870426,-2.022964676377315e-09,-5e-05,-5e-05,-21.2719128276708
43.46,0.8945431367186324,-0.01602779598694902,3.2055496441870424,4.171634699476486e-09,-5e-05,-5e-05,-21.25354632637182
43.480000000000004,0.8942215807792864,-0.016077796967299954,3.215549644187042,-9.803509332342158e-10,-5e-05,-5e-05,-21.235122528169928
43.5,0.8938990248905734,-0.016127794435648823,3.225549644187042,2.531651131945238e-09,-5e-05,-5e-05,-21.21664143708958
43.52,0.8935754690225892,-0.016177793399208558,3.2355496441870417,1.0364402647588825e-09,-5e-05,-5e-05,-21.198103051417398
43.54,0.8932509131667249,-0.016227792793218326,3.2455496441870415,6.059902329016054e-10,-5e-05,-5e-05,-21.179507370660115
43.56,0.8929253573841238,-0.01627778913005505,3.2555496441870413,3.6631632763440694e-09,-5e-05,-5e-05,-21.160854398320996
43.58,0.8925988016225175,-0.016327788080314796,3.265549644187041,1.0497402547180087e-09,-5e-05,-5e-05,-21.14214413140527
43.6,0.8922712458125105,-0.016377790500351354,3.275549644187041,-2.4200365564765264e-09,-5e-05,-5e-05,-21.123376565936884
43.62,0.8919426899974207,-0.016427790754489992,3.2855496441870407,-2.5413863861553556e-10,-5e-05,-5e-05,-21.104551704397753
43.64,0.8916131342358261,-0.01647778807972741,3.2955496441870404,2.6747625827870993e-09,-5e-05,-5e-05,-21.085669550144168
43.660000000000004,0.8912825784665245,-0.016527788465080455,3.3055496441870402,-3.8535304573649736e-10,-5e-05,-5e-05,-21.066730099669485
43.68,0.8909510226641816,-0.01657779011714552,3.31554964418704,-1.6520650643432882e-09,-5e-05,-5e-05,-21.04773335152216
43.7,0.8906184668691317,-0.016627789752491347,3.32554964418704,3.646541724945603e-10,-5e-05,-5e-05,-21.028679308013185
43.72,0.8902849111079861,-0.016677788057277584,3.3355496441870396,1.6952137625378166e-09,-5e-05,-5e-05,-21.00956797066727
43.74,0.8899503552689948,-0.0167277919495673,3.3455496441870394,-3.892289715880987e-09,-5e-05,-5e-05,-20.99039933308161
43.76,0.8896147994759749,-0.01677778965099665,3.355549644187039,2.2985706485760103e-09,-5e-05,-5e-05,-20.971173402350402
43.78,0.889278243732001,-0.016827787198694634,3.365549644187039,2.45230201719582e-09,-5e-05,-5e-05,-20.951890178649816
43.800000000000004,0.8889406880497331,-0.01687778411339675,3.3755496441870387,3.0852978824724926e-09,-5e-05,-5e-05,-20.932549662705206
43.82,0.8886021323420794,-0.016927785382686716,3.3855496441870385,-1.269289964605021e-09,-5e-05,-5e-05,-20.91315184952658
43.84,0.888262576649077,-0.016977784650120793,3.3955496441870383,7.3256592164244e-10,-5e-05,-5e-05,-20.893696741407908
43.86,0.8879220209999484,-0.017027782456429743,3.405549644187038,2.1936910515948303e-09,-5e-05,-5e-05,-20.8741843400235
43.88,0.8875804653538796,-0.01707778230344348,3.415549644187038,1.5298626380374798e-10,-5e-05,-5e-05,-20.85461464303489
43.9,0.8872379098122801,-0.01712777707997122,3.4255496441870377,5.223472256096244e-09,-5e-05,-5e-05,-20.834987656252423
43.92,0.8868943542820288,-0.017177776512564785,3.4355496441870375,5.674064360257648e-10,-5e-05,-5e-05,-20.815303374340644
43.94,0.8865497987692896,-0.017227775636956558,3.4455496441870372,8.756082267990829e-10,-5e-05,-5e-05,-20.795561797652724
43.96,0.8862042432615732,-0.01727777538581932,3.455549644187037,2.511372370183125e-10,-5e-05,-5e-05,-20.77576292547307
43.980000000000004,0.8858576877488424,-0.017327775636539453,3.465549644187037,-2.5072013186717505e-10,-5e-05,-5e-05,-20.755906757226604
44.0,0.8855101322462205,-0.017377775131094435,3.4755496441870366,5.054450183599712e-10,-5e-05,-5e-05,-20.735993293779824
44.02,0.8851615767246486,-0.01742777607859846,3.4855496441870364,-9.475040238384469e-10,-5e-05,-5e-05,-20.71602253346777
44.04,0.8848120211567858,-0.01747777839313733,3.495549644187036,-2.314538869328194e-09,-5e-05,-5e-05,-20.695994474723932
44.06,0.8844614654132458,-0.01752778717700026,3.505549644187036,-8.783862930303612e-09,-5e-05,-5e-05,-20.67590911013502
44.08,0.8841099096481585,-0.017577788254365664,3.5155496441870357,-1.0773654019646517e-09,-5e-05,-5e-05,-20.655766448532024
44.1,0.8837573539081889,-0.017627786998482654,3.5255496441870355,1.2558830118737266e-09,-5e-05,-5e-05,-20.635566492588655
44.12,0.8834037981592849,-0.01767778744519552,3.5355496441870353,-4.4671286724816456e-10,-5e-05,-5e-05,-20.61530924035387
44.14,0.8830492424199532,-0.017727786966586372,3.545549644187035,4.786091472736795e-10,-5e-05,-5e-05,-20.594994692888022
44.160000000000004,0.8826936867042526,-0.017777785785029948,3.555549644187035,1.1815564258970463e-09,-5e-05,-5e-05,-20.574622850996626
44.18,0.882337131002078,-0.017827785108732622,3.5655496441870347,6.762973246332545e-10,-5e-05,-5e-05,-20.5541937141007
44.2,0.8819795753976732,-0.01787778022024065,3.5755496441870345,4.8884919714963e-09,-5e-05,-5e-05,-20.533707287027056
44.22,0.8816210196440485,-0.0179277876812373,3.5855496441870343,-7.460996646853208e-09,-5e-05,-5e-05,-20.513163555624224
44.24,0.8812614638738413,-0.017977788510356817,3.595549644187034,-8.291195159887612e-10,-5e-05,-5e-05,-20.492562527491778
44.26,0.8809009080001848,-0.018027793682821185,3.605549644187034,-5.1724643692513134e-09,-5e-05,-5e-05,-20.47190419765261
44.28,0.8805393520859136,-0.01807779571356268,3.6155496441870336,-2.0307414916511375e-09,-5e-05,-5e-05,-20.451188569706872
44.300000000000004,0.8801767961253453,-0.01812779802841651,3.6255496441870334,-2.31485382971166e-09,-5e-05,-5e-05,-20.430415643328995
44.32,0.879813240265403,-0.018177792997117175,3.635549644187033,5.031299334751435e-09,-5e-05,-5e-05,-20.409585426937053
44.34,0.8794486843792008,-0.01822779431010976,3.645549644187033,-1.3129925839178048e-09,-5e-05,-5e-05,-20.388697913261016
44.36,0.879083128555341,-0.018277791192990618,3.6555496441870328,3.1171191414206103e-09,-5e-05,-5e-05,-20.36775310737742
44.38,0.8787165727306854,-0.018327791232781207,3.6655496441870326,-3.979059039658229e-11,-5e-05,-5e-05,-20.346751005668718
44.4,0.8783490168905678,-0.018377792005880127,3.6755496441870323,-7.730989190997315e-10,-5e-05,-5e-05,-20.325691607294594
44.42,0.8779804610258277,-0.018427793237005087,3.685549644187032,-1.2311249600086043e-09,-5e-05,-5e-05,-20.304574911730196
44.44,0.8776109051989399,-0.018477791344390253,3.695549644187032,1.892614834182692e-09,-5e-05,-5e-05,-20.283400922555057
44.46,0.8772403494235528,-0.01852778876935775,3.7055496441870317,2.575032501545949e-09,-5e-05,-5e-05,-20.262169640551175
44.480000000000004,0.8768687936159203,-0.018577790381624187,3.7155496441870315,-1.6122664378099543e-09,-5e-05,-5e-05,-20.24088106092026
44.5,0.8764962377908408,-0.018627791253969694,3.7255496441870313,-8.723455063481272e-10,-5e-05,-5e-05,-20.219535184510192
44.52,0.8761226821256272,-0.018677783260687125,3.735549644187031,7.993282568479528e-09,-5e-05,-5e-05,-20.198132021480248
44.54,0.8757481264206206,-0.018727785250326593,3.745549644187031,-1.989639467697708e-09,-5e-05,-5e-05,-20.176671560390826
44.56,0.8753725707435468,-0.018777783853690614,3.7555496441870306,1.3966359797055627e-09,-5e-05,-5e-05,-20.155153805122318
44.58,0.8749960151119422,-0.018827781580228135,3.7655496441870304,2.2734624797995617e-09,-5e-05,-5e-05,-20.133578756679494
44.6,0.8746184593666418,-0.018877787265019444,3.77554964418703,-5.684791309290165e-09,-5e-05,-5e-05,-20.111946405942863
44.62,0.8742399035712547,-0.018927789769355264,3.78554964418703,-2.5043358195513675e-09,-5e-05,-5e-05,-20.09025675655696
44.64,0.8738603477954214,-0.01897778879166327,3.79554964418703,9.776919949857e-10,-5e-05,-5e-05,-20.068509812511902
44.660000000000004,0.8734797920770083,-0.019027785920657143,3.8055496441870296,2.8710061252369413e-09,-5e-05,-5e-05,-20.046705575977263
44.68,0.8730982363497749,-0.01907778636167203,3.8155496441870294,-4.410148844710379e-10,-5e-05,-5e-05,-20.024844043157742
44.7,0.8727156807070355,-0.019127782136970705,3.825549644187029,4.224701321818905e-09,-5e-05,-5e-05,-20.002925219399863
44.72,0.872332125086386,-0.019177781032476037,3.835549644187029,1.1044946675283296e-09,-5e-05,-5e-05,-19.980949101128125
44.74,0.8719475694562167,-0.01922778150847017,3.8455496441870287,-4.759941342969854e-10,-5e-05,-5e-05,-19.958915686531427
44.76,0.871562013797517,-0.019277782934985044,3.8555496441870285,-1.4265148717883784e-09,-5e-05,-5e-05,-19.936824974520547
44.78,0.8711754581805861,-0.019327780846542523,3.8655496441870283,2.088442522424571e-09,-5e-05,-5e-05,-19.91467696912333
44.800000000000004,0.8707879026745259,-0.01937777530301019,3.875549644187028,5.54353233174365e-09,-5e-05,-5e-05,-19.892471674299024
44.82,0.8703993471949137,-0.01942777398060619,3.885549644187028,1.3224040018451373e-09,-5e-05,-5e-05,-19.87020908521057
44.84,0.8700097916755564,-0.01947777596786657,3.8955496441870276,-1.987260382340158e-09,-5e-05,-5e-05,-19.847889198065364
44.86,0.8696192361633868,-0.01952777560848231,3.9055496441870274,3.593842594828503e-10,-5e-05,-5e-05,-19.825512015552476
44.88,0.8692276806331822,-0.019577776510225516,3.9155496441870272,-9.017432066537486e-10,-5e-05,-5e-05,-19.80307753622675
44.9,0.8688351251494942,-0.01962777418440225,3.925549644187027,2.3258232637970334e-09,-5e-05,-5e-05,-19.78058576378671
44.92,0.8684415696777373,-0.019677773587847485,3.935549644187027,5.965547651241179e-10,-5e-05,-5e-05,-19.75803669625076
44.94,0.8680470141511575,-0.019727776328991024,3.9455496441870266,-2.74114353767995e-09,-5e-05,-5e-05,-19.735430329794173
44.96,0.8676514586061926,-0.01977777724824156,3.9555496441870264,-9.192505341540781e-10,-5e-05,-5e-05,-19.712766666504688
44.980000000000004,0.8672549031793187,-0.01982777134369703,3.965549644187026,5.90454452999871e-09,-5e-05,-5e-05,-19.69004571420181
45.0,0.8668573477245406,-0.01987777273890758,3.975549644187026,-1.3952105502787546e-09,-5e-05,-5e-05,-19.667267464520613
45.02,0.8664587923171235,-0.019927770370852575,3.9855496441870257,2.36805500490817e-09,-5e-05,-5e-05,-19.6444319217735
45.04,0.8660592369440858,-0.019977768651887044,3.9955496441870255,1.7189655322893496e-09,-5e-05,-5e-05,-19.621539085216664
45.06,0.8656586816770163,-0.020027763353474202,4.005549644187026,5.2984128413305605e-09,-5e-05,-5e-05,-19.598588958951847
45.08,0.865257126343021,-0.020077766699769083,4.0155496441870255,-3.346294883225568e-09,-5e-05,-5e-05,-19.575581533072945
45.1,0.8648545710541105,-0.02012776444552833,4.025549644187025,2.2542407560346e-09,-5e-05,-5e-05,-19.552516813997705
45.12,0.8644510158201577,-0.020177761697639036,4.035549644187025,2.74788929362894e-09,-5e-05,-5e-05,-19.529394802291797
45.14,0.8640464605827715,-0.02022776186931063,4.045549644187025,-1.7167159652508823e-10,-5e-05,-5e-05,-19.506215494609652
45.160000000000004,0.8636409054876464,-0.02027775475625243,4.055549644187025,7.113058199896193e-09,-5e-05,-5e-05,-19.48297889929896
45.18,0.8632343503450067,-0.02032775713198527,4.0655496441870245,-2.3757328364792354e-09,-5e-05,-5e-05,-19.459685005486367
45.2,0.8628267952874391,-0.02037775287838126,4.075549644187024,4.253604008249501e-09,-5e-05,-5e-05,-19.43633382076853
45.22,0.8624182402088632,-0.02042775392879868,4.085549644187024,-1.0504174206021367e-09,-5e-05,-5e-05,-19.412925339067492
45.24,0.8620086850357199,-0.02047775865715953,4.095549644187024,-4.72836084985871e-09,-5e-05,-5e-05,-19.389459556168635
45.26,0.861598129843133,-0.020527759629348153,4.105549644187024,-9.7218862213809e-10,-5e-05,-5e-05,-19.365936476376223
45.28,0.8611865746078075,-0.02057776176627577,4.115549644187023,-2.136927616254547e-09,-5e-05,-5e-05,-19.34235609835556
45.300000000000004,0.8607740193881174,-0.020627760984502874,4.125549644187023,7.817728932924929e-10,-5e-05,-5e-05,-19.318718425451223
45.32,0.8603604642135025,-0.02067775873074077,4.135549644187023,2.253762103639035e-09,-5e-05,-5e-05,-19.29502345935
45.34,0.8599459089648824,-0.020727762431004385,4.145549644187023,-3.7002636144339163e-09,-5e-05,-5e-05,-19.27127119322907
45.36,0.8595303536620165,-0.020777765143296805,4.1555496441870226,-2.712292418849847e-09,-5e-05,-5e-05,-19.24746162822057
45.38,0.8591137984801681,-0.02082775909241629,4.165549644187022,6.0508805137156735e-09,-5e-05,-5e-05,-19.223594774366354
45.4,0.8586962433045464,-0.020877758781083822,4.175549644187022,3.11332468790067e-10,-5e-05,-5e-05,-19.199670625089386
45.42,0.8582776881184248,-0.020927759306083888,4.185549644187022,-5.250000666560322e-10,-5e-05,-5e-05,-19.175689179431302
45.44,0.8578581328964068,-0.020977761100897312,4.195549644187022,-1.7948134243617435e-09,-5e-05,-5e-05,-19.151650435936997
45.46,0.8574375776812474,-0.02102776075796887,4.2055496441870215,3.42928440904194e-10,-5e-05,-5e-05,-19.12755439705615
45.480000000000004,0.8570160224503409,-0.02107776154532176,4.215549644187021,-7.873528907242541e-10,-5e-05,-5e-05,-19.103401061493546
45.5,0.8565934671279449,-0.021127766119798184,4.225549644187021,-4.574476425177801e-09,-5e-05,-5e-05,-19.079190424909466
45.52,0.8561699118163162,-0.021177765581436768,4.235549644187021,5.383614163042723e-10,-5e-05,-5e-05,-19.054922493162792
45.54,0.8557453564475742,-0.021227768437097456,4.245549644187021,-2.8556606899288323e-09,-5e-05,-5e-05,-19.030597262364253
45.56,0.8553198010188854,-0.0212777714344417,4.25554964418702,-2.9973442436909632e-09,-5e-05,-5e-05,-19.006214732351506
45.58,0.8548932455867879,-0.021327771604871194,4.26554964418702,-1.7042949647034476e-10,-5e-05,-5e-05,-18.981774906363942
45.6,0.8544656901321083,-0.021377772733980324,4.27554964418702,-1.129109130792107e-09,-5e-05,-5e-05,-18.957277783303
45.62,0.854037134646783,-0.021427774266264216,4.28554964418702,-1.5322838918838136e-09,-5e-05,-5e-05,-18.93272336270668
45.64,0.8536075791805002,-0.021477773314138984,4.29554964418702,9.52125232328439e-10,-5e-05,-5e-05,-18.908111647421904
45.660000000000004,0.8531770237368522,-0.02152777218240164,4.305549644187019,1.1317373448148885e-09,-5e-05,-5e-05,-18.88344263765449
45.68,0.8527454681740406,-0.021577778140581882,4.315549644187019,-5.958180241632904e-09,-5e-05,-5e-05,-18.858716325279993
45.7,0.8523129126337611,-0.02162777701397493,4.325549644187019,1.1266069528046774e-09,-5e-05,-5e-05,-18.833932718416975
45.72,0.8518793571648761,-0.021677773444248302,4.335549644187019,3.5697266264645832e-09,-5e-05,-5e-05,-18.809091819865046
45.74,0.851444801692221,-0.021727773632752946,4.3455496441870185,-1.8850464411852432e-10,-5e-05,-5e-05,-18.784193625317602
45.76,0.851009246288294,-0.021777770196353654,4.355549644187018,3.436399290552943e-09,-5e-05,-5e-05,-18.759238138928467
45.78,0.8505726908376242,-0.02182777253349017,4.365549644187018,-2.3371365168391537e-09,-5e-05,-5e-05,-18.734225354081655
45.800000000000004,0.8501351353669119,-0.021877773535617265,4.375549644187018,-1.002127095769087e-09,-5e-05,-5e-05,-18.70915527230698
45.82,0.8496965799158706,-0.02192777255206544,4.385549644187018,9.835518260823188e-10,-5e-05,-5e-05,-18.684027895879854
45.84,0.8492570244102977,-0.021977775278640817,4.395549644187017,-2.726575377258252e-09,-5e-05,-5e-05,-18.658843220548793
45.86,0.8488164688881289,-0.02202777610844177,4.405549644187017,-8.298009526201437e-10,-5e-05,-5e-05,-18.633601248487338
45.88,0.8483749133152874,-0.022077778642077262,4.415549644187017,-2.533635493258171e-09,-5e-05,-5e-05,-18.608301977743036
45.9,0.8479323576787943,-0.02212778182465536,4.425549644187017,-3.182578099635599e-09,-5e-05,-5e-05,-18.582945407572254
45.92,0.8474888019634419,-0.022177785767615966,4.435549644187017,-3.942960604901053e-09,-5e-05,-5e-05,-18.557531537103657
45.94,0.8470442462631219,-0.022227785015999844,4.445549644187016,7.516161235224585e-10,-5e-05,-5e-05,-18.53206037171684
45.96,0.846598690606074,-0.022277782852400143,4.455549644187016,2.163599700184951e-09,-5e-05,-5e-05,-18.506531913029814
45.980000000000004,0.8461521349738357,-0.02232778161191341,4.465549644187016,1.2404867329699844e-09,-5e-05,-5e-05,-18.480946159984764
46.0,0.8457045793492687,-0.022377781228351806,4.475549644187016,3.8356160637019685e-10,-5e-05,-5e-05,-18.455303111599733
46.02,0.845256023741678,-0.022427780379534683,4.4855496441870155,8.48817122154827e-10,-5e-05,-5e-05,-18.42960276840786
46.04,0.8448064681612858,-0.022477779019610847,4.495549644187015,1.3599238363482087e-09,-5e-05,-5e-05,-18.403845130994835
46.06,0.8443559125726182,-0.022527779433378935,4.505549644187015,-4.1376808852169526e-10,-5e-05,-5e-05,-18.37803019732815
46.08,0.8439043569857052,-0.022577779345651628,4.515549644187015,8.772730773785235e-11,-5e-05,-5e-05,-18.352157967982482
46.1,0.8434518013931775,-0.022627779626380896,4.525549644187015,-2.8072926764607887e-10,-5e-05,-5e-05,-18.326228442535605
46.12,0.8429982458270324,-0.022677778307258933,4.5355496441870145,1.3191219632164756e-09,-5e-05,-5e-05,-18.300241622820824
46.14,0.8425436903055229,-0.0227277760754745,4.545549644187014,2.2317844340914826e-09,-5e-05,-5e-05,-18.274197509883958
46.160000000000004,0.842088134771401,-0.022777776706096084,4.555549644187014,-6.306215836788795e-10,-5e-05,-5e-05,-18.248096100444943
46.18,0.8416315792461494,-0.022827776262580722,4.565549644187014,4.4351536362851745e-10,-5e-05,-5e-05,-18.22193739573465
46.2,0.8411740237295978,-0.022877775827577895,4.575549644187014,4.3500282839691114e-10,-5e-05,-5e-05,-18.195721395743316
46.22,0.8407154681807115,-0.02292777744431628,4.585549644187013,-1.6167383883270874e-09,-5e-05,-5e-05,-18.169448098119826
46.24,0.8402559125926921,-0.022977779400972124,4.595549644187013,-1.956655842898047e-09,-5e-05,-5e-05,-18.14311750247466
46.26,0.8397953569761648,-0.023027780826360384,4.605549644187013,-1.4253882614115038e-09,-5e-05,-5e-05,-18.116729609416602
46.28,0.8393338013648642,-0.02307778056502922,4.615549644187013,2.613311628148645e-10,-5e-05,-5e-05,-18.090284420878497
46.300000000000004,0.8388712457889895,-0.02312777879373379,4.6255496441870125,1.7712954333471479e-09,-5e-05,-5e-05,-18.063781938590633
46.32,0.8384076901386457,-0.02317778251719366,4.635549644187012,-3.72345987013462e-09,-5e-05,-5e-05,-18.03722215625649
46.34,0.8379431344693893,-0.023227783462818525,4.645549644187012,-9.456248648541593e-10,-5e-05,-5e-05,-18.01060507705922
46.36,0.8374775789544323,-0.023277775747849387,4.655549644187012,7.714969137501371e-09,-5e-05,-5e-05,-17.983930710923147
46.38,0.8370110234394672,-0.023327775748252996,4.665549644187012,-4.036089507572753e-13,-5e-05,-5e-05,-17.957199049007095
46.4,0.8365434679194703,-0.02337777599984172,4.6755496441870115,-2.5158872470969736e-10,-5e-05,-5e-05,-17.93041009102323
46.42,0.8360749124113195,-0.023427775407542015,4.685549644187011,5.92299703427761e-10,-5e-05,-5e-05,-17.903563837938577
46.44,0.8356053568769847,-0.02347777671673959,4.695549644187011,-1.3091975732546392e-09,-5e-05,-5e-05,-17.876660287574182
46.46,0.8351348013243167,-0.023527777633398927,4.705549644187011,-9.166593377796065e-10,-5e-05,-5e-05,-17.849699440379865
46.480000000000004,0.8346632457793515,-0.023577777248262072,4.715549644187011,3.851368561155797e-10,-5e-05,-5e-05,-17.822681297847364
46.5,0.8341906902907176,-0.02362777443169213,4.72554964418701,2.8165699408142783e-09,-5e-05,-5e-05,-17.795605862762898
46.52,0.8337171347865681,-0.023677775207476975,4.73554964418701,-7.757848434637361e-10,-5e-05,-5e-05,-17.76847313100994
46.54,0.8332425792317387,-0.023727777741466973,4.74554964418701,-2.5339899967921967e-09,-5e-05,-5e-05,-17.74128310057373
46.56,0.8327670236492187,-0.02377777912599987,4.75554964418701,-1.3845328957966338e-09,-5e-05,-5e-05,-17.71403577277145
46.58,0.8322904680694225,-0.02382777898980901,4.7655496441870095,1.3619085889890975e-10,-5e-05,-5e-05,-17.686731149345718
46.6,0.8318129124567752,-0.02387778063236246,4.775549644187009,-1.6425534488571794e-09,-5e-05,-5e-05,-17.659369228258246
46.62,0.8313343568394342,-0.023927780867051635,4.785549644187009,-2.3468917559564965e-10,-5e-05,-5e-05,-17.631950011122328
46.64,0.8308548013294866,-0.02397777549738178,4.795549644187009,5.369669852604105e-09,-5e-05,-5e-05,-17.604473504360087
46.660000000000004,0.8303742459147312,-0.02402777073777024,4.805549644187009,4.759611540065073e-09,-5e-05,-5e-05,-17.57693970727244
46.68,0.8298926904737198,-0.024077772050568567,4.8155496441870085,-1.312798327004085e-09,-5e-05,-5e-05,-17.54934861290093
46.7,0.8294101350052672,-0.024127773422631133,4.825549644187008,-1.3720625659647286e-09,-5e-05,-5e-05,-17.521700221177632
46.72,0.8289265795222887,-0.024177774148924566,4.835549644187008,-7.262934328742309e-10,-5e-05,-5e-05,-17.493994532842553
46.74,0.8284420240033298,-0.024227775947944587,4.845549644187008,-1.7990200204671876e-09,-5e-05,-5e-05,-17.46623154666644
46.76,0.8279564684984304,-0.024277775244966188,4.855549644187008,7.029783980602495e-10,-5e-05,-5e-05,-17.43841126551636
46.78,0.8274699130462596,-0.024327772608539373,4.865549644187007,2.636426814169112e-09,-5e-05,-5e-05,-17.410533691607895
46.800000000000004,0.8269823575677516,-0.024377773925398912,4.875549644187007,-1.316859540299663e-09,-5e-05,-5e-05,-17.382598820410905
46.82,0.8264938020981695,-0.024427773479109998,4.885549644187007,4.4628891252614147e-10,-5e-05,-5e-05,-17.354606653945815
46.84,0.8260042465691827,-0.024477776449336505,4.895549644187007,-2.9702265059808265e-09,-5e-05,-5e-05,-17.32655718829758
46.86,0.8255136910348462,-0.024527776716828497,4.905549644187007,-2.674919930790824e-10,-5e-05,-5e-05,-17.298450426563313
46.88,0.825022135478073,-0.0245777778386558,4.915549644187006,-1.1218273030130794e-09,-5e-05,-5e-05,-17.270286367764008
46.9,0.8245295799504937,-0.02462777637896849,4.925549644187006,1.4596873112636865e-09,-5e-05,-5e-05,-17.24206501485787
46.92,0.824036024373308,-0.02467777885928443,4.935549644187006,-2.48031594183572e-09,-5e-05,-5e-05,-17.21378636332999
46.94,0.8235414687384728,-0.0247277817417597,4.945549644187006,-2.8824752714541206e-09,-5e-05,-5e-05,-17.18545041271952
46.96,0.8230459131036385,-0.024777781741712173,4.9555496441870055,4.752491694475968e-14,-5e-05,-5e-05,-17.157057166329587
46.980000000000004,0.8225493574805766,-0.024827781153095432,4.965549644187005,5.886167396111308e-10,-5e-05,-5e-05,-17.12860662483465
47.0,0.8220518017801552,-0.02487778502106468,4.975549644187005,-3.867969250118254e-09,-5e-05,-5e-05,-17.10009878312783
47.02,0.8215532460112603,-0.024927788444745105,4.985549644187005,-3.4236804245250396e-09,-5e-05,-5e-05,-17.071533641718254
47.04,0.8210536902739238,-0.0249777868668241,4.995549644187005,1.5779210036131656e-09,-5e-05,-5e-05,-17.042911206337326
47.06,0.8205531345200597,-0.025027787693202096,5.005549644187004,-8.263779936160895e-10,-5e-05,-5e-05,-17.014231474229923
47.08,0.8200515785975643,-0.025077796124773708,5.015549644187004,-8.43157161199217e-09,-5e-05,-5e-05,-16.985494436681144
47.1,0.8195490227157051,-0.02512779409296164,5.025549644187004,2.0318120677423476e-09,-5e-05,-5e-05,-16.956700105681136
47.12,0.8190454669222664,-0.02517778967192982,5.035549644187004,4.42103181958127e-09,-5e-05,-5e-05,-16.92784848396774
47.14,0.8185409110872646,-0.025227791750092217,5.045549644187004,-2.0781623963558655e-09,-5e-05,-5e-05,-16.898939564093435
47.160000000000004,0.81803535520854,-0.025277793936227883,5.055549644187003,-2.186135667898472e-09,-5e-05,-5e-05,-16.86997334593449
47.18,0.8175287993627007,-0.025327792291961398,5.065549644187003,1.6442664855477428e-09,-5e-05,-5e-05,-16.84094983388022
47.2,0.8170212435149375,-0.02537779238816031,5.075549644187003,-9.619891026259357e-11,-5e-05,-5e-05,-16.811869025936204
47.22,0.8165126876942008,-0.025427791036838766,5.085549644187003,1.351321543444553e-09,-5e-05,-5e-05,-16.78273092376118
47.24,0.8160031319010411,-0.025477789657986062,5.0955496441870025,1.3788527044877543e-09,-5e-05,-5e-05,-16.75353552738669
47.26,0.8154925761297728,-0.02552778856341671,5.105549644187002,1.0945693555738648e-09,-5e-05,-5e-05,-16.724282836486964
47.28,0.8149810203513457,-0.025577788921353296,5.115549644187002,-3.5793658901052827e-10,-5e-05,-5e-05,-16.694972849397562
47.300000000000004,0.8144684645557018,-0.02562778978219366,5.125549644187002,-8.608403605799218e-10,-5e-05,-5e-05,-16.665605565542194
47.32,0.8139549087924708,-0.025677788161549035,5.135549644187002,1.6206446245551139e-09,-5e-05,-5e-05,-16.63618098776444
47.34,0.8134403531129579,-0.025727783975642907,5.1455496441870014,4.185906126083091e-09,-5e-05,-5e-05,-16.606699119003867
47.36,0.8129247974217401,-0.025777784560890752,5.155549644187001,-5.852478456849903e-10,-5e-05,-5e-05,-16.577159953793135
47.38,0.8124082416275763,-0.025827789708190985,5.165549644187001,-5.147300231598162e-09,-5e-05,-5e-05,-16.547563486904522
47.4,0.811890685860497,-0.02587778835397011,5.175549644187001,1.3542208770769816e-09,-5e-05,-5e-05,-16.51790972578822
47.42,0.8113721301182886,-0.02592778711041686,5.185549644187001,1.2435532494521944e-09,-5e-05,-5e-05,-16.488198670317406
47.44,0.8108525743227412,-0.025977789777368573,5.195549644187,-2.666951714303314e-09,-5e-05,-5e-05,-16.458430316010976
47.46,0.8103320185435446,-0.02602778895982379,5.205549644187,8.175447846566135e-10,-5e-05,-5e-05,-16.428604666861872
47.480000000000004,0.8098104627600343,-0.026077789175515766,5.215549644187,-2.156919753355166e-10,-5e-05,-5e-05,-16.39872172168609
47.5,0.8092879069355062,-0.026127791226402585,5.225549644187,-2.0508868179162564e-09,-5e-05,-5e-05,-16.368781478380654
47.52,0.8087643510014798,-0.026177796701322052,5.2355496441869995,-5.474919465499093e-09,-5e-05,-5e-05,-16.33878393302191
47.54,0.8082397950984335,-0.02622779515231473,5.245549644186999,1.5490073239796988e-09,-5e-05,-5e-05,-16.30872909365868
47.56,0.8077142392061464,-0.026277794614354064,5.255549644186999,5.379606658747101e-10,-5e-05,-5e-05,-16.2786169591324
47.58,0.8071876833570615,-0.026327792454243267,5.265549644186999,2.1601107970028957e-09,-5e-05,-5e-05,-16.248447531301906
47.6,0.8066601275042605,-0.026377792640048674,5.275549644186999,-1.8580540679027344e-10,-5e-05,-5e-05,-16.218220807478986
47.62,0.8061315717533452,-0.026427787545769327,5.2855496441869985,5.094279346784396e-09,-5e-05,-5e-05,-16.18793679371417
47.64,0.805602016024622,-0.026477786436159483,5.295549644186998,1.1096098437540754e-09,-5e-05,-5e-05,-16.157595485441355
47.660000000000004,0.805071460242365,-0.026527789112853153,5.305549644186998,-2.6766936704816534e-09,-5e-05,-5e-05,-16.12719687832177
47.68,0.8045399045165339,-0.026577786291556,5.315549644186998,2.8212971532460342e-09,-5e-05,-5e-05,-16.09674097865563
47.7,0.8040073488266095,-0.026627784496216993,5.325549644186998,1.7953390079974367e-09,-5e-05,-5e-05,-16.066227785267287
47.72,0.8034737930531188,-0.02667778867453242,5.335549644186997,-4.178315427902014e-09,-5e-05,-5e-05,-16.035657291311434
47.74,0.8029392374444483,-0.026727780433528928,5.345549644186997,8.241003491053774e-09,-5e-05,-5e-05,-16.005029511019565
47.76,0.8024036818630418,-0.026777779070322777,5.355549644186997,1.3632061497824001e-09,-5e-05,-5e-05,-15.974344436510298
47.78,0.8018671263301965,-0.026827776642261717,5.365549644186997,2.4280610584132117e-09,-5e-05,-5e-05,-15.943602069003871
47.800000000000004,0.8013295708196845,-0.026877775525603474,5.3755496441869965,1.11665824263025e-09,-5e-05,-5e-05,-15.91280240699753
47.82,0.8007910152559023,-0.02692777818910506,5.385549644186996,-2.6635015880887405e-09,-5e-05,-5e-05,-15.881945446159525
47.84,0.8002514595537863,-0.02697778510580047,5.395549644186996,-6.916695408408722e-09,-5e-05,-5e-05,-15.851031181616058
47.86,0.7997109038723434,-0.027027784072141632,5.405549644186996,1.0336588390015747e-09,-5e-05,-5e-05,-15.820059622477565
47.88,0.7991693482211327,-0.027077782560537406,5.415549644186996,1.5116042240804317e-09,-5e-05,-5e-05,-15.789030769291731
47.9,0.7986267925691688,-0.027127782598195465,5.4255496441869955,-3.7658058278182416e-11,-5e-05,-5e-05,-15.75794462028323
47.92,0.7980832370089512,-0.02717777801087828,5.435549644186995,4.587317183815111e-09,-5e-05,-5e-05,-15.726801180751893
47.94,0.7975386814447916,-0.027227778207981668,5.445549644186995,-1.9710338793338326e-10,-5e-05,-5e-05,-15.69560044521518
47.96,0.7969931258557124,-0.027277779453958474,5.455549644186995,-1.2459768068884523e-09,-5e-05,-5e-05,-15.664342412471168
47.980000000000004,0.7964465701827785,-0.027327783646688423,5.465549644186995,-4.192729949618976e-09,-5e-05,-5e-05,-15.633027079143128
48.0,0.7958990145334834,-0.027377782464756896,5.475549644186994,1.1819315283405622e-09,-5e-05,-5e-05,-15.601654451389972
48.02,0.7953504587809881,-0.027427787624765537,5.485549644186994,-5.160008641318383e-09,-5e-05,-5e-05,-15.570224521944366
48.04,0.7948009030175689,-0.02747778817095882,5.495549644186994,-5.461932818948556e-10,-5e-05,-5e-05,-15.538737296093355
48.06,0.7942503472028616,-0.02752779073536506,5.505549644186994,-2.564406239704376e-09,-5e-05,-5e-05,-15.507192771524242
48.08,0.7936987913809445,-0.027577791095857705,5.515549644186994,-3.6049264408262915e-10,-5e-05,-5e-05,-15.47559095076252
48.1,0.7931462356244688,-0.02762778782378136,5.525549644186993,3.2720763444995225e-09,-5e-05,-5e-05,-15.443931837970808
48.120000000000005,0.7925926798619368,-0.027677788126598393,5.535549644186993,-3.0281703479564846e-10,-5e-05,-5e-05,-15.412215429052578
48.14,0.7920381240821606,-0.027727788988810523,5.545549644186993,-8.622121307823351e-10,-5e-05,-5e-05,-15.380441723366813
48.160000000000004,0.7914825683735577,-0.02777778543014348,5.555549644186993,3.5586670444310938e-09,-5e-05,-5e-05,-15.348610725979468
48.18,0.7909260125930234,-0.027827789026712804,5.5655496441869925,-3.596569325029833e-09,-5e-05,-5e-05,-15.316722428691245
48.2,0.7903684567969756,-0.02787778980239039,5.575549644186992,-7.756775866079138e-10,-5e-05,-5e-05,-15.28477683473465
48.22,0.7898099009281192,-0.027927793442823704,5.585549644186992,-3.64043331475953e-09,-5e-05,-5e-05,-15.252773940826913
48.24,0.7892503451302337,-0.027977789894271177,5.595549644186992,3.5485525279692625e-09,-5e-05,-5e-05,-15.220713755206
48.26,0.7886897893219994,-0.02802779041171767,5.605549644186992,-5.174464934274767e-10,-5e-05,-5e-05,-15.188596273212628
48.28,0.7881282336501981,-0.02807778359006502,5.615549644186991,6.8216526497934215e-09,-5e-05,-5e-05,-15.156421503256782
48.300000000000004,0.7875656779817278,-0.028127783423513717,5.625549644186991,1.6655130149198175e-10,-5e-05,-5e-05,-15.124189437712273
48.32,0.7870021222659299,-0.02817778578989328,5.635549644186991,-2.3663795619834695e-09,-5e-05,-5e-05,-15.091900073676578
48.34,0.7864375665997615,-0.028227783308421156,5.645549644186991,2.4814721228327396e-09,-5e-05,-5e-05,-15.059553416704931
48.36,0.785872010896386,-0.028277785168771163,5.655549644186991,-1.8603500086790562e-09,-5e-05,-5e-05,-15.027149461821965
48.38,0.785305455236354,-0.028327783001604576,5.66554964418699,2.1671665881455967e-09,-5e-05,-5e-05,-14.99468821364288
48.4,0.7847378995373406,-0.02837778495066848,5.67554964418699,-1.9490639036906262e-09,-5e-05,-5e-05,-14.962169667450818
48.42,0.7841693438621837,-0.028427783757843387,5.68554964418699,1.1928250927820207e-09,-5e-05,-5e-05,-14.929593826846116
48.44,0.7835997881966941,-0.028477783274483505,5.69554964418699,4.833598809629044e-10,-5e-05,-5e-05,-14.896960691015794
48.46,0.7830292326020677,-0.028527779731320917,5.7055496441869895,3.5431625895325922e-09,-5e-05,-5e-05,-14.864270263466125
48.480000000000004,0.7824576769950172,-0.02857778035252534,5.715549644186989,-6.212044228775305e-10,-5e-05,-5e-05,-14.831522539425096
48.5,0.7818851214145891,-0.028627779021405297,5.725549644186989,1.3311200426980626e-09,-5e-05,-5e-05,-14.798717521129902
48.52,0.7813115658543054,-0.028677778014186073,5.735549644186989,1.0072192232815907e-09,-5e-05,-5e-05,-14.765855208209382
48.54,0.780737010317508,-0.028727776839873154,5.745549644186989,1.1743129190810708e-09,-5e-05,-5e-05,-14.732935600855019
48.56,0.7801614547382405,-0.028777778963373333,5.7555496441869884,-2.1235001787555712e-09,-5e-05,-5e-05,-14.699958695287783
48.58,0.7795848991954548,-0.028827777139284354,5.765549644186988,1.824088978390115e-09,-5e-05,-5e-05,-14.66692449603129
48.6,0.7790073436661508,-0.028877776465205368,5.775549644186988,6.740789858957153e-10,-5e-05,-5e-05,-14.633833001767723
48.620000000000005,0.778428788055841,-0.02892778051548772,5.785549644186988,-4.050282348948569e-09,-5e-05,-5e-05,-14.600684207083361
48.64,0.7778492324803916,-0.028977778772471197,5.795549644186988,1.7430165208341581e-09,-5e-05,-5e-05,-14.567478118616833
48.660000000000004,0.777268676872505,-0.02902778039433268,5.805549644186987,-1.6218614843512326e-09,-5e-05,-5e-05,-14.534214732512279
48.68,0.7766871213370314,-0.029077776773678937,5.815549644186987,3.6206537427068716e-09,-5e-05,-5e-05,-14.500894054777172
48.7,0.776104565798089,-0.029127776947126604,5.825549644186987,-1.734476686498602e-10,-5e-05,-5e-05,-14.467516081063799
48.72,0.7755210102582549,-0.029177776991703187,5.835549644186987,-4.4576583079726964e-11,-5e-05,-5e-05,-14.43408081151983
48.74,0.774936454619345,-0.029227781945496183,5.8455496441869865,-4.953792996016614e-09,-5e-05,-5e-05,-14.40058824051972
48.76,0.7743508990381012,-0.02927777906219449,5.855549644186986,2.883301693317367e-09,-5e-05,-5e-05,-14.367038377044118
48.78,0.7737643434620329,-0.02932777880340956,5.865549644186986,2.587849298988522e-10,-5e-05,-5e-05,-14.333431218085543
48.800000000000004,0.7731767879311499,-0.029377776544154004,5.875549644186986,2.259255556197652e-09,-5e-05,-5e-05,-14.299766765936374
48.82,0.7725882324515178,-0.029427773981604625,5.885549644186986,2.5625493791790854e-09,-5e-05,-5e-05,-14.266045020944157
48.84,0.7719986769394404,-0.029477775603870267,5.8955496441869855,-1.6222656437168025e-09,-5e-05,-5e-05,-14.232265978313448
48.86,0.7714081214154928,-0.029527776197382772,5.905549644186985,-5.935125040072604e-10,-5e-05,-5e-05,-14.198429639223113
48.88,0.7708165658803944,-0.02957777675491853,5.915549644186985,-5.575357599083647e-10,-5e-05,-5e-05,-14.164536003714373
48.9,0.7702240104062239,-0.02962777370852428,5.925549644186985,3.046394251207085e-09,-5e-05,-5e-05,-14.13058507591703
48.92,0.7696304549579581,-0.02967777241328736,5.935549644186985,1.2952369212957488e-09,-5e-05,-5e-05,-14.096576853824407
48.94,0.7690358994283453,-0.029727776480643692,5.945549644186984,-4.067356332270781e-09,-5e-05,-5e-05,-14.062511331291425
48.96,0.7684403439419931,-0.029777774317608287,5.955549644186984,2.1630354042243384e-09,-5e-05,-5e-05,-14.028388515457586
48.980000000000004,0.7678437884187511,-0.029827776162101572,5.965549644186984,-1.8444932856910268e-09,-5e-05,-5e-05,-13.9942084017306
49.0,0.7672462329174972,-0.029877775062697832,5.975549644186984,1.099403741086316e-09,-5e-05,-5e-05,-13.959970993483925
49.02,0.766647677603731,-0.02992776568830659,5.9855496441869835,9.374391241111082e-09,-5e-05,-5e-05,-13.925676300199994
49.04,0.7660481223223784,-0.02997776406762705,5.995549644186983,1.620679540401327e-09,-5e-05,-5e-05,-13.891324312993712
49.06,0.7654475670684355,-0.030027762697144123,6.005549644186983,1.3704829266948851e-09,-5e-05,-5e-05,-13.856915031578378
49.08,0.7648460117905096,-0.03007776389629631,6.015549644186983,-1.1991521845472688e-09,-5e-05,-5e-05,-13.822448453009402
49.1,0.7642434564840889,-0.03012776532103783,6.025549644186983,-1.4247415196630332e-09,-5e-05,-5e-05,-13.787924577028283
49.120000000000005,0.7636399012076629,-0.03017776382129992,6.0355496441869825,1.499737909331929e-09,-5e-05,-5e-05,-13.753343406986223
49.14,0.7630353458666531,-0.03022776705048708,6.045549644186982,-3.2291871591984763e-09,-5e-05,-5e-05,-13.71870493746427
49.160000000000004,0.7624297905307688,-0.03027776679421829,6.055549644186982,2.56268789620628e-10,-5e-05,-5e-05,-13.68400917245647
49.18,0.7618232351559888,-0.030327768738994176,6.065549644186982,-1.9447758877567185e-09,-5e-05,-5e-05,-13.649256109440604
49.2,0.7612156797503052,-0.03037777028417852,6.075549644186982,-1.5451843430538335e-09,-5e-05,-5e-05,-13.614445748874576
49.22,0.7606071243789779,-0.030427768566368262,6.085549644186981,1.7178102561951621e-09,-5e-05,-5e-05,-13.579578094497505
49.24,0.7599975690357293,-0.030477767162426717,6.095549644186981,1.4039415438910901e-09,-5e-05,-5e-05,-13.544653145949713
49.26,0.7593870136294862,-0.030527770312157382,6.105549644186981,-3.1497306645972896e-09,-5e-05,-5e-05,-13.509670898013086
49.28,0.7587754582172158,-0.030577770613518754,6.115549644186981,-3.013613712904478e-10,-5e-05,-5e-05,-13.474631353951608
49.300000000000004,0.7581629028130283,-0.030627770209373125,6.125549644186981,4.041456300511551e-10,-5e-05,-5e-05,-13.439534514573735
49.32,0.7575493474002181,-0.030677770640511453,6.13554964418698,-4.3113832664281534e-10,-5e-05,-5e-05,-13.4043803789223
49.34,0.7569347918849058,-0.03072777576561816,6.14554964418698,-5.125106710032625e-09,-5e-05,-5e-05,-13.369168941618417
49.36,0.7563192363426182,-0.030777777114374832,6.15554964418698,-1.348756669543843e-09,-5e-05,-5e-05,-13.333900206989455
49.38,0.7557026808114323,-0.030827776559295948,6.16554964418698,5.55078885445623e-10,-5e-05,-5e-05,-13.298574177217056
49.4,0.7550851252431463,-0.030877778414298937,6.1755496441869795,-1.8550029896941427e-09,-5e-05,-5e-05,-13.263190849539464
49.42,0.7544665696555659,-0.030927779379019704,6.185549644186979,-9.64720766857316e-10,-5e-05,-5e-05,-13.227750224976873
49.44,0.7538470140501976,-0.030977780268413625,6.195549644186979,-8.893939194993775e-10,-5e-05,-5e-05,-13.192252303615597
49.46,0.7532264584319159,-0.031027780914081385,6.205549644186979,-6.45667759389281e-10,-5e-05,-5e-05,-13.156697085734924
49.480000000000004,0.7526049028301715,-0.03107778008722187,6.215549644186979,8.268595118197668e-10,-5e-05,-5e-05,-13.121084573022252
49.5,0.7519823472882144,-0.03112777709784754,6.225549644186978,2.9893743313411344e-09,-5e-05,-5e-05,-13.085414767955635
49.52,0.7513587917184941,-0.03117777848601778,6.235549644186978,-1.3881702400541547e-09,-5e-05,-5e-05,-13.049687665518782
49.54,0.7507342361349658,-0.031227779176413527,6.245549644186978,-6.903957459567859e-10,-5e-05,-5e-05,-13.013903266511283
49.56,0.7501086805028943,-0.03127778160357555,6.255549644186978,-2.4271620195548627e-09,-5e-05,-5e-05,-12.978061568942945
49.58,0.7494821248496133,-0.03132778266404816,6.265549644186978,-1.0604726170943228e-09,-5e-05,-5e-05,-12.942162574379884
49.6,0.7488545692116632,-0.03137778189750487,6.275549644186977,7.665432918996514e-10,-5e-05,-5e-05,-12.9062062849157
49.620000000000005,0.748226013561052,-0.031427782530560125,6.285549644186977,-6.330552539646158e-10,-5e-05,-5e-05,-12.870192698946582
49.64,0.7475964579527768,-0.03147778041376035,6.295549644186977,2.1167997755478007e-09,-5e-05,-5e-05,-12.834121819623624
49.660000000000004,0.7469659022116748,-0.0315277870551016,6.305549644186977,-6.641341251444271e-09,-5e-05,-5e-05,-12.797993636910734
49.68,0.7463343464777784,-0.03157778669481997,6.3155496441869765,3.6028163285648243e-10,-5e-05,-5e-05,-12.761808158831183
49.7,0.7457017907007759,-0.03162778885012539,6.325549644186976,-2.1553054196568834e-09,-5e-05,-5e-05,-12.725565382502321
49.72,0.7450682349412326,-0.03167778797716598,6.335549644186976,8.729594110851636e-10,-5e-05,-5e-05,-12.689265311394287
49.74,0.7444336791604843,-0.03172778903741912,6.345549644186976,-1.0602531429508052e-09,-5e-05,-5e-05,-12.652907943291778
49.76,0.7437981233978495,-0.03177778813174336,6.355549644186976,9.056757649147794e-10,-5e-05,-5e-05,-12.616493280447582
49.78,0.7431615675954444,-0.031827790120255384,6.365549644186975,-1.9885120209557213e-09,-5e-05,-5e-05,-12.580021319545208
49.800000000000004,0.7425240118541137,-0.031877787066535226,6.375549644186975,3.053720159474742e-09,-5e-05,-5e-05,-12.543492066362623
49.82,0.741885456116525,-0.0319277868794323,6.385549644186975,1.8710292820106035e-10,-5e-05,-5e-05,-12.50690551761493
49.84,0.7412459003797183,-0.03197778684033477,6.395549644186975,3.909753199277584e-11,-5e-05,-5e-05,-12.470261673132525
49.86,0.7406053446280321,-0.03202778758430986,6.405549644186975,-7.439750912727844e-10,-5e-05,-5e-05,-12.433560532018076
49.88,0.7399637889251995,-0.03207778514162625,6.415549644186974,2.442683612951009e-09,-5e-05,-5e-05,-12.396802097923223
49.9,0.7393212332277255,-0.03212778487370251,6.425549644186974,2.679237400250848e-10,-5e-05,-5e-05,-12.359986368355873
49.92,0.7386776774356996,-0.032177789601296615,6.435549644186974,-4.727594100616568e-09,-5e-05,-5e-05,-12.32311333759159
49.94,0.7380331216053844,-0.03222779151575899,6.445549644186974,-1.9144623778295904e-09,-5e-05,-5e-05,-12.286183008853978
49.96,0.7373875657989075,-0.03227779032384007,6.4555496441869735,1.191918918903895e-09,-5e-05,-5e-05,-12.249195385702691
49.980000000000004,0.7367410100220037,-0.032327788845195465,6.465549644186973,1.4786446105378933e-09,-5e-05,-5e-05,-12.212150468466298
50.0,0.7360934543969404,-0.03237778125316073,6.475549644186973,7.592034738649113e-09,-5e-05,-5e-05,-12.175048264150217
50.02,0.7354448986859833,-0.032427785547854526,6.485549644186973,-4.2946937946002375e-09,-5e-05,-5e-05,-12.137888759133268
50.04,0.734795342941082,-0.03247778724506735,6.495549644186973,-1.6972128253244722e-09,-5e-05,-5e-05,-12.100671956391945
50.06,0.7341447871582422,-0.03252778914198839,6.5055496441869725,-1.896921040060807e-09,-5e-05,-5e-05,-12.063397855697396
50.08,0.7334932313390926,-0.03257779095747547,6.515549644186972,-1.8154870814086517e-09,-5e-05,-5e-05,-12.026066457142937
50.1,0.7328406754384031,-0.03262779503447377,6.525549644186972,-4.076998304684356e-09,-5e-05,-5e-05,-11.988677758137072
50.120000000000005,0.7321871195595554,-0.03267779394238654,6.535549644186972,1.0920872317909304e-09,-5e-05,-5e-05,-11.951231764603135
50.14,0.7315325637262232,-0.03272779166660876,6.545549644186972,2.2757777775604324e-09,-5e-05,-5e-05,-11.913728477897532
50.160000000000004,0.7308770079673773,-0.03277778794229638,6.555549644186971,3.724312374765997e-09,-5e-05,-5e-05,-11.876167899680166
50.18,0.7302204522263014,-0.0328277870537979,6.565549644186971,8.884984831990758e-10,-5e-05,-5e-05,-11.83855002670143
50.2,0.72956289648577,-0.03287778702657193,6.575549644186971,2.7225968730812606e-11,-5e-05,-5e-05,-11.800874857974382
50.22,0.728904340683304,-0.03292779012329796,6.585549644186971,-3.0967260302129814e-09,-5e-05,-5e-05,-11.76314238991923
50.24,0.7282447848159379,-0.03297779336830252,6.5955496441869705,-3.24500455593715e-09,-5e-05,-5e-05,-11.725352622366062
50.26,0.7275842289195088,-0.033027794821453356,6.60554964418697,-1.4531508403068426e-09,-5e-05,-5e-05,-11.687505557368194
50.28,0.7269226729881967,-0.033077796565603605,6.61554964418697,-1.7441502474369338e-09,-5e-05,-5e-05,-11.649601194592163
50.300000000000004,0.7262601170524196,-0.033127796788859035,6.62554964418697,-2.2325543015875834e-10,-5e-05,-5e-05,-11.611639535780792
50.32,0.7255965611499544,-0.03317779512325846,6.63554964418697,1.6656005741540113e-09,-5e-05,-5e-05,-11.573620583098545
50.34,0.724932005208766,-0.033227797059423136,6.6455496441869695,-1.9361646735604827e-09,-5e-05,-5e-05,-11.535544332418105
50.36,0.724266449261644,-0.03327779735610281,6.655549644186969,-2.966796727966243e-10,-5e-05,-5e-05,-11.49741078561818
50.38,0.7235998932322266,-0.03332780147086766,6.665549644186969,-4.114764852046232e-09,-5e-05,-5e-05,-11.459219938323569
50.4,0.7229323371595253,-0.0333778036350648,6.675549644186969,-2.1641971346203164e-09,-5e-05,-5e-05,-11.420971792769455
50.42,0.7222637811218259,-0.033427801884969334,6.685549644186969,1.7500954645355717e-09,-5e-05,-5e-05,-11.382666353441289
50.44,0.7215942251088133,-0.03347780065062496,6.695549644186968,1.2343443722414398e-09,-5e-05,-5e-05,-11.344303619748063
50.46,0.7209236691328575,-0.033527798797791636,6.705549644186968,1.8528333217780574e-09,-5e-05,-5e-05,-11.305883592398521
50.480000000000004,0.7202521131356878,-0.0335777998584877,6.715549644186968,-1.0606960638261093e-09,-5e-05,-5e-05,-11.267406268053996
50.5,0.719579557144163,-0.03362779957624326,6.725549644186968,2.8224444067903027e-10,-5e-05,-5e-05,-11.228871648253387
50.52,0.7189060011471662,-0.033677799849839644,6.7355496441869676,-2.735963827197311e-10,-5e-05,-5e-05,-11.190279732359743
50.54,0.718231445184895,-0.03372779811356045,6.745549644186967,1.7362791980313158e-09,-5e-05,-5e-05,-11.15163052267622
50.56,0.717555889240708,-0.03377779720935251,6.755549644186967,9.042079367532466e-10,-5e-05,-5e-05,-11.112924018249329
50.58,0.7168793333702286,-0.033827793523971646,6.765549644186967,3.685380867659714e-09,-5e-05,-5e-05,-11.074160222266057
50.6,0.7162017774981488,-0.033877793603988994,6.775549644186967,-8.001734945389694e-11,-5e-05,-5e-05,-11.035339130411582
50.620000000000005,0.7155232215934973,-0.033927795232575046,6.7855496441869665,-1.6285860538845337e-09,-5e-05,-5e-05,-10.99646074091137
50.64,0.7148436657669414,-0.03397779132779896,6.795549644186966,3.9047760839315036e-09,-5e-05,-5e-05,-10.957525060106189
50.660000000000004,0.7141631098869894,-0.03402779399759812,6.805549644186966,-2.669799163466136e-09,-5e-05,-5e-05,-10.918532080462128
50.68,0.7134815540486227,-0.03407779191833382,6.815549644186966,2.0792642980766775e-09,-5e-05,-5e-05,-10.879481807421216
50.7,0.7127989982634132,-0.03412778926047444,6.825549644186966,2.657859384631401e-09,-5e-05,-5e-05,-10.840374241646474
50.72,0.7121154424713497,-0.034177789603172234,6.835549644186965,-3.4269779802394166e-10,-5e-05,-5e-05,-10.801209379699515
50.74,0.7114308866324911,-0.03422779194293316,6.845549644186965,-2.339760926302376e-09,-5e-05,-5e-05,-10.761987219291878
50.76,0.71074533064884,-0.03427779918255355,6.855549644186965,-7.239620393023046e-09,-5e-05,-5e-05,-10.722707754808733
50.78,0.710058774766869,-0.034327794098552404,6.865549644186965,5.084001148645446e-09,-5e-05,-5e-05,-10.683371000371908
50.800000000000004,0.7093712188912291,-0.03437779378199388,6.875549644186965,3.1655852283883187e-10,-5e-05,-5e-05,-10.643976950518324
50.82,0.708682663077282,-0.03442779069735467,6.885549644186964,3.084639218985936e-09,-5e-05,-5e-05,-10.604525608419959
50.84,0.7079931072212734,-0.0344777928004296,6.895549644186964,-2.103074932194936e-09,-5e-05,-5e-05,-10.565016968132134
50.86,0.7073025513550093,-0.03452779331320464,6.905549644186964,-5.127750415892258e-10,-5e-05,-5e-05,-10.525451031477202
50.88,0.7066109954872244,-0.03457779338924675,6.915549644186964,-7.604211418160331e-11,-5e-05,-5e-05,-10.485827798955619
50.9,0.7059184396275677,-0.03462779298283467,6.9255496441869635,4.0641207279388246e-10,-5e-05,-5e-05,-10.446147271120237
50.92,0.7052248837532562,-0.03467779371557635,6.935549644186963,-7.327416762393643e-10,-5e-05,-5e-05,-10.406409446665682
50.94,0.7045303279663795,-0.034727789343834164,6.945549644186963,4.371742179236703e-09,-5e-05,-5e-05,-10.366614331441259
50.96,0.7038347721446165,-0.0347777910881495,6.955549644186963,-1.7443153355250604e-09,-5e-05,-5e-05,-10.326761918438487
50.980000000000004,0.7031382163912008,-0.03482778767078572,6.965549644186963,3.4173637768573504e-09,-5e-05,-5e-05,-10.286852213572208
51.0,0.7024406606062302,-0.034877789248524985,6.975549644186962,-1.577739267017831e-09,-5e-05,-5e-05,-10.246885211118462
51.02,0.7017421047946965,-0.03492779057668617,6.985549644186962,-1.3281611877307795e-09,-5e-05,-5e-05,-10.20686091136324
51.04,0.7010425489935441,-0.03497779005761908,6.995549644186962,5.190670908348089e-10,-5e-05,-5e-05,-10.166779316423318
51.06,0.7003419932384102,-0.03502778775669923,7.005549644186962,2.3009198519849492e-09,-5e-05,-5e-05,-10.126640428340544
51.08,0.6996404374978514,-0.035077787027936826,7.015549644186962,7.287624000122649e-10,-5e-05,-5e-05,-10.086444245313352
51.1,0.6989378818007017,-0.03512778485748479,7.025549644186961,2.170452041506219e-09,-5e-05,-5e-05,-10.046190768993801
51.120000000000005,0.6982343260964577,-0.03517778521219727,7.035549644186961,-3.5471248047763393e-10,-5e-05,-5e-05,-10.005879996488268
51.14,0.6975297704266021,-0.035227783492781176,7.045549644186961,1.7194160956401715e-09,-5e-05,-5e-05,-9.965511930173529
51.160000000000004,0.6968242147459421,-0.035277784032999956,7.055549644186961,-5.40218778981713e-10,-5e-05,-5e-05,-9.92508656746023
51.18,0.6961176590717364,-0.035327783710286234,7.0655496441869605,3.227137194593911e-10,-5e-05,-5e-05,-9.88460390933722
51.2,0.6954101034025794,-0.03537778345785164,7.07554964418696,2.5243459461154996e-10,-5e-05,-5e-05,-9.844063955723968
51.22,0.6947015477717213,-0.03542778154290185,7.08554964418696,1.9149497973213876e-09,-5e-05,-5e-05,-9.803466708525574
51.24,0.6939919921209856,-0.035477782536783825,7.09554964418696,-9.93881978153302e-10,-5e-05,-5e-05,-9.762812164408759
51.26,0.6932814364386322,-0.035527784117672496,7.10554964418696,-1.5808886694459443e-09,-5e-05,-5e-05,-9.722100322700868
51.28,0.6925698807323647,-0.03557778531337415,7.1155496441869595,-1.1957016527720345e-09,-5e-05,-5e-05,-9.681331183843291
51.300000000000004,0.6918573250146498,-0.035627785885747186,7.125549644186959,-5.723730426674763e-10,-5e-05,-5e-05,-9.640504748550313
51.32,0.691143769279914,-0.03567778673678652,7.135549644186959,-8.510393281770684e-10,-5e-05,-5e-05,-9.599621016502597
51.34,0.6904292136117867,-0.035727783406371,7.145549644186959,3.3304155165953284e-09,-5e-05,-5e-05,-9.558679992491747
51.36,0.6897136579384548,-0.03577778366658922,7.155549644186959,-2.6021822291401165e-10,-5e-05,-5e-05,-9.517681672403192
51.38,0.6889971022170946,-0.035827786068011395,7.165549644186958,-2.401422170360775e-09,-5e-05,-5e-05,-9.476626053783301
51.4,0.6882795465376409,-0.035877783972688856,7.175549644186958,2.0953225383671474e-09,-5e-05,-5e-05,-9.43551314178496
51.42,0.6875609908667337,-0.03592778354535644,7.185549644186958,4.273324176072482e-10,-5e-05,-5e-05,-9.394342934496786
51.44,0.6868414352198489,-0.03597778234424354,7.195549644186958,1.2011128929899225e-09,-5e-05,-5e-05,-9.353115432805478
51.46,0.6861208795155865,-0.03602778521311619,7.2055496441869575,-2.868872645956668e-09,-5e-05,-5e-05,-9.31183063204717
51.480000000000004,0.685399323862039,-0.03607778267738023,7.215549644186957,2.5357359599110007e-09,-5e-05,-5e-05,-9.270488538415089
51.5,0.6846767681109581,-0.036127787554038636,7.225549644186957,-4.876658406417889e-09,-5e-05,-5e-05,-9.229089143415253
51.52,0.6839532123233352,-0.03617778938114925,7.235549644186957,-1.827110615699001e-09,-5e-05,-5e-05,-9.187632450542193
51.54,0.6832286565322555,-0.03622778955398032,7.245549644186957,-1.7283107295668878e-10,-5e-05,-5e-05,-9.146118461691566
51.56,0.6825031007368811,-0.036277789768717886,7.2555496441869565,-2.147375632539098e-10,-5e-05,-5e-05,-9.104547176815357
51.58,0.6817765449240537,-0.03632779064137251,7.265549644186956,-8.726546222089106e-10,-5e-05,-5e-05,-9.06291859515965
51.6,0.6810489890995645,-0.03637779122445952,7.275549644186956,-5.830870084413688e-10,-5e-05,-5e-05,-9.021232717056254
51.620000000000005,0.6803204332643503,-0.0364277917607068,7.285549644186956,-5.362472802791352e-10,-5e-05,-5e-05,-8.979489542558856
51.64,0.6795908774426026,-0.03647779108738343,7.295549644186956,6.7332336848016e-10,-5e-05,-5e-05,-8.937689073053512
51.660000000000004,0.6788603216334286,-0.036527790458700894,7.305549644186955,6.286825331567555e-10,-5e-05,-5e-05,-8.895831308489075
51.68,0.6781287657983296,-0.036577791754949074,7.315549644186955,-1.2962481825827254e-09,-5e-05,-5e-05,-8.853916246659736
51.7,0.677396210076112,-0.036627786110879745,7.325549644186955,5.644069328535742e-09,-5e-05,-5e-05,-8.811943895518507
51.72,0.6766626543347265,-0.036677787069273146,7.335549644186955,-9.583934023156136e-10,-5e-05,-5e-05,-8.76991424749953
51.74,0.675928098723636,-0.03672778055452254,7.3455496441869546,6.514750606437509e-09,-5e-05,-5e-05,-8.727827311166392
51.76,0.6751925431523116,-0.03677777856621988,7.355549644186954,1.9883026591576924e-09,-5e-05,-5e-05,-8.685683081332169
51.78,0.6744559875421035,-0.03682778051040875,7.365549644186954,-1.9441888653983746e-09,-5e-05,-5e-05,-8.64348155349056
51.800000000000004,0.673718431936168,-0.03687778029677475,7.375549644186954,2.1363399721800595e-10,-5e-05,-5e-05,-8.601222730114243
51.82,0.6729798761872038,-0.03692778744820977,7.385549644186954,-7.151435018920388e-09,-5e-05,-5e-05,-8.558906602763471
51.84,0.6722403204395576,-0.036977787382310494,7.3955496441869535,6.589927726407042e-11,-5e-05,-5e-05,-8.516533179708704
51.86,0.6714997647931021,-0.0370277823227717,7.405549644186953,5.059538795735476e-09,-5e-05,-5e-05,-8.474102466672223
51.88,0.6707582091433835,-0.03707778248593327,7.415549644186953,-1.6316156576397662e-10,-5e-05,-5e-05,-8.43161445766926
51.9,0.6700156533927848,-0.03712778752993334,7.425549644186953,-5.044000075648565e-09,-5e-05,-5e-05,-8.389069147106788
51.92,0.6692720976113811,-0.03717778907018833,7.435549644186953,-1.5402549908020277e-09,-5e-05,-5e-05,-8.346466538999803
51.94,0.6685275417795803,-0.03722779159003664,7.445549644186952,-2.5198483096556934e-09,-5e-05,-5e-05,-8.303806632225765
51.96,0.6677819859848064,-0.03727778973869126,7.455549644186952,1.8513453785427734e-09,-5e-05,-5e-05,-8.261089431793701
51.980000000000004,0.6670354301848298,-0.037327789998833655,7.465549644186952,-2.601423958728096e-10,-5e-05,-5e-05,-8.218314935284027
52.0,0.6662878743186587,-0.03737779330855961,7.475549644186952,-3.3097259556273327e-09,-5e-05,-5e-05,-8.175483139202175
52.02,0.6655393185035405,-0.037427790755908664,7.485549644186952,2.552650946743099e-09,-5e-05,-5e-05,-8.132594050265931
52.04,0.6647897627068289,-0.03747778983558111,7.495549644186951,9.203275577814383e-10,-5e-05,-5e-05,-8.089647666604787
52.06,0.6640392069078025,-0.03752778995132117,7.505549644186951,-1.1574006015279113e-10,-5e-05,-5e-05,-8.046643987031507
52.08,0.6632876510736819,-0.03757779170602888,7.515549644186951,-1.7547077145461821e-09,-5e-05,-5e-05,-8.003583009667963
52.1,0.6625350952268326,-0.03762779234246426,7.525549644186951,-6.364353803012642e-10,-5e-05,-5e-05,-7.960464735795605
52.120000000000005,0.6617815393426497,-0.037677794209146104,7.5355496441869505,-1.866681844165282e-09,-5e-05,-5e-05,-7.917289164004675
52.14,0.6610269834459782,-0.037727794833573254,7.54554964418695,-6.244271534865492e-10,-5e-05,-5e-05,-7.874056295718688
52.160000000000004,0.6602714275612962,-0.037777794234099084,7.55554964418695,5.994741706033849e-10,-5e-05,-5e-05,-7.830766132340136
52.18,0.659514871714258,-0.0378277923519095,7.56554964418695,1.8821895834768704e-09,-5e-05,-5e-05,-7.7874186753389045
52.2,0.6587573158509102,-0.037877793167389345,7.57554964418695,-8.154798429286942e-10,-5e-05,-5e-05,-7.7440139216236865
52.22,0.657998759954173,-0.03792779483686381,7.585549644186949,-1.6694744635622314e-09,-5e-05,-5e-05,-7.7005518702158815
52.24,0.6572392040014695,-0.03797779763517329,7.595549644186949,-2.7983094827689157e-09,-5e-05,-5e-05,-7.657032519821932
52.26,0.6564786480179604,-0.03802779917545438,7.605549644186949,-1.5402810929728438e-09,-5e-05,-5e-05,-7.613455871883439
52.28,0.6557170920191048,-0.038077799942780675,7.615549644186949,-7.673262920270916e-10,-5e-05,-5e-05,-7.569821927286142
52.300000000000004,0.654954536059308,-0.03812779798984215,7.625549644186949,1.952938524430865e-09,-5e-05,-5e-05,-7.526130689147238
52.32,0.6541909800986369,-0.038177798033557774,7.635549644186948,-4.3715626113580235e-11,-5e-05,-5e-05,-7.482382155178725
52.34,0.6534264241646511,-0.038227796699284784,7.645549644186948,1.3342729883545461e-09,-5e-05,-5e-05,-7.4385763269596605
52.36,0.6526608682259548,-0.038277796934818,7.655549644186948,-2.355332093458126e-10,-5e-05,-5e-05,-7.394713202691186
52.38,0.6518943122227739,-0.038327800159041206,7.665549644186948,-3.2242232072835474e-09,-5e-05,-5e-05,-7.350792778948505
52.4,0.6511267562513806,-0.03837779856966859,7.6755496441869475,1.5893726172440583e-09,-5e-05,-5e-05,-7.306815061247603
52.42,0.6503582003086348,-0.03842779713729275,7.685549644186947,1.4323758379293869e-09,-5e-05,-5e-05,-7.262780049408569
52.44,0.6495886443564032,-0.03847779761158007,7.695549644186947,-4.742873176075655e-10,-5e-05,-5e-05,-7.2186877412465265
52.46,0.6488180884360032,-0.03852779601999991,7.705549644186947,1.5915801680247183e-09,-5e-05,-5e-05,-7.174538139128789
52.480000000000004,0.6480465325450551,-0.03857779454740801,7.715549644186947,1.4725918911012203e-09,-5e-05,-5e-05,-7.130331242919005
52.5,0.6472739766952743,-0.03862779248904003,7.7255496441869465,2.0583679821814344e-09,-5e-05,-5e-05,-7.086067053288425
52.52,0.6465004208395297,-0.038677792787230804,7.735549644186946,-2.9819077006874667e-10,-5e-05,-5e-05,-7.041745567536631
52.54,0.6457258650130728,-0.03872779132284832,7.745549644186946,1.4643824852888472e-09,-5e-05,-5e-05,-6.997366787683382
52.56,0.6449503092327461,-0.0387777890163383,7.755549644186946,2.306510025417978e-09,-5e-05,-5e-05,-6.952930714693685
52.58,0.6441737534726943,-0.03882778800258666,7.765549644186946,1.013751639049239e-09,-5e-05,-5e-05,-6.908437347086146
52.6,0.6433961977446617,-0.038877786401628756,7.775549644186945,1.6009579065969196e-09,-5e-05,-5e-05,-6.863886685533655
52.620000000000005,0.6426176420740948,-0.03892778352834999,7.785549644186945,2.8732787683464373e-09,-5e-05,-5e-05,-6.81927873149419
52.64,0.6418380864393933,-0.03897778173507327,7.795549644186945,1.7932767228563325e-09,-5e-05,-5e-05,-6.774613483730156
52.660000000000004,0.6410575307926533,-0.039027782337003526,7.805549644186945,-6.01930257698064e-10,-5e-05,-5e-05,-6.729890939496846
52.68,0.6402759752369006,-0.039077777787633855,7.8155496441869445,4.5493696697862614e-09,-5e-05,-5e-05,-6.685111104697217
52.7,0.6394934196977475,-0.039127776957651954,7.825549644186944,8.299818992716297e-10,-5e-05,-5e-05,-6.640273975069161
52.72,0.6387098641563693,-0.039177777068910756,7.835549644186944,-1.1125879951862226e-10,-5e-05,-5e-05,-6.595379549534101
52.74,0.6379253085825428,-0.03922777869132507,7.845549644186944,-1.6224143186567189e-09,-5e-05,-5e-05,-6.5504278263603775
52.76,0.6371397529951388,-0.039277779370201556,7.855549644186944,-6.788764821614561e-10,-5e-05,-5e-05,-6.505418806629208
52.78,0.6363531974062969,-0.039327779442096714,7.8655496441869435,-7.18951550637492e-11,-5e-05,-5e-05,-6.460352491036141
52.800000000000004,0.6355656418852764,-0.03937777605102693,7.875549644186943,3.3910697827507765e-09,-5e-05,-5e-05,-6.41522888354944
52.82,0.6347770863096738,-0.03942777878013385,7.885549644186943,-2.7291069198145956e-09,-5e-05,-5e-05,-6.370047977155899
52.84,0.6339875306940532,-0.03947778078103033,7.895549644186943,-2.0008964754663228e-09,-5e-05,-5e-05,-6.324809772689988
52.86,0.6331969751021538,-0.03952777959497361,7.905549644186943,1.1860567160931126e-09,-5e-05,-5e-05,-6.279514273803683
52.88,0.632405419449817,-0.03957778261684114,7.915549644186942,-3.02186752648877e-09,-5e-05,-5e-05,-6.23416147567506
52.9,0.6316128637673878,-0.03962778412146112,7.925549644186942,-1.5046199788770205e-09,-5e-05,-5e-05,-6.188751380042755
52.92,0.6308193081430998,-0.03967778121439685,7.935549644186942,2.907064268106269e-09,-5e-05,-5e-05,-6.143283991962186
52.94,0.6300247524270871,-0.03972778580063687,7.945549644186942,-4.586240023033942e-09,-5e-05,-5e-05,-6.097759302846662
52.96,0.6292291968023355,-0.03977778123758261,7.9555496441869415,4.563054258851551e-09,-5e-05,-5e-05,-6.0521773231805
52.980000000000004,0.6284326411772407,-0.03982778125473772,7.965549644186941,-1.7155104874223414e-11,-5e-05,-5e-05,-6.006538047715167
53.0,0.6276350855231309,-0.03987778270549515,7.975549644186941,-1.4507574340958865e-09,-5e-05,-5e-05,-5.960841474807874
53.02,0.6268365298277385,-0.03992778476961842,7.985549644186941,-2.064123272612756e-09,-5e-05,-5e-05,-5.915087603755759
53.04,0.6260369740763948,-0.03997778756718477,7.995549644186941,-2.7975663559287074e-09,-5e-05,-5e-05,-5.869276433718353
53.06,0.6252364183662339,-0.04002778550804677,8.00554964418694,2.0591380067814187e-09,-5e-05,-5e-05,-5.823407970261035
53.08,0.6244348627031595,-0.040077783153721146,8.01554964418694,2.3543256247409828e-09,-5e-05,-5e-05,-5.777482213722062
53.1,0.6236323070487455,-0.040127782720700375,8.02554964418694,4.3302077394929307e-10,-5e-05,-5e-05,-5.731499161899779
53.120000000000005,0.6228287514350073,-0.0401777806869136,8.03554964418694,2.033786776965053e-09,-5e-05,-5e-05,-5.685458816628534
53.14,0.6220241957915745,-0.040227782171636486,8.04554964418694,-1.484722890919543e-09,-5e-05,-5e-05,-5.639361173876406
53.160000000000004,0.6212186402105463,-0.04027777905141277,8.05554964418694,3.1202237161204884e-09,-5e-05,-5e-05,-5.593206238920279
53.18,0.6204120846322506,-0.04032777891478365,8.06554964418694,1.366291178073729e-10,-5e-05,-5e-05,-5.546994008341203
53.2,0.6196045291304183,-0.04037777509161734,8.075549644186939,3.8231663115002794e-09,-5e-05,-5e-05,-5.500724486363643
53.22,0.6187959735718278,-0.04042777792952549,8.085549644186939,-2.8379081469984304e-09,-5e-05,-5e-05,-5.4543976653545645
53.24,0.6179864180162359,-0.04047777777959655,8.095549644186939,1.499289411136688e-10,-5e-05,-5e-05,-5.408013548737778
53.26,0.6171758624736261,-0.04052777713048745,8.105549644186938,6.49109098225569e-10,-5e-05,-5e-05,-5.361572137085302
53.28,0.6163643070040759,-0.04057777347751495,8.115549644186938,3.6529724975435193e-09,-5e-05,-5e-05,-5.315073433839315
53.300000000000004,0.615551751550424,-0.04062777268259381,8.125549644186938,7.94921143083107e-10,-5e-05,-5e-05,-5.268517435724724
53.32,0.614738196124455,-0.04067777129844786,8.135549644186938,1.3841459478406437e-09,-5e-05,-5e-05,-5.221904143416735
53.34,0.6139236406843497,-0.04072777200526731,8.145549644186937,-7.068194491551143e-10,-5e-05,-5e-05,-5.175233554519278
53.36,0.6131080852302444,-0.04077777270526394,8.155549644186937,-6.99996634900671e-10,-5e-05,-5e-05,-5.1285056690401705
53.38,0.6122915297528257,-0.04082777387093392,8.165549644186937,-1.165669980493039e-09,-5e-05,-5e-05,-5.081720486445791
53.4,0.6114739743494392,-0.0408777701693288,8.175549644186937,3.701605121311971e-09,-5e-05,-5e-05,-5.034878012313625
53.42,0.6106554189234195,-0.04092777130098728,8.185549644186937,-1.1316584795580395e-09,-5e-05,-5e-05,-4.9879782411051625
53.44,0.6098358635913743,-0.0409777666022565,8.195549644186936,4.698730777297282e-09,-5e-05,-5e-05,-4.941021179501533
53.46,0.6090153082756984,-0.0410277657837984,8.205549644186936,8.184580991274943e-10,-5e-05,-5e-05,-4.894006823056277
53.480000000000004,0.6081937529425959,-0.041077766655120446,8.215549644186936,-8.713220441726262e-10,-5e-05,-5e-05,-4.846935169833041
53.5,0.6073711975788227,-0.041127768188659625,8.225549644186936,-1.533539181012989e-09,-5e-05,-5e-05,-4.79980621907299
53.52,0.6065476422680033,-0.04117776554097552,8.235549644186936,2.6476841057343396e-09,-5e-05,-5e-05,-4.75261997556745
53.54,0.6057230869324413,-0.0412277667781026,8.245549644186935,-1.2371270860007442e-09,-5e-05,-5e-05,-4.705376434864753
53.56,0.6048975315806983,-0.041277767587147955,8.255549644186935,-8.090453553716469e-10,-5e-05,-5e-05,-4.658075597455441
53.58,0.6040709762038994,-0.0413277688399463,8.265549644186935,-1.2527983478641745e-09,-5e-05,-5e-05,-4.61071746283102
53.6,0.6032434208196722,-0.041377769211357725,8.275549644186935,-3.7141142303167757e-10,-5e-05,-5e-05,-4.5633020320014746
53.620000000000005,0.602414865397652,-0.04142777110100992,8.285549644186935,-1.8896521906630333e-09,-5e-05,-5e-05,-4.5158293032270365
53.64,0.6015853099693604,-0.04147777141457991,8.295549644186934,-3.1356998764918604e-10,-5e-05,-5e-05,-4.468299278313763
53.660000000000004,0.6007547546394219,-0.041527766496929845,8.305549644186934,4.917650063227526e-09,-5e-05,-5e-05,-4.420711963256187
53.68,0.599923199370607,-0.04157776344074458,8.315549644186934,3.0561852615357943e-09,-5e-05,-5e-05,-4.373067355921229
53.7,0.5990906441823732,-0.04162775941168999,8.325549644186934,4.029054592055202e-09,-5e-05,-5e-05,-4.325365457423714
53.72,0.5982570889921792,-0.04167775950969804,8.335549644186933,-9.800805762523146e-11,-5e-05,-5e-05,-4.2776062630343725
53.74,0.597422533835973,-0.04172775781031156,8.345549644186933,1.6993864813599572e-09,-5e-05,-5e-05,-4.2297897748128745
53.76,0.5965869786631776,-0.0417777586397732,8.355549644186933,-8.29461641489446e-10,-5e-05,-5e-05,-4.181915989861372
53.78,0.5957504234693,-0.041827759693879876,8.365549644186933,-1.0541066776783769e-09,-5e-05,-5e-05,-4.133984907922438
53.800000000000004,0.5949128682663012,-0.041877760149940116,8.375549644186933,-4.5606023618924505e-10,-5e-05,-5e-05,-4.085996529681385
53.82,0.5940743130479945,-0.04192776091533295,8.385549644186932,-7.653928334318124e-10,-5e-05,-5e-05,-4.037950854783741
53.84,0.5932347578044302,-0.041977762178214424,8.395549644186932,-1.2628814716071454e-09,-5e-05,-5e-05,-3.9898478826594306
53.86,0.5923942026056537,-0.04202775993882623,8.405549644186932,2.2393881938747725e-09,-5e-05,-5e-05,-3.9416876173217528
53.88,0.5915526474730899,-0.042077756628190265,8.415549644186932,3.310635967302139e-09,-5e-05,-5e-05,-3.8934700599982754
53.9,0.5907100923332882,-0.04212775699008347,8.425549644186932,-3.6189320415144575e-10,-5e-05,-5e-05,-3.845195206480583
53.92,0.5898665372113536,-0.04217775609673109,8.435549644186931,8.933523788490136e-10,-5e-05,-5e-05,-3.796863058207089
53.94,0.5890219821873488,-0.042227751200238764,8.445549644186931,4.8964923281686376e-09,-5e-05,-5e-05,-3.7484736197650426
53.96,0.5881764271700616,-0.04227775086436401,8.455549644186931,3.358747552131641e-10,-5e-05,-5e-05,-3.700026885928373
53.980000000000004,0.58732987218651,-0.04232774917757596,8.46554964418693,1.6867880494150641e-09,-5e-05,-5e-05,-3.6515228582451016
54.0,0.5864823172488955,-0.042377746880725174,8.47554964418693,2.2968507852028405e-09,-5e-05,-5e-05,-3.602961537414319
54.02,0.5856337623147202,-0.04242774670876672,8.48554964418693,1.7195845592528794e-10,-5e-05,-5e-05,-3.55434292100107
54.04,0.5847842073809796,-0.042477746687028355,8.49554964418693,2.1738364405222285e-11,-5e-05,-5e-05,-3.5056670088332167
54.06,0.5839336524315218,-0.042527747472885215,8.50554964418693,-7.858568612989948e-10,-5e-05,-5e-05,-3.4569337999853254
54.08,0.5830820974778123,-0.04257774768548023,8.51554964418693,-2.1259501586742878e-10,-5e-05,-5e-05,-3.4081432951143076
54.1,0.5822295425550374,-0.042627746138738994,8.52554964418693,1.5467412364147e-09,-5e-05,-5e-05,-3.3592954962362094
54.120000000000005,0.5813759876686123,-0.04267774432125848,8.53554964418693,1.8174805111359287e-09,-5e-05,-5e-05,-3.310390403661281
54.14,0.5805214327703614,-0.04272774491254721,8.545549644186929,-5.912887271291626e-10,-5e-05,-5e-05,-3.2614280146292716
54.160000000000004,0.579665877889056,-0.04277774406527195,8.555549644186929,8.472752602494671e-10,-5e-05,-5e-05,-3.212408330788656
54.18,0.5788093230173693,-0.04282774358433398,8.565549644186929,4.809379660088968e-10,-5e-05,-5e-05,-3.1633313517196395
54.2,0.5779517681441322,-0.04287774366185817,8.575549644186928,-7.752419210532366e-11,-5e-05,-5e-05,-3.1141970767822755
54.22,0.5770932132618483,-0.042927744114198696,8.585549644186928,-4.523405243856146e-10,-5e-05,-5e-05,-3.0650055055470555
54.24,0.5762336584322872,-0.04297774147805076,8.595549644186928,2.6361479388163903e-09,-5e-05,-5e-05,-3.0157566415531227
54.26,0.5753731035720342,-0.04302774301265508,8.605549644186928,-1.5346043185685146e-09,-5e-05,-5e-05,-2.9664504800211526
54.28,0.5745115486379458,-0.04307774670441865,8.615549644186927,-3.691763569383362e-09,-5e-05,-5e-05,-2.917087018479218
54.300000000000004,0.5736489936771516,-0.0431277480397117,8.625549644186927,-1.3352930528239355e-09,-5e-05,-5e-05,-2.8676662596276365
54.32,0.5727854386974344,-0.0431777489858604,8.635549644186927,-9.461486997497637e-10,-5e-05,-5e-05,-2.818188203912333
54.34,0.5719208836833577,-0.04322775070383279,8.645549644186927,-1.7179723921593555e-09,-5e-05,-5e-05,-2.7686528504488663
54.36,0.5710553286146927,-0.043277753433254344,8.655549644186927,-2.729421549467827e-09,-5e-05,-5e-05,-2.7190601980782034
54.38,0.5701887734706095,-0.04332775720416125,8.665549644186926,-3.770906905470325e-09,-5e-05,-5e-05,-2.6694102456068864
54.4,0.5693212182720689,-0.0433777599270272,8.675549644186926,-2.7228659458920723e-09,-5e-05,-5e-05,-2.619702994235879
54.42,0.5684526630719778,-0.043427760004556365,8.685549644186926,-7.752916310427859e-11,-5e-05,-5e-05,-2.5699384469965185
54.44,0.5675831078960284,-0.04347775879747388,8.695549644186926,1.2070824869923387e-09,-5e-05,-5e-05,-2.5201166053608595
54.46,0.5667125527205673,-0.04352775877305369,8.705549644186926,2.442018972817524e-11,-5e-05,-5e-05,-2.4702374679736683
54.480000000000004,0.5658409975978393,-0.043577756136395945,8.715549644186925,2.636657746757049e-09,-5e-05,-5e-05,-2.4203010378283496
54.5,0.5649684424700981,-0.043627756387057556,8.725549644186925,-2.506616127598314e-10,-5e-05,-5e-05,-2.3703073116162803
54.52,0.5640948873053561,-0.0436777582371043,8.735549644186925,-1.8500467424571383e-09,-5e-05,-5e-05,-2.3202562875047037
54.54,0.5632203320748431,-0.043727761525648064,8.745549644186925,-3.288543765943865e-09,-5e-05,-5e-05,-2.2701479638452216
54.56,0.5623447767970846,-0.04377776388792609,8.755549644186924,-2.362278025443376e-09,-5e-05,-5e-05,-2.219982341699254
54.58,0.5614682214998461,-0.0438277648619264,8.765549644186924,-9.740003068804193e-10,-5e-05,-5e-05,-2.169759422657652
54.6,0.5605906662428206,-0.04387776285127519,8.775549644186924,2.010651206205632e-09,-5e-05,-5e-05,-2.1194792101405735
54.620000000000005,0.5597121110014018,-0.04392776207093975,8.785549644186924,7.803354389000381e-10,-5e-05,-5e-05,-2.0691417027381807
54.64,0.5588325557493836,-0.04397776260091319,8.795549644186924,-5.299734399942084e-10,-5e-05,-5e-05,-2.0187468989489714
54.660000000000004,0.5579520004974033,-0.04402776259901594,8.805549644186923,1.897254778844363e-12,-5e-05,-5e-05,-1.9682947993824227
54.68,0.5570704452626701,-0.04407776173665923,8.815549644186923,8.623567111036809e-10,-5e-05,-5e-05,-1.9177854050245453
54.7,0.5561878900002226,-0.0441277631223731,8.825549644186923,-1.385713874743674e-09,-5e-05,-5e-05,-1.867218713299242
54.72,0.5553043347254948,-0.04417776373639305,8.835549644186923,-6.140199554946921e-10,-5e-05,-5e-05,-1.8165947250908152
54.74,0.5544197794780111,-0.044227762374185325,8.845549644186923,1.3622077274254589e-09,-5e-05,-5e-05,-1.7659134426638516
54.76,0.5535342241560728,-0.044277766096919274,8.855549644186922,-3.722733950476065e-09,-5e-05,-5e-05,-1.7151748601914356
54.78,0.5526476688718418,-0.04432776421155109,8.865549644186922,1.885368187076297e-09,-5e-05,-5e-05,-1.6643789840999792
54.800000000000004,0.5517601135645873,-0.044377765362722886,8.875549644186922,-1.1511718001678718e-09,-5e-05,-5e-05,-1.6135258109098602
54.82,0.5508715583495982,-0.04442776074945347,8.885549644186922,4.613269419400331e-09,-5e-05,-5e-05,-1.5626153472266455
54.84,0.5499820029816063,-0.044477768399596516,8.895549644186922,-7.650143051239658e-09,-5e-05,-5e-05,-1.5116475789974995
54.86,0.5490914476088606,-0.04452776863728244,8.905549644186921,-2.376859215697298e-10,-5e-05,-5e-05,-1.4606225147164753
54.88,0.5481998922924544,-0.044577765820314134,8.915549644186921,2.816968305290956e-09,-5e-05,-5e-05,-1.4095401578839448
54.9,0.5473073369298488,-0.044627768130279306,8.92554964418692,-2.30996517296455e-09,-5e-05,-5e-05,-1.3584005026248767
54.92,0.5464137815891792,-0.044677767033480746,8.93554964418692,1.0967985576087825e-09,-5e-05,-5e-05,-1.3072035528431343
54.94,0.5455192261829034,-0.044727770313788925,8.94554964418692,-3.2803081787804107e-09,-5e-05,-5e-05,-1.25594930352292
54.96,0.5446236707613921,-0.044777771075564334,8.95554964418692,-7.61775409657905e-10,-5e-05,-5e-05,-1.2046377575502618
54.980000000000004,0.5437271152087758,-0.044827777630812075,8.96554964418692,-6.555247740251336e-09,-5e-05,-5e-05,-1.1532689082863314
55.0,0.5428295597336725,-0.04487777375516582,8.97554964418692,3.875646251750786e-09,-5e-05,-5e-05,-1.1018427676840536
55.02,0.5419310042962943,-0.04492777186891425,8.98554964418692,1.8862515670047095e-09,-5e-05,-5e-05,-1.0503593334637473
55.04,0.5410314488120905,-0.04497777421018896,8.99554964418692,-2.3412747075931528e-09,-5e-05,-5e-05,-0.9988186007810264
55.06,0.5401308932989081,-0.04502777565912077,9.00554964418692,-1.4489318084519905e-09,-5e-05,-5e-05,-0.9472205706584331
55.08,0.5392293378249573,-0.045077773697538875,9.015549644186919,1.9615818943312568e-09,-5e-05,-5e-05,-0.8955652470041376
55.1,0.5383267823118357,-0.045127775656077576,9.025549644186919,-1.958538697890992e-09,-5e-05,-5e-05,-0.8438526253260071
55.120000000000005,0.537423226792297,-0.0451777759769324,9.035549644186919,-3.208548259067753e-10,-5e-05,-5e-05,-0.7920827075006898
55.14,0.5365186711920663,-0.04522778001153641,9.045549644186918,-4.0346040137909576e-09,-5e-05,-5e-05,-0.7402554892725461
55.160000000000004,0.5356131155742574,-0.04527778089044376,9.055549644186918,-8.789073454164169e-10,-5e-05,-5e-05,-0.6883709742577334
55.18,0.5347065599590641,-0.045327780759665044,9.065549644186918,1.3077871312436393e-10,-5e-05,-5e-05,-0.6364291636132736
55.2,0.5337990043312775,-0.0453777813893319,9.075549644186918,-6.29666854767477e-10,-5e-05,-5e-05,-0.5844300564677521
55.22,0.5328904487414373,-0.04542777949200948,9.085549644186917,1.897322413026088e-09,-5e-05,-5e-05,-0.5323736557168922
55.24,0.5319808931694666,-0.045477778598536384,9.095549644186917,8.934730986978577e-10,-5e-05,-5e-05,-0.4802599602103635
55.26,0.5310703375779983,-0.045527779573415875,9.105549644186917,-9.748794941901856e-10,-5e-05,-5e-05,-0.42808896780718847
55.28,0.5301587820883698,-0.0455777744814274,9.115549644186917,5.0919884773187645e-09,-5e-05,-5e-05,-0.37586068545949336
55.300000000000004,0.5292478906087306,-0.04554457398196033,9.108909811815481,1.337609886805487e-09,3.31991618571809e-05,3.31991618571809e-05,-0.3236704480817412
55.32,0.5283379990452217,-0.045494578175443084,9.098909811815481,-4.1934827515154486e-09,5e-05,5e-05,-0.2715375016781246
55.34,0.5274291074664218,-0.04544457893999396,9.088909811815482,-7.645508735235321e-10,5e-05,5e-05,-0.21946185017790712
55.36,0.5265212159803796,-0.04539457430210814,9.078909811815482,4.63788582330536e-09,5e-05,5e-05,-0.16744349977182854
55.38,0.525614324472195,-0.045344575409227435,9.068909811815482,-1.1071193008286528e-09,5e-05,5e-05,-0.11548244387659869
55.4,0.5247084329584227,-0.04529457568861604,9.058909811815482,-2.7938860803354577e-10,5e-05,5e-05,-0.06357868344072892
55.42,0.5238035415254717,-0.04524457164755111,9.048909811815482,4.041064937443923e-09,5e-05,5e-05,-0.011732223415089758
55.44,0.5228996500874132,-0.04519457190292131,9.038909811815483,-2.5537019968779854e-10,5e-05,5e-05,0.040056941123671155
55.46,0.5219967586384421,-0.0451445724485579,9.028909811815483,-5.456365924414473e-10,5e-05,5e-05,0.09178881050816987
55.480000000000004,0.5210948672054369,-0.0450945716502625,9.018909811815483,7.982954016383509e-10,5e-05,5e-05,0.14346338319837543
55.5,0.5201939757258762,-0.04504457397802988,9.008909811815483,-2.32776738264514e-09,5e-05,5e-05,0.1950806627764957
55.52,0.5192940841921453,-0.044994576686545835,8.998909811815484,-2.7085159591664417e-09,5e-05,5e-05,0.24664064967883279
55.54,0.5183951926730979,-0.044944575952371606,8.988909811815484,7.341742305308528e-10,5e-05,5e-05,0.2981433399603539
55.56,0.5174973011607138,-0.04489457561920265,8.978909811815484,3.331689561219098e-10,5e-05,5e-05,0.3495887340805792
55.58,0.516600409574459,-0.04484457931274092,8.968909811815484,-3.6935382710829436e-09,5e-05,5e-05,0.4009768366537748
55.6,0.5157045179095935,-0.04479458324327285,8.958909811815484,-3.930531931112461e-09,5e-05,5e-05,0.4523076479515155
55.620000000000005,0.5148096262127817,-0.044744584840588,8.948909811815485,-1.5973151453359497e-09,5e-05,5e-05,0.5035811653001315
55.64,0.5139157345238413,-0.044694584447019264,8.938909811815485,3.935687349331899e-10,5e-05,5e-05,0.5547973864182366
55.660000000000004,0.5130228428677862,-0.0446445828027552,8.928909811815485,1.6442640662074151e-09,5e-05,5e-05,0.6059563098726409
55.68,0.5121309511907912,-0.044594583849752,8.918909811815485,-1.0469967986750018e-09,5e-05,5e-05,0.6570579387472993
55.7,0.5112400594881478,-0.0445445851321739,8.908909811815485,-1.2824219009959896e-09,5e-05,5e-05,0.7081022733119928
55.72,0.5103501676702595,-0.044494590894409894,8.898909811815486,-5.762235993205327e-09,5e-05,5e-05,0.759089318700213
55.74,0.5094612757766231,-0.044444594681819403,8.888909811815486,-3.787409506512934e-09,5e-05,5e-05,0.8100190726489699
55.76,0.5085733838879568,-0.04439459443331865,8.878909811815486,2.4850075697231547e-10,5e-05,5e-05,0.8608915305334505
55.78,0.5076864920837377,-0.04434459021095511,8.868909811815486,4.222363537378232e-09,5e-05,5e-05,0.9117066877999468
55.800000000000004,0.5068006002401724,-0.04429459217826864,8.858909811815487,-1.9673135244492464e-09,5e-05,5e-05,0.9624645515413054
55.82,0.5059157084320075,-0.04424459040824571,8.848909811815487,1.7700229262841945e-09,5e-05,5e-05,1.0131651174748524
55.84,0.5050318165239781,-0.0441945954014719,8.838909811815487,-4.9932261910007354e-09,5e-05,5e-05,1.0638083933507025
55.86,0.5041489246078407,-0.044144595806872806,8.828909811815487,-4.054009043560153e-10,5e-05,5e-05,1.114394373911596
55.88,0.5032670326595658,-0.04409459741374021,8.818909811815487,-1.6068674015971692e-09,5e-05,5e-05,1.1649230605343124
55.9,0.5023861407845562,-0.044044593750478846,8.808909811815488,3.6632613645847105e-09,5e-05,5e-05,1.215394447179729
55.92,0.5015062489540251,-0.04399459152655866,8.798909811815488,2.2239201850883253e-09,5e-05,5e-05,1.265808535497205
55.94,0.5006273570982006,-0.04394459279122526,8.788909811815488,-1.2646666034973092e-09,5e-05,5e-05,1.3161653294843672
55.96,0.49974946520969865,-0.043894594425097355,8.778909811815488,-1.6338720940826408e-09,5e-05,5e-05,1.3664648295642987
55.980000000000004,0.49887257335748536,-0.04384459261066483,8.768909811815488,1.8144325193948441e-09,5e-05,5e-05,1.4167070317855297
56.0,0.49799668141620074,-0.043794597064231555,8.758909811815489,-4.453566722792913e-09,5e-05,5e-05,1.4668919433306593
56.02,0.49712178947466024,-0.04374459707702445,8.748909811815489,-1.2792900096815244e-11,5e-05,5e-05,1.5170195591109363
56.04,0.496247897531762,-0.043694597144910585,8.738909811815489,-6.78861339075397e-11,5e-05,5e-05,1.5670898791894918
56.06,0.4953750056112969,-0.043644596023256654,8.72890981181549,1.1216539304059152e-09,5e-05,5e-05,1.617102902203213
56.08,0.4945031137266129,-0.04359459423420067,8.71890981181549,1.789055982309537e-09,5e-05,5e-05,1.6670586273873138
56.1,0.4936322218322033,-0.04354459472047888,8.70890981181549,-4.862782070500915e-10,5e-05,5e-05,1.716957057349136
56.120000000000005,0.49276232991471175,-0.04349459587457719,8.69890981181549,-1.154098316120999e-09,5e-05,5e-05,1.7667981928539436
56.14,0.49189343798873353,-0.04344459629891171,8.68890981181549,-4.243345183060686e-10,5e-05,5e-05,1.8165820330654892
56.160000000000004,0.49102554609786114,-0.0433945945436192,8.67890981181549,1.7552925076451188e-09,5e-05,5e-05,1.8663085754861055
56.18,0.4901586542610184,-0.04334459184213765,8.66890981181549,2.701481547774411e-09,5e-05,5e-05,1.9159778190315382
56.2,0.48929276242224967,-0.04329459193843647,8.65890981181549,-9.629881685485395e-11,5e-05,5e-05,1.9655897669078088
56.22,0.4884278705733769,-0.04324459244363973,8.648909811815491,-5.05203257452836e-10,5e-05,5e-05,2.015144419583486
56.24,0.4875639787102603,-0.04319459315582917,8.638909811815491,-7.121894441513056e-10,5e-05,5e-05,2.0646417772957597
56.26,0.48670108681258467,-0.043144594883782535,8.628909811815491,-1.7279533651814367e-09,5e-05,5e-05,2.1140818412086078
56.28,0.48583919483350535,-0.04309459895396685,8.618909811815492,-4.070184314462135e-09,5e-05,5e-05,2.1634646140060307
56.300000000000004,0.48497830288261046,-0.04304459754474439,8.608909811815492,1.4092224572644947e-09,5e-05,5e-05,2.2127900894090917
56.32,0.4841184108241636,-0.04299460292234137,8.598909811815492,-5.377596978019454e-09,5e-05,5e-05,2.262058275194912
56.34,0.48325951873235296,-0.04294460459053319,8.588909811815492,-1.6681918202410992e-09,5e-05,5e-05,2.3112691671128265
56.36,0.4824016266521865,-0.04289460400832173,8.578909811815493,5.822114611922809e-10,5e-05,5e-05,2.3604227625840632
56.38,0.48154473454741786,-0.04284460523843283,8.568909811815493,-1.230111103553589e-09,5e-05,5e-05,2.409519063685388
56.4,0.4806888423847798,-0.04279460813190148,8.558909811815493,-2.8934686504058416e-09,5e-05,5e-05,2.458558072322872
56.42,0.47983395023320036,-0.04274460757897441,8.548909811815493,5.52927074485047e-10,5e-05,5e-05,2.507539784547234
56.44,0.47898005806552224,-0.042694608383906034,8.538909811815493,-8.049316267165892e-10,5e-05,5e-05,2.556464201914467
56.46,0.47812716591779186,-0.042644607386520234,8.528909811815494,9.97385797241217e-10,5e-05,5e-05,2.605331322359266
56.480000000000004,0.4772752737619206,-0.04259460779356493,8.518909811815494,-4.0704469838130166e-10,5e-05,5e-05,2.6541411474909915
56.5,0.47642438163252576,-0.0425446064697419,8.508909811815494,1.3238230303348226e-09,5e-05,5e-05,2.702893675326214
56.52,0.4755744895977999,-0.04249460173629239,8.498909811815494,4.733449512056498e-09,5e-05,5e-05,2.7515889019577915
56.54,0.4747255975499353,-0.04244460239322931,8.488909811815494,-6.569369178026275e-10,5e-05,5e-05,2.80022683356265
56.56,0.47387770548488434,-0.04239460325255001,8.478909811815495,-8.593207036693837e-10,5e-05,5e-05,2.848807470372703
56.58,0.4730308133896517,-0.04234460476163192,8.468909811815495,-1.509081904674023e-09,5e-05,5e-05,2.897330813132525
56.6,0.47218492122572636,-0.042294608196267354,8.458909811815495,-3.4346354375052042e-09,5e-05,5e-05,2.945796864048635
56.620000000000005,0.4713400290715746,-0.04224460770759043,8.448909811815495,4.886769241643783e-10,5e-05,5e-05,2.994205618625249
56.64,0.47049613685430347,-0.04219461086355495,8.438909811815495,-3.1559645208806853e-09,5e-05,5e-05,3.04255708103882
56.660000000000004,0.469653244656128,-0.042144609908772,8.428909811815496,9.547829451997404e-10,5e-05,5e-05,3.0908512465787785
56.68,0.46881135252307704,-0.0420946066525498,8.418909811815496,3.2562222017278947e-09,5e-05,5e-05,3.1390881126078654
56.7,0.4679704604094501,-0.04204460568134647,8.408909811815496,9.712033297660244e-10,5e-05,5e-05,3.1872676817445234
56.72,0.4671305682167687,-0.041994609634072325,8.398909811815496,-3.952725853646009e-09,5e-05,5e-05,3.235389959631158
56.74,0.46629167601925786,-0.041944609875542285,8.388909811815497,-2.4146995847376494e-10,5e-05,5e-05,3.2834549420149832
56.76,0.4654537838120545,-0.041894610360167485,8.378909811815497,-4.84625201628183e-10,5e-05,5e-05,3.3314626291746374
56.78,0.4646168915584988,-0.0418446126777843,8.368909811815497,-2.317616812168973e-09,5e-05,5e-05,3.379413023210572
56.800000000000004,0.4637809992910627,-0.04179461337180322,8.358909811815497,-6.94018924260771e-10,5e-05,5e-05,3.42730612226228
56.82,0.46294610700196215,-0.04174461445502791,8.348909811815497,-1.0832246884684318e-09,5e-05,5e-05,3.475141926775758
56.84,0.46211221470981984,-0.04169461460711505,8.338909811815498,-1.5208714161948695e-10,5e-05,5e-05,3.5229204356840027
56.86,0.4612793224479686,-0.041644613092561726,8.328909811815498,1.5145533274746065e-09,5e-05,5e-05,3.5706416470771836
56.88,0.4604474302228878,-0.0415946112540392,8.318909811815498,1.838522525705547e-09,5e-05,5e-05,3.61830556058406
56.9,0.4596165378806103,-0.041544617113875804,8.308909811815498,-5.859836598408651e-09,5e-05,5e-05,3.665912185026301
56.92,0.45878664552863985,-0.04149461759852323,8.298909811815498,-4.846474267468944e-10,5e-05,5e-05,3.713461514244393
56.94,0.4579577531741716,-0.04144461772341325,8.288909811815499,-1.2489001954007435e-10,5e-05,5e-05,3.760953547826086
56.96,0.4571298608069822,-0.04139461835946986,8.278909811815499,-6.360566078448903e-10,5e-05,5e-05,3.808388286357133
56.980000000000004,0.45630296842574725,-0.041344619061747453,8.268909811815499,-7.022775983495193e-10,5e-05,5e-05,3.8557657299134185
57.0,0.45547707591301245,-0.04129462563673959,8.2589098118155,-6.574992141903118e-09,5e-05,5e-05,3.903085885224577
57.02,0.4546521834187721,-0.0412446247120164,8.2489098118155,9.247231965021159e-10,5e-05,5e-05,3.950348743696568
57.04,0.45382829095702765,-0.041194623087223034,8.2389098118155,1.6247933637589203e-09,5e-05,5e-05,3.9975543045271693
57.06,0.4530053986240294,-0.041144616649911966,8.2289098118155,6.437311070917459e-09,5e-05,5e-05,4.0447025622016435
57.08,0.4521835062369646,-0.04109461935323736,8.2189098118155,-2.703325397171247e-09,5e-05,5e-05,4.091793527194387
57.1,0.45136261384797616,-0.041044619449424426,8.2089098118155,-9.618706290397e-11,5e-05,5e-05,4.138827196517838
57.120000000000005,0.4505427214692641,-0.04099461893560176,8.1989098118155,5.138226663770116e-10,5e-05,5e-05,4.18580356947298
57.14,0.44972382911336783,-0.040944617794814696,8.1889098118155,1.1407870668137314e-09,5e-05,5e-05,4.2327226453413616
57.160000000000004,0.44890593678336443,-0.0408946165001706,8.178909811815501,1.2946440914996268e-09,5e-05,5e-05,4.279584423946678
57.18,0.44808904444742637,-0.0408446167969032,8.168909811815501,-2.9673260264020947e-10,5e-05,5e-05,4.326388907112512
57.2,0.4472731520745872,-0.040794618641960496,8.158909811815501,-1.8450572940867499e-09,5e-05,5e-05,4.373136096613112
57.22,0.44645825974671116,-0.04074461639380177,8.148909811815502,2.248158724555792e-09,5e-05,5e-05,4.419825987757998
57.24,0.4456443673750143,-0.04069461858484351,8.138909811815502,-2.1910417365605985e-09,5e-05,5e-05,4.466458585634122
57.26,0.4448314748871167,-0.04064462439487829,8.128909811815502,-5.810034780440461e-09,5e-05,5e-05,4.513033894388542
57.28,0.4440195824256673,-0.04059462307247113,8.118909811815502,1.3224071570322767e-09,5e-05,5e-05,4.559551905848081
57.300000000000004,0.44320868996253676,-0.04054462315652649,8.108909811815503,-8.405535830693317e-11,5e-05,5e-05,4.606012621624429
57.32,0.442398797411324,-0.040494627560637916,8.098909811815503,-4.404111427543594e-09,5e-05,5e-05,4.652416046668004
57.34,0.44158990495941125,-0.04044462259563683,8.088909811815503,4.9650010840857395e-09,5e-05,5e-05,4.698762170242593
57.36,0.4407820124876842,-0.040394623586351916,8.078909811815503,-9.907150865846067e-10,5e-05,5e-05,4.7450509991729435
57.38,0.4399751200556746,-0.04034462160048149,8.068909811815503,1.98587043125841e-09,5e-05,5e-05,4.791282530048143
57.4,0.4391692276381612,-0.04029462087566976,8.058909811815504,7.248117250013787e-10,5e-05,5e-05,4.837456764313255
57.42,0.4383643351478231,-0.04024462451690505,8.048909811815504,-3.6412352934840323e-09,5e-05,5e-05,4.8835737069714025
57.44,0.43756044265663224,-0.04019462455954325,8.038909811815504,-4.2638199488758323e-11,5e-05,5e-05,4.929633353898896
57.46,0.4367575502110857,-0.040144622277327915,8.028909811815504,2.282215336957487e-09,5e-05,5e-05,4.97563570243165
57.480000000000004,0.4359556577727337,-0.04009462191759908,8.018909811815504,3.597288364449138e-10,5e-05,5e-05,5.021580754772674
57.5,0.435154765446104,-0.04004461633148571,8.008909811815505,5.586113364040583e-09,5e-05,5e-05,5.067468504932969
57.52,0.43435487313776516,-0.03999461541693996,7.998909811815505,9.145457532248958e-10,5e-05,5e-05,5.113298958265761
57.54,0.433555980823119,-0.039944615732305885,7.988909811815505,-3.1536592329779383e-10,5e-05,5e-05,5.159072116180423
57.56,0.4327580885016749,-0.03989461607220465,7.978909811815505,-3.398987660828808e-10,5e-05,5e-05,5.204787978705066
57.58,0.431961196163952,-0.03984461688614373,7.9689098118155055,-8.139390740712409e-10,5e-05,5e-05,5.250446546382902
57.6,0.4311653037978654,-0.03979461830433238,7.958909811815506,-1.4181886561729278e-09,5e-05,5e-05,5.296047819906346
57.620000000000005,0.4303704114975559,-0.039744615015474404,7.948909811815506,3.288857976743076e-09,5e-05,5e-05,5.341591793881526
57.64,0.42957651920306694,-0.03969461472444648,7.938909811815506,2.9102792624377884e-10,5e-05,5e-05,5.3870784717437
57.660000000000004,0.42878362691282584,-0.03964461451205537,7.928909811815506,2.1239110629213096e-10,5e-05,5e-05,5.432507853582977
57.68,0.427991734649589,-0.039594613161842526,7.918909811815507,1.3502128463927325e-09,5e-05,5e-05,5.47787993809551
57.7,0.4272008423457986,-0.03954461518951993,7.908909811815507,-2.0276774072443553e-09,5e-05,5e-05,5.52319472915208
57.72,0.42641095009038155,-0.03949461277085088,7.898909811815507,2.4186690526327285e-09,5e-05,5e-05,5.568452221657546
57.74,0.42562205783463325,-0.039444612787413805,7.888909811815507,-1.656292360760964e-11,5e-05,5e-05,5.613652418402478
57.76,0.4248341655178876,-0.03939461583728261,7.878909811815507,-3.0498688043673597e-09,5e-05,5e-05,5.6587953228627885
57.78,0.4240472732380383,-0.03934461399246594,7.868909811815508,1.844816666453561e-09,5e-05,5e-05,5.70388092942958
57.800000000000004,0.4232613808517583,-0.0392946193140011,7.858909811815508,-5.321535157907036e-09,5e-05,5e-05,5.7489092463148905
57.82,0.4224764884194333,-0.03924462161624969,7.848909811815508,-2.302248592273705e-09,5e-05,5e-05,5.79388027005887
57.84,0.4216925960778282,-0.03919461708025296,7.838909811815508,4.535996734594532e-09,5e-05,5e-05,5.838793992825469
57.86,0.4209097037536463,-0.03914461620909727,7.8289098118155085,8.711556926560974e-10,5e-05,5e-05,5.883650418814281
57.88,0.42012781140896005,-0.039094617234311034,7.818909811815509,-1.0252137671261788e-09,5e-05,5e-05,5.9284495501983905
57.9,0.41934691902877064,-0.03904461900946967,7.808909811815509,-1.7751586346412093e-09,5e-05,5e-05,5.973191387837169
57.92,0.4185670266652038,-0.03899461817834364,7.798909811815509,8.3112603389099e-10,5e-05,5e-05,6.017875928744032
57.94,0.41778813431271744,-0.038944617624318244,7.788909811815509,5.540253967172744e-10,5e-05,5e-05,6.062503173236516
57.96,0.41701024196702774,-0.03889461728448561,7.77890981181551,3.3983263502504797e-10,5e-05,5e-05,6.1070731215600675
57.980000000000004,0.4162333494975038,-0.03884462347619846,7.76890981181551,-6.191712846830092e-09,5e-05,5e-05,6.151585781199286
58.0,0.415457456993729,-0.03879462518873937,7.75890981181551,-1.7125409136289868e-09,5e-05,5e-05,6.19604114702142
58.02,0.41468256442855383,-0.03874462825875794,7.74890981181551,-3.0700185736995597e-09,5e-05,5e-05,6.240439220582022
58.04,0.4139086717833004,-0.03869463226267362,7.73890981181551,-4.003915675253108e-09,5e-05,5e-05,6.284780002951261
58.06,0.4131357791448273,-0.038644631923654006,7.728909811815511,3.3901961470905176e-10,5e-05,5e-05,6.329063489152499
58.08,0.4123638866139893,-0.03859462654190001,7.718909811815511,5.381753993753228e-09,5e-05,5e-05,6.373289673407187
58.1,0.4115929940622261,-0.03854462758815974,7.708909811815511,-1.046259727567549e-09,5e-05,5e-05,6.417458563081289
58.120000000000005,0.4108231016708579,-0.03849461956841148,7.698909811815511,8.01974826339673e-09,5e-05,5e-05,6.461570147785922
58.14,0.4100542093110516,-0.03844461799031626,7.6889098118155115,1.5780952153531768e-09,5e-05,5e-05,6.505624434902678
58.160000000000004,0.4092863169783845,-0.038394616633351475,7.678909811815512,1.3569647829957403e-09,5e-05,5e-05,6.549621424684956
58.18,0.4085194246099747,-0.03834461842049213,7.668909811815512,-1.7871406566984731e-09,5e-05,5e-05,6.593561120735631
58.2,0.4077535322357725,-0.03829461871011193,7.658909811815512,-2.8961979760463386e-10,5e-05,5e-05,6.637443521338672
58.22,0.4069886398738555,-0.038244618095851196,7.648909811815512,6.142607320372866e-10,5e-05,5e-05,6.68126862545831
58.24,0.4062247475472789,-0.0381946163288284,7.6389098118155125,1.7670227928956185e-09,5e-05,5e-05,6.725036431773577
58.26,0.4054618552527126,-0.03814461472831497,7.628909811815513,1.6005134306460567e-09,5e-05,5e-05,6.7687469404752765
58.28,0.40469996290289373,-0.038094617490943915,7.618909811815513,-2.7626289444672264e-09,5e-05,5e-05,6.8124001565632035
58.300000000000004,0.4039390703924912,-0.03804462552012465,7.608909811815513,-8.029180735404141e-09,5e-05,5e-05,6.855996086072381
58.32,0.403179177921051,-0.03799462357201141,7.598909811815513,1.948113241068705e-09,5e-05,5e-05,6.89953471756967
58.34,0.40242028544196196,-0.037944623954451966,7.588909811815514,-3.824405585308205e-10,5e-05,5e-05,6.943016053725693
58.36,0.40166239300856343,-0.037894621669927325,7.578909811815514,2.2845246436133816e-09,5e-05,5e-05,6.9864400914843285
58.38,0.4009055007572997,-0.037844612563187316,7.568909811815514,9.106740006609775e-09,5e-05,5e-05,7.029806823027896
58.4,0.4001496084724005,-0.03779461424496055,7.558909811815514,-1.6817732347178604e-09,5e-05,5e-05,7.073116260719121
58.42,0.39939471616015126,-0.03774461561246302,7.5489098118155145,-1.3675024691064474e-09,5e-05,5e-05,7.116368404197874
58.44,0.39864082383774896,-0.03769461612011651,7.538909811815515,-5.076534862740187e-10,5e-05,5e-05,7.159563252478842
58.46,0.3978879315011161,-0.0376446168316421,7.528909811815515,-7.115255922485052e-10,5e-05,5e-05,7.202700805795646
58.480000000000004,0.3971360391469288,-0.03759461770936591,7.518909811815515,-8.777238118819219e-10,5e-05,5e-05,7.245781064338735
58.5,0.396385146774142,-0.0375446186393397,7.508909811815515,-9.299737936392239e-10,5e-05,5e-05,7.288804028167983
58.52,0.39563525432979696,-0.037494622217252735,7.4989098118155155,-3.5779130333641416e-09,5e-05,5e-05,7.331769700317703
58.54,0.39488636192663323,-0.037444620158185726,7.488909811815516,2.0590670079607472e-09,5e-05,5e-05,7.3746780743283935
58.56,0.39413846946706776,-0.03739462297827344,7.478909811815516,-2.8200877095984777e-09,5e-05,5e-05,7.417529155791154
58.58,0.3933915770065637,-0.0373446230252053,7.468909811815516,-4.693185653914318e-11,5e-05,5e-05,7.4603229415281795
58.6,0.3926456845585412,-0.03729462240112275,7.458909811815516,6.240825457789847e-10,5e-05,5e-05,7.5030594307705485
58.620000000000005,0.39190079208456,-0.037244623699059835,7.448909811815517,-1.297937083602919e-09,5e-05,5e-05,7.545738625720729
58.64,0.3911568996089937,-0.03719462377831638,7.438909811815517,-7.925654304616922e-11,5e-05,5e-05,7.588360524982218
58.660000000000004,0.39041400715705593,-0.03714462259688758,7.428909811815517,1.1814287991269501e-09,5e-05,5e-05,7.630925127110377
58.68,0.38967211461496365,-0.037094627104613156,7.418909811815517,-4.5077255708746455e-09,5e-05,5e-05,7.673432438624497
58.7,0.38893122207962444,-0.03704462676696,7.408909811815517,3.376531553482046e-10,5e-05,5e-05,7.71588245397218
58.72,0.3881913295779357,-0.03699462508443959,7.398909811815518,1.6825204111161901e-09,5e-05,5e-05,7.758275171612323
58.74,0.3874524370659097,-0.036944625601299304,7.388909811815518,-5.168597137855204e-10,5e-05,5e-05,7.800610594065231
58.76,0.38671454456079296,-0.03689462525583845,7.378909811815518,3.454608574551091e-10,5e-05,5e-05,7.8428887203427555
58.78,0.38597765202554185,-0.036844626762556835,7.368909811815518,-1.5067183868812195e-09,5e-05,5e-05,7.885109552567339
58.800000000000004,0.38524175953990264,-0.036794624281961744,7.3589098118155185,2.4805950944619182e-09,5e-05,5e-05,7.9272730861698575
58.82,0.3845068669613451,-0.036744628927875014,7.348909811815519,-4.6459132686133905e-09,5e-05,5e-05,7.9693793293166895
58.84,0.38377297443728026,-0.036694626203243576,7.338909811815519,2.724631437279639e-09,5e-05,5e-05,8.01142827356181
58.86,0.383040081884221,-0.03664462765296294,7.328909811815519,-1.449719365213232e-09,5e-05,5e-05,8.053419923688672
58.88,0.3823081892458129,-0.03659463192040688,7.318909811815519,-4.267443936933408e-09,5e-05,5e-05,8.095354282926152
58.9,0.3815772966299468,-0.03654463079330324,7.30890981181552,1.127103639508774e-09,5e-05,5e-05,8.137231345092554
58.92,0.38084740399419037,-0.03649463178782385,7.29890981181552,-9.94520610158633e-10,5e-05,5e-05,8.179051112619078
58.94,0.3801185113570527,-0.036444631856881876,7.28890981181552,-6.90580255825572e-11,5e-05,5e-05,8.220813584445226
58.96,0.37939061874107627,-0.03639463079882086,7.27890981181552,1.0580610120988636e-09,5e-05,5e-05,8.262518759279414
58.980000000000004,0.3786637261107335,-0.036344631517138515,7.26890981181552,-7.183176528965798e-10,5e-05,5e-05,8.304166639157216
59.0,0.37793783348433796,-0.036294631319776754,7.258909811815521,1.9736176081613327e-10,5e-05,5e-05,8.345757223029349
59.02,0.3772129408610015,-0.03624463116682487,7.248909811815521,1.5295188519599623e-10,5e-05,5e-05,8.387290510946695
59.04,0.3764890482354987,-0.03619463127513735,7.238909811815521,-1.0831247853444048e-10,5e-05,5e-05,8.428766503208648
59.06,0.37576615558170123,-0.03614463268987493,7.228909811815521,-1.4147375843247668e-09,5e-05,5e-05,8.470185201312255
59.08,0.3750442629543402,-0.03609463136805361,7.2189098118155215,1.3218213180187916e-09,5e-05,5e-05,8.511546602121655
59.1,0.3743233702962488,-0.036044632904569385,7.208909811815522,-1.5365157732370571e-09,5e-05,5e-05,8.552850708912258
59.120000000000005,0.37360347759604823,-0.03599463501002807,7.198909811815522,-2.1054586845367426e-09,5e-05,5e-05,8.594097522336027
59.14,0.37288458486112647,-0.03594463674608829,7.188909811815522,-1.7360602195541183e-09,5e-05,5e-05,8.635287041969661
59.160000000000004,0.3721666921722299,-0.0358946344448268,7.178909811815522,2.30126148899607e-09,5e-05,5e-05,8.676419263186732
59.18,0.3714497994957497,-0.03584463382401138,7.168909811815523,6.208154189518881e-10,5e-05,5e-05,8.717494187912886
59.2,0.3707339068437871,-0.03579463259812938,7.158909811815523,1.2258820002299723e-09,5e-05,5e-05,8.75851181545477
59.22,0.3700190141488397,-0.03574463474736877,7.148909811815523,-2.1492393867097935e-09,5e-05,5e-05,8.79947214967999
59.24,0.3693051214002457,-0.03569463742970033,7.138909811815523,-2.682331562242319e-09,5e-05,5e-05,8.84037519119942
59.26,0.3685922286223863,-0.03564463889296952,7.128909811815523,-1.4632691862683986e-09,5e-05,5e-05,8.881220938616122
59.28,0.36788033583781476,-0.03559463922857583,7.118909811815524,-3.3560630921400496e-10,5e-05,5e-05,8.922009390637886
59.300000000000004,0.3671694430504121,-0.035544639370133226,7.108909811815524,-1.41557399087278e-10,5e-05,5e-05,8.96274054704235
59.32,0.36645955033393973,-0.03549463582361962,7.098909811815524,3.5465136060078735e-09,5e-05,5e-05,9.003414403603294
59.34,0.3657506576029515,-0.0354446365494116,7.088909811815524,-7.257919780821418e-10,5e-05,5e-05,9.044030965216422
59.36,0.36504276469546604,-0.03539464537427181,7.0789098118155245,-8.824860207350105e-09,5e-05,5e-05,9.084590241162584
59.38,0.3643358718213567,-0.03534464370546742,7.068909811815525,1.6688043854927193e-09,5e-05,5e-05,9.125092219416922
59.4,0.3636299789815205,-0.035294641991810656,7.058909811815525,1.7136567694489421e-09,5e-05,5e-05,9.16553689992804
59.42,0.36292508604188406,-0.035244646981821864,7.048909811815525,-4.990011205097214e-09,5e-05,5e-05,9.205924290377778
59.44,0.36222119306344097,-0.035194648922153515,7.038909811815525,-1.940331650389644e-09,5e-05,5e-05,9.24625438727146
59.46,0.3615183000931227,-0.03514464851591482,7.0289098118155255,4.062386972651194e-10,5e-05,5e-05,9.286527187920111
59.480000000000004,0.3608164070898095,-0.03509465016565868,7.018909811815526,-1.6497438593459168e-09,5e-05,5e-05,9.32674269467972
59.5,0.3601155140973464,-0.03504464962315728,7.008909811815526,5.42501398818189e-10,5e-05,5e-05,9.36690090503815
59.52,0.35941562100129787,-0.034994654802425966,6.998909811815526,-5.1792686841808135e-09,5e-05,5e-05,9.407001825552074
59.54,0.358716728004695,-0.03494464983014336,6.988909811815526,4.9722826106041135e-09,5e-05,5e-05,9.44704544458867
59.56,0.3580188350527207,-0.034894647598715106,6.978909811815527,2.2314282543842887e-09,5e-05,5e-05,9.487031765288723
59.58,0.35732194207843193,-0.034844648714437924,6.968909811815527,-1.115722818568865e-09,5e-05,5e-05,9.52696079148779
59.6,0.35662604910205936,-0.03479464881862766,6.958909811815527,-1.0418974102336651e-10,5e-05,5e-05,9.566832522026735
59.620000000000005,0.35593115605741826,-0.0347446522320563,6.948909811815527,-3.4134286374446397e-09,5e-05,5e-05,9.606646960697665
59.64,0.3552372629779418,-0.034694653973822785,6.9389098118155275,-1.7417664865491445e-09,5e-05,5e-05,9.646404105585004
59.660000000000004,0.35454437004967004,-0.03464464641358633,6.928909811815528,7.56023645523894e-09,5e-05,5e-05,9.686103946029435
59.68,0.3538524771885161,-0.034594643057698424,6.918909811815528,3.3558879121062013e-09,5e-05,5e-05,9.725746486848788
59.7,0.3531615843492138,-0.03454464196511465,6.908909811815528,1.0925837746600957e-09,5e-05,5e-05,9.76533173063662
59.72,0.352471691432299,-0.03449464584573863,6.898909811815528,-3.880623979102394e-09,5e-05,5e-05,9.804859683091806
59.74,0.35178279840491766,-0.03444465136906788,6.8889098118155285,-5.523329251282995e-09,5e-05,5e-05,9.844330346096747
59.76,0.35109490539404126,-0.03439465054382143,6.878909811815529,8.252464473208337e-10,5e-05,5e-05,9.883743712376512
59.78,0.350408012306547,-0.0343446543747122,6.868909811815529,-3.83089076862376e-09,5e-05,5e-05,9.923099787266644
59.800000000000004,0.349722119213153,-0.03429465466969986,6.858909811815529,-2.949876584762427e-10,5e-05,5e-05,9.962398566715292
59.82,0.3490372261874768,-0.034244651283809775,6.848909811815529,3.385890086653376e-09,5e-05,5e-05,10.001640046504484
59.84,0.3483533330990876,-0.034194654419458306,6.83890981181553,-3.1356485341952875e-09,5e-05,5e-05,10.040824234107351
59.86,0.3476704400051582,-0.03414465469647304,6.82890981181553,-2.7701473677822517e-10,5e-05,5e-05,10.079951126248138
59.88,0.34698854688531733,-0.03409465599204244,6.81890981181553,-1.2955694018423714e-09,5e-05,5e-05,10.119020724094028
59.9,0.34630765374106515,-0.03404465721260822,6.80890981181553,-1.2205657812831696e-09,5e-05,5e-05,10.158033027559071
59.92,0.34562776058906025,-0.03399465760024409,6.7989098118155304,-3.8763586375212965e-10,5e-05,5e-05,10.196988035688797
59.94,0.344948867464696,-0.033944656218213236,6.788909811815531,1.382030852101142e-09,5e-05,5e-05,10.23588574645532
59.96,0.34427097423244096,-0.033894661612751044,6.778909811815531,-5.394537809203042e-09,5e-05,5e-05,10.274726167624015
59.980000000000004,0.3435940809891831,-0.03384466216289308,6.768909811815531,-5.501420352813844e-10,5e-05,5e-05,10.313509293643612
